
build-cm33-apps_cm33_mlkem_ref/firmware.elf:     file format elf32-littlearm


Disassembly of section .vectors:

00000000 <__isr_vector>:
*              - size_t outlen: requested output length in bytes
*              - const uint8_t *in: pointer to input
*              - size_t inlen: length of input in bytes
**************************************************/
void shake128(uint8_t *out, size_t outlen, const uint8_t *in, size_t inlen)
{
   0:	20010000 	.word	0x20010000
{
  DWT->CYCCNT &= ~DWT_CTRL_CYCCNTENA_Msk;
}

static inline uint32_t cpucycles(void) { 
  return DWT->CYCCNT;
   4:	00005b09 	.word	0x00005b09
   8:	00005bb9 	.word	0x00005bb9
  state->pos = SHAKE128_RATE;
   c:	00005bbb 	.word	0x00005bbb
  n_shake128++;
  10:	00005bbd 	.word	0x00005bbd
  14:	00005bbf 	.word	0x00005bbf
  uint32_t cnt1 = cpucycles();
  size_t nblocks;
  keccak_state state;

  shake128_absorb_once(&state, in, inlen);
  nblocks = outlen/SHAKE128_RATE;
  18:	00005bc1 	.word	0x00005bc1
  n_shake128++;
  1c:	00005bc3 	.word	0x00005bc3
	...
  nblocks = outlen/SHAKE128_RATE;
  2c:	00005bc5 	.word	0x00005bc5
  state->pos = SHAKE128_RATE;
  30:	00005bc7 	.word	0x00005bc7
  while(nblocks) {
  34:	00000000 	.word	0x00000000
  38:	00005bc9 	.word	0x00005bc9
  3c:	00005bcb 	.word	0x00005bcb
	...
    for(i=pos;i < r && i < pos+outlen; i++)
  b0:	00005bcd 	.word	0x00005bcd
  b4:	00005bcd 	.word	0x00005bcd
  b8:	00005bcd 	.word	0x00005bcd
  bc:	00005bcd 	.word	0x00005bcd
	...
  if (shake128_cyc != 0){
    shake128_cyc = (shake128_cyc + cnt2-cnt1) / 2;
  } else {
    shake128_cyc = cnt2-cnt1;
  }
}
 140:	00005bcd 	.word	0x00005bcd
 144:	00005bcd 	.word	0x00005bcd
	...
 168:	00005bcd 	.word	0x00005bcd
 16c:	00005bcd 	.word	0x00005bcd
 170:	00005bcd 	.word	0x00005bcd
 174:	00005bcd 	.word	0x00005bcd
 178:	00005bcd 	.word	0x00005bcd
	...
 188:	00005bcd 	.word	0x00005bcd
 18c:	00000000 	.word	0x00000000
 190:	00005bcd 	.word	0x00005bcd
 194:	00005bcd 	.word	0x00005bcd
	...
 1a0:	00005bcd 	.word	0x00005bcd
 1a4:	00005bcd 	.word	0x00005bcd
 1a8:	00005bcd 	.word	0x00005bcd
	...
 240:	00005bcd 	.word	0x00005bcd
	...
 254:	00005bcd 	.word	0x00005bcd
 258:	00000000 	.word	0x00000000
 25c:	00005bcd 	.word	0x00005bcd
	...
 268:	00005bcd 	.word	0x00005bcd
 26c:	00005bcd 	.word	0x00005bcd
	...
 340:	00005bcd 	.word	0x00005bcd
	...
 358:	00005bcd 	.word	0x00005bcd
 35c:	00005bcd 	.word	0x00005bcd
 360:	00005bcd 	.word	0x00005bcd
 364:	00005bcd 	.word	0x00005bcd
 368:	00005bcd 	.word	0x00005bcd
 36c:	00005bcd 	.word	0x00005bcd
 370:	00005bcd 	.word	0x00005bcd
 374:	00005bcd 	.word	0x00005bcd
 378:	00005bcd 	.word	0x00005bcd
 37c:	00000000 	.word	0x00000000
 380:	00005bcd 	.word	0x00005bcd
 384:	00005bcd 	.word	0x00005bcd
 388:	00005bcd 	.word	0x00005bcd
 38c:	00005bcd 	.word	0x00005bcd
 390:	00005bcd 	.word	0x00005bcd
 394:	00005bcd 	.word	0x00005bcd
 398:	00005bcd 	.word	0x00005bcd
 39c:	00005bcd 	.word	0x00005bcd
	...
 3a8:	00005bcd 	.word	0x00005bcd
 3ac:	00005bcd 	.word	0x00005bcd
	...
 3c0:	00005bcd 	.word	0x00005bcd
 3c4:	00005bcd 	.word	0x00005bcd
 3c8:	00005bcd 	.word	0x00005bcd
 3cc:	00005bcd 	.word	0x00005bcd
 3d0:	00005bcd 	.word	0x00005bcd
 3d4:	00005bcd 	.word	0x00005bcd
	...
 3e0:	00005bcd 	.word	0x00005bcd
	...
 3f4:	00005bcd 	.word	0x00005bcd
 3f8:	00005bcd 	.word	0x00005bcd
 3fc:	00005bcd 	.word	0x00005bcd
	...
 440:	00005bcd 	.word	0x00005bcd
	...
 450:	00005bcd 	.word	0x00005bcd
 454:	00000000 	.word	0x00000000
 458:	00005bcd 	.word	0x00005bcd
 45c:	00000000 	.word	0x00000000
 460:	00005bcd 	.word	0x00005bcd
 464:	00005bcd 	.word	0x00005bcd
	...
 470:	00005bcd 	.word	0x00005bcd
 474:	00005bcd 	.word	0x00005bcd
 478:	00005bcd 	.word	0x00005bcd
	...
 4c4:	00005bcd 	.word	0x00005bcd

Disassembly of section .text:

00000db4 <deregister_tm_clones>:
     db4:	4803      	ldr	r0, [pc, #12]	@ (dc4 <deregister_tm_clones+0x10>)
     db6:	4b04      	ldr	r3, [pc, #16]	@ (dc8 <deregister_tm_clones+0x14>)
     db8:	4283      	cmp	r3, r0
     dba:	d002      	beq.n	dc2 <deregister_tm_clones+0xe>
     dbc:	4b03      	ldr	r3, [pc, #12]	@ (dcc <deregister_tm_clones+0x18>)
     dbe:	b103      	cbz	r3, dc2 <deregister_tm_clones+0xe>
     dc0:	4718      	bx	r3
     dc2:	4770      	bx	lr
     dc4:	20000058 	.word	0x20000058
     dc8:	20000058 	.word	0x20000058
     dcc:	00000000 	.word	0x00000000

00000dd0 <register_tm_clones>:
     dd0:	4b06      	ldr	r3, [pc, #24]	@ (dec <register_tm_clones+0x1c>)
     dd2:	4907      	ldr	r1, [pc, #28]	@ (df0 <register_tm_clones+0x20>)
     dd4:	1ac9      	subs	r1, r1, r3
     dd6:	1089      	asrs	r1, r1, #2
     dd8:	bf48      	it	mi
     dda:	3101      	addmi	r1, #1
     ddc:	1049      	asrs	r1, r1, #1
     dde:	d003      	beq.n	de8 <register_tm_clones+0x18>
     de0:	4b04      	ldr	r3, [pc, #16]	@ (df4 <register_tm_clones+0x24>)
     de2:	b10b      	cbz	r3, de8 <register_tm_clones+0x18>
     de4:	4801      	ldr	r0, [pc, #4]	@ (dec <register_tm_clones+0x1c>)
     de6:	4718      	bx	r3
     de8:	4770      	bx	lr
     dea:	bf00      	nop
     dec:	20000058 	.word	0x20000058
     df0:	20000058 	.word	0x20000058
     df4:	00000000 	.word	0x00000000

00000df8 <__do_global_dtors_aux>:
     df8:	b510      	push	{r4, lr}
     dfa:	4c06      	ldr	r4, [pc, #24]	@ (e14 <__do_global_dtors_aux+0x1c>)
     dfc:	7823      	ldrb	r3, [r4, #0]
     dfe:	b943      	cbnz	r3, e12 <__do_global_dtors_aux+0x1a>
     e00:	f7ff ffd8 	bl	db4 <deregister_tm_clones>
     e04:	4b04      	ldr	r3, [pc, #16]	@ (e18 <__do_global_dtors_aux+0x20>)
     e06:	b113      	cbz	r3, e0e <__do_global_dtors_aux+0x16>
     e08:	4804      	ldr	r0, [pc, #16]	@ (e1c <__do_global_dtors_aux+0x24>)
     e0a:	f3af 8000 	nop.w
     e0e:	2301      	movs	r3, #1
     e10:	7023      	strb	r3, [r4, #0]
     e12:	bd10      	pop	{r4, pc}
     e14:	20000058 	.word	0x20000058
     e18:	00000000 	.word	0x00000000
     e1c:	00006abc 	.word	0x00006abc

00000e20 <frame_dummy>:
     e20:	b508      	push	{r3, lr}
     e22:	4b04      	ldr	r3, [pc, #16]	@ (e34 <frame_dummy+0x14>)
     e24:	b11b      	cbz	r3, e2e <frame_dummy+0xe>
     e26:	4904      	ldr	r1, [pc, #16]	@ (e38 <frame_dummy+0x18>)
     e28:	4804      	ldr	r0, [pc, #16]	@ (e3c <frame_dummy+0x1c>)
     e2a:	f3af 8000 	nop.w
     e2e:	e8bd 4008 	ldmia.w	sp!, {r3, lr}
     e32:	e7cd      	b.n	dd0 <register_tm_clones>
     e34:	00000000 	.word	0x00000000
     e38:	2000005c 	.word	0x2000005c
     e3c:	00006abc 	.word	0x00006abc

00000e40 <_stack_init>:
     e40:	f5a3 3a80 	sub.w	sl, r3, #65536	@ 0x10000
     e44:	4770      	bx	lr
     e46:	bf00      	nop

00000e48 <_mainCRTStartup>:
     e48:	4b15      	ldr	r3, [pc, #84]	@ (ea0 <_mainCRTStartup+0x58>)
     e4a:	2b00      	cmp	r3, #0
     e4c:	bf08      	it	eq
     e4e:	4b11      	ldreq	r3, [pc, #68]	@ (e94 <_mainCRTStartup+0x4c>)
     e50:	469d      	mov	sp, r3
     e52:	f7ff fff5 	bl	e40 <_stack_init>
     e56:	2100      	movs	r1, #0
     e58:	468b      	mov	fp, r1
     e5a:	460f      	mov	r7, r1
     e5c:	4811      	ldr	r0, [pc, #68]	@ (ea4 <_mainCRTStartup+0x5c>)
     e5e:	4a12      	ldr	r2, [pc, #72]	@ (ea8 <_mainCRTStartup+0x60>)
     e60:	1a12      	subs	r2, r2, r0
     e62:	f005 fc71 	bl	6748 <memset>
     e66:	4b0c      	ldr	r3, [pc, #48]	@ (e98 <_mainCRTStartup+0x50>)
     e68:	2b00      	cmp	r3, #0
     e6a:	d000      	beq.n	e6e <_mainCRTStartup+0x26>
     e6c:	4798      	blx	r3
     e6e:	4b0b      	ldr	r3, [pc, #44]	@ (e9c <_mainCRTStartup+0x54>)
     e70:	2b00      	cmp	r3, #0
     e72:	d000      	beq.n	e76 <_mainCRTStartup+0x2e>
     e74:	4798      	blx	r3
     e76:	2000      	movs	r0, #0
     e78:	2100      	movs	r1, #0
     e7a:	0004      	movs	r4, r0
     e7c:	000d      	movs	r5, r1
     e7e:	480b      	ldr	r0, [pc, #44]	@ (eac <_mainCRTStartup+0x64>)
     e80:	f005 fd3c 	bl	68fc <atexit>
     e84:	f005 fc38 	bl	66f8 <__libc_init_array>
     e88:	0020      	movs	r0, r4
     e8a:	0029      	movs	r1, r5
     e8c:	f004 f852 	bl	4f34 <main>
     e90:	f005 fd22 	bl	68d8 <exit>
     e94:	00080000 	.word	0x00080000
	...
     ea0:	20010000 	.word	0x20010000
     ea4:	20000058 	.word	0x20000058
     ea8:	20000360 	.word	0x20000360
     eac:	00006909 	.word	0x00006909

00000eb0 <pqcrystals_kyber512_ref_poly_cbd_eta1>:
}
#endif

void poly_cbd_eta1(poly *r, const uint8_t buf[KYBER_ETA1*KYBER_N/4])
{
  n_poly_cbd_eta1++;
     eb0:	4a26      	ldr	r2, [pc, #152]	@ (f4c <pqcrystals_kyber512_ref_poly_cbd_eta1+0x9c>)
{
     eb2:	e92d 43f0 	stmdb	sp!, {r4, r5, r6, r7, r8, r9, lr}
  n_poly_cbd_eta1++;
     eb6:	6813      	ldr	r3, [r2, #0]
     eb8:	4c25      	ldr	r4, [pc, #148]	@ (f50 <pqcrystals_kyber512_ref_poly_cbd_eta1+0xa0>)
     eba:	3301      	adds	r3, #1
    d  = t & 0x00249249;
     ebc:	f8df e098 	ldr.w	lr, [pc, #152]	@ f58 <pqcrystals_kyber512_ref_poly_cbd_eta1+0xa8>
     ec0:	6865      	ldr	r5, [r4, #4]
  n_poly_cbd_eta1++;
     ec2:	6013      	str	r3, [r2, #0]
  for(i=0;i<KYBER_N/4;i++) {
     ec4:	f101 04c0 	add.w	r4, r1, #192	@ 0xc0
      r->coeffs[4*i+j] = a - b;
     ec8:	f04f 0c00 	mov.w	ip, #0
  r |= (uint32_t)x[2] << 16;
     ecc:	788a      	ldrb	r2, [r1, #2]
  r |= (uint32_t)x[1] << 8;
     ece:	784e      	ldrb	r6, [r1, #1]
  r  = (uint32_t)x[0];
     ed0:	780b      	ldrb	r3, [r1, #0]
  r |= (uint32_t)x[2] << 16;
     ed2:	0412      	lsls	r2, r2, #16
     ed4:	ea42 2206 	orr.w	r2, r2, r6, lsl #8
     ed8:	431a      	orrs	r2, r3
    d += (t>>2) & 0x00249249;
     eda:	ea0e 0692 	and.w	r6, lr, r2, lsr #2
    d += (t>>1) & 0x00249249;
     ede:	ea0e 0352 	and.w	r3, lr, r2, lsr #1
    d += (t>>2) & 0x00249249;
     ee2:	4433      	add	r3, r6
    d  = t & 0x00249249;
     ee4:	ea02 020e 	and.w	r2, r2, lr
    d += (t>>2) & 0x00249249;
     ee8:	4413      	add	r3, r2
      b = (d >> (6*j+3)) & 0x7;
     eea:	f3c3 32c2 	ubfx	r2, r3, #15, #3
      a = (d >> (6*j+0)) & 0x7;
     eee:	f3c3 3702 	ubfx	r7, r3, #12, #3
      b = (d >> (6*j+3)) & 0x7;
     ef2:	f3c3 06c2 	ubfx	r6, r3, #3, #3
      a = (d >> (6*j+0)) & 0x7;
     ef6:	f003 0807 	and.w	r8, r3, #7
      r->coeffs[4*i+j] = a - b;
     efa:	1abf      	subs	r7, r7, r2
      a = (d >> (6*j+0)) & 0x7;
     efc:	f3c3 4282 	ubfx	r2, r3, #18, #3
      r->coeffs[4*i+j] = a - b;
     f00:	eba8 0806 	sub.w	r8, r8, r6
      b = (d >> (6*j+3)) & 0x7;
     f04:	f3c3 2942 	ubfx	r9, r3, #9, #3
      a = (d >> (6*j+0)) & 0x7;
     f08:	f3c3 1682 	ubfx	r6, r3, #6, #3
      r->coeffs[4*i+j] = a - b;
     f0c:	eba2 5253 	sub.w	r2, r2, r3, lsr #21
     f10:	4663      	mov	r3, ip
     f12:	eba6 0609 	sub.w	r6, r6, r9
  for(i=0;i<KYBER_N/4;i++) {
     f16:	3103      	adds	r1, #3
      r->coeffs[4*i+j] = a - b;
     f18:	f368 0c0f 	bfi	ip, r8, #0, #16
     f1c:	f367 030f 	bfi	r3, r7, #0, #16
  for(i=0;i<KYBER_N/4;i++) {
     f20:	3008      	adds	r0, #8
      r->coeffs[4*i+j] = a - b;
     f22:	f366 4c1f 	bfi	ip, r6, #16, #16
     f26:	f362 431f 	bfi	r3, r2, #16, #16
  for(i=0;i<KYBER_N/4;i++) {
     f2a:	428c      	cmp	r4, r1
      r->coeffs[4*i+j] = a - b;
     f2c:	f840 cc08 	str.w	ip, [r0, #-8]
     f30:	f840 3c04 	str.w	r3, [r0, #-4]
  for(i=0;i<KYBER_N/4;i++) {
     f34:	d1c8      	bne.n	ec8 <pqcrystals_kyber512_ref_poly_cbd_eta1+0x18>
#else
#error "This implementation requires eta1 in {2,3}"
#endif
  uint32_t cnt2 = cpucycles();
  if(poly_cbd_eta1 != 0){
    poly_cbd_eta1_cyc = (poly_cbd_eta1_cyc + cnt2-cnt1) / 2;
     f36:	4a07      	ldr	r2, [pc, #28]	@ (f54 <pqcrystals_kyber512_ref_poly_cbd_eta1+0xa4>)
     f38:	4905      	ldr	r1, [pc, #20]	@ (f50 <pqcrystals_kyber512_ref_poly_cbd_eta1+0xa0>)
     f3a:	6813      	ldr	r3, [r2, #0]
     f3c:	6849      	ldr	r1, [r1, #4]
     f3e:	1b5b      	subs	r3, r3, r5
     f40:	440b      	add	r3, r1
     f42:	085b      	lsrs	r3, r3, #1
     f44:	6013      	str	r3, [r2, #0]
  } else {
    poly_cbd_eta1_cyc = cnt2-cnt1;
  }
}
     f46:	e8bd 83f0 	ldmia.w	sp!, {r4, r5, r6, r7, r8, r9, pc}
     f4a:	bf00      	nop
     f4c:	20000144 	.word	0x20000144
     f50:	e0001000 	.word	0xe0001000
     f54:	20000140 	.word	0x20000140
     f58:	00249249 	.word	0x00249249

00000f5c <pqcrystals_kyber512_ref_poly_cbd_eta2>:

void poly_cbd_eta2(poly *r, const uint8_t buf[KYBER_ETA2*KYBER_N/4])
{
     f5c:	e92d 47f0 	stmdb	sp!, {r4, r5, r6, r7, r8, r9, sl, lr}
     f60:	460d      	mov	r5, r1
  n_poly_cbd_eta1++;
     f62:	4a33      	ldr	r2, [pc, #204]	@ (1030 <pqcrystals_kyber512_ref_poly_cbd_eta2+0xd4>)
     f64:	4c33      	ldr	r4, [pc, #204]	@ (1034 <pqcrystals_kyber512_ref_poly_cbd_eta2+0xd8>)
     f66:	6813      	ldr	r3, [r2, #0]
     f68:	6867      	ldr	r7, [r4, #4]
     f6a:	3301      	adds	r3, #1
     f6c:	6013      	str	r3, [r2, #0]
  for(i=0;i<KYBER_N/8;i++) {
     f6e:	f500 7600 	add.w	r6, r0, #512	@ 0x200
      r->coeffs[8*i+j] = a - b;
     f72:	2200      	movs	r2, #0
  r |= (uint32_t)x[3] << 24;
     f74:	f855 cb04 	ldr.w	ip, [r5], #4
  for(i=0;i<KYBER_N/8;i++) {
     f78:	3010      	adds	r0, #16
    d += (t>>1) & 0x55555555;
     f7a:	ea4f 035c 	mov.w	r3, ip, lsr #1
     f7e:	f003 3355 	and.w	r3, r3, #1431655765	@ 0x55555555
    d  = t & 0x55555555;
     f82:	f00c 3c55 	and.w	ip, ip, #1431655765	@ 0x55555555
    d += (t>>1) & 0x55555555;
     f86:	4463      	add	r3, ip
      b = (d >> (4*j+2)) & 0x3;
     f88:	f3c3 0481 	ubfx	r4, r3, #2, #2
      a = (d >> (4*j+0)) & 0x3;
     f8c:	f003 0903 	and.w	r9, r3, #3
      b = (d >> (4*j+2)) & 0x3;
     f90:	f3c3 2181 	ubfx	r1, r3, #10, #2
      a = (d >> (4*j+0)) & 0x3;
     f94:	f3c3 2e01 	ubfx	lr, r3, #8, #2
      r->coeffs[8*i+j] = a - b;
     f98:	eba9 0904 	sub.w	r9, r9, r4
      a = (d >> (4*j+0)) & 0x3;
     f9c:	f3c3 1801 	ubfx	r8, r3, #4, #2
      b = (d >> (4*j+2)) & 0x3;
     fa0:	f3c3 1481 	ubfx	r4, r3, #6, #2
     fa4:	f3c3 4a81 	ubfx	sl, r3, #18, #2
      r->coeffs[8*i+j] = a - b;
     fa8:	ebae 0e01 	sub.w	lr, lr, r1
      a = (d >> (4*j+0)) & 0x3;
     fac:	f3c3 3c01 	ubfx	ip, r3, #12, #2
      b = (d >> (4*j+2)) & 0x3;
     fb0:	f3c3 3181 	ubfx	r1, r3, #14, #2
      r->coeffs[8*i+j] = a - b;
     fb4:	eba8 0804 	sub.w	r8, r8, r4
      a = (d >> (4*j+0)) & 0x3;
     fb8:	f3c3 4401 	ubfx	r4, r3, #16, #2
      r->coeffs[8*i+j] = a - b;
     fbc:	eba4 040a 	sub.w	r4, r4, sl
     fc0:	ebac 0c01 	sub.w	ip, ip, r1
      b = (d >> (4*j+2)) & 0x3;
     fc4:	f3c3 5a81 	ubfx	sl, r3, #22, #2
      a = (d >> (4*j+0)) & 0x3;
     fc8:	f3c3 5101 	ubfx	r1, r3, #20, #2
      r->coeffs[8*i+j] = a - b;
     fcc:	eba1 010a 	sub.w	r1, r1, sl
     fd0:	f820 1c06 	strh.w	r1, [r0, #-6]
      a = (d >> (4*j+0)) & 0x3;
     fd4:	f3c3 7101 	ubfx	r1, r3, #28, #2
      b = (d >> (4*j+2)) & 0x3;
     fd8:	f3c3 6a81 	ubfx	sl, r3, #26, #2
      r->coeffs[8*i+j] = a - b;
     fdc:	eba1 7193 	sub.w	r1, r1, r3, lsr #30
     fe0:	f820 4c08 	strh.w	r4, [r0, #-8]
      a = (d >> (4*j+0)) & 0x3;
     fe4:	f3c3 6401 	ubfx	r4, r3, #24, #2
      r->coeffs[8*i+j] = a - b;
     fe8:	4613      	mov	r3, r2
     fea:	f369 020f 	bfi	r2, r9, #0, #16
     fee:	f36e 030f 	bfi	r3, lr, #0, #16
     ff2:	eba4 040a 	sub.w	r4, r4, sl
     ff6:	f368 421f 	bfi	r2, r8, #16, #16
     ffa:	f36c 431f 	bfi	r3, ip, #16, #16
  for(i=0;i<KYBER_N/8;i++) {
     ffe:	42b0      	cmp	r0, r6
      r->coeffs[8*i+j] = a - b;
    1000:	f840 2c10 	str.w	r2, [r0, #-16]
    1004:	f820 4c04 	strh.w	r4, [r0, #-4]
    1008:	f820 1c02 	strh.w	r1, [r0, #-2]
    100c:	f840 3c0c 	str.w	r3, [r0, #-12]
  for(i=0;i<KYBER_N/8;i++) {
    1010:	d1af      	bne.n	f72 <pqcrystals_kyber512_ref_poly_cbd_eta2+0x16>
  cbd2(r, buf);
#else
#error "This implementation requires eta2 = 2"
#endif
  uint32_t cnt2 = cpucycles();
  if(poly_cbd_eta2_cyc != 0){
    1012:	4909      	ldr	r1, [pc, #36]	@ (1038 <pqcrystals_kyber512_ref_poly_cbd_eta2+0xdc>)
    1014:	4a07      	ldr	r2, [pc, #28]	@ (1034 <pqcrystals_kyber512_ref_poly_cbd_eta2+0xd8>)
    1016:	680b      	ldr	r3, [r1, #0]
    1018:	6852      	ldr	r2, [r2, #4]
    101a:	b12b      	cbz	r3, 1028 <pqcrystals_kyber512_ref_poly_cbd_eta2+0xcc>
    poly_cbd_eta2_cyc = (poly_cbd_eta2_cyc + cnt2-cnt1) /2;
    101c:	1bdb      	subs	r3, r3, r7
    101e:	4413      	add	r3, r2
    1020:	085b      	lsrs	r3, r3, #1
    1022:	600b      	str	r3, [r1, #0]
  } else {
    poly_cbd_eta2_cyc = cnt2-cnt1;
  }
}
    1024:	e8bd 87f0 	ldmia.w	sp!, {r4, r5, r6, r7, r8, r9, sl, pc}
    poly_cbd_eta2_cyc = cnt2-cnt1;
    1028:	1bd3      	subs	r3, r2, r7
    102a:	600b      	str	r3, [r1, #0]
}
    102c:	e8bd 87f0 	ldmia.w	sp!, {r4, r5, r6, r7, r8, r9, sl, pc}
    1030:	20000144 	.word	0x20000144
    1034:	e0001000 	.word	0xe0001000
    1038:	20000148 	.word	0x20000148

0000103c <KeccakF1600_StatePermute>:
        n_statepermute++; 
    103c:	4a3d      	ldr	r2, [pc, #244]	@ (1134 <KeccakF1600_StatePermute+0xf8>)
{
    103e:	e92d 4ff0 	stmdb	sp!, {r4, r5, r6, r7, r8, r9, sl, fp, lr}
        n_statepermute++; 
    1042:	6813      	ldr	r3, [r2, #0]
    1044:	493c      	ldr	r1, [pc, #240]	@ (1138 <KeccakF1600_StatePermute+0xfc>)
    1046:	3301      	adds	r3, #1
    1048:	6013      	str	r3, [r2, #0]
    104a:	4b3c      	ldr	r3, [pc, #240]	@ (113c <KeccakF1600_StatePermute+0x100>)
{
    104c:	b0c1      	sub	sp, #260	@ 0x104
    104e:	684a      	ldr	r2, [r1, #4]
        Aba = state[ 0];
    1050:	9301      	str	r3, [sp, #4]
    1052:	6803      	ldr	r3, [r0, #0]
    1054:	9307      	str	r3, [sp, #28]
    1056:	6843      	ldr	r3, [r0, #4]
    1058:	9308      	str	r3, [sp, #32]
        Abe = state[ 1];
    105a:	6883      	ldr	r3, [r0, #8]
    105c:	9309      	str	r3, [sp, #36]	@ 0x24
    105e:	68c3      	ldr	r3, [r0, #12]
    1060:	930a      	str	r3, [sp, #40]	@ 0x28
        Abi = state[ 2];
    1062:	6903      	ldr	r3, [r0, #16]
    1064:	930b      	str	r3, [sp, #44]	@ 0x2c
    1066:	6943      	ldr	r3, [r0, #20]
    1068:	9303      	str	r3, [sp, #12]
        Abo = state[ 3];
    106a:	6983      	ldr	r3, [r0, #24]
    106c:	930c      	str	r3, [sp, #48]	@ 0x30
    106e:	69c3      	ldr	r3, [r0, #28]
    1070:	930d      	str	r3, [sp, #52]	@ 0x34
        Abu = state[ 4];
    1072:	6a03      	ldr	r3, [r0, #32]
    1074:	930e      	str	r3, [sp, #56]	@ 0x38
    1076:	6a43      	ldr	r3, [r0, #36]	@ 0x24
    1078:	9304      	str	r3, [sp, #16]
        Aga = state[ 5];
    107a:	6a83      	ldr	r3, [r0, #40]	@ 0x28
    107c:	930f      	str	r3, [sp, #60]	@ 0x3c
    107e:	6ac3      	ldr	r3, [r0, #44]	@ 0x2c
    1080:	9310      	str	r3, [sp, #64]	@ 0x40
        Age = state[ 6];
    1082:	6b03      	ldr	r3, [r0, #48]	@ 0x30
    1084:	9311      	str	r3, [sp, #68]	@ 0x44
        Agi = state[ 7];
    1086:	e9d0 310d 	ldrd	r3, r1, [r0, #52]	@ 0x34
    108a:	9105      	str	r1, [sp, #20]
    108c:	6bc1      	ldr	r1, [r0, #60]	@ 0x3c
        Asu = state[24];
    108e:	469b      	mov	fp, r3
        Agi = state[ 7];
    1090:	9112      	str	r1, [sp, #72]	@ 0x48
        Ago = state[ 8];
    1092:	6c01      	ldr	r1, [r0, #64]	@ 0x40
    1094:	9113      	str	r1, [sp, #76]	@ 0x4c
    1096:	6c41      	ldr	r1, [r0, #68]	@ 0x44
    1098:	9114      	str	r1, [sp, #80]	@ 0x50
        Agu = state[ 9];
    109a:	6c81      	ldr	r1, [r0, #72]	@ 0x48
    109c:	9115      	str	r1, [sp, #84]	@ 0x54
    109e:	6cc1      	ldr	r1, [r0, #76]	@ 0x4c
    10a0:	9116      	str	r1, [sp, #88]	@ 0x58
        Aka = state[10];
    10a2:	6d01      	ldr	r1, [r0, #80]	@ 0x50
    10a4:	9117      	str	r1, [sp, #92]	@ 0x5c
    10a6:	6d41      	ldr	r1, [r0, #84]	@ 0x54
    10a8:	9118      	str	r1, [sp, #96]	@ 0x60
        Ake = state[11];
    10aa:	6d81      	ldr	r1, [r0, #88]	@ 0x58
    10ac:	9119      	str	r1, [sp, #100]	@ 0x64
    10ae:	6dc1      	ldr	r1, [r0, #92]	@ 0x5c
    10b0:	9106      	str	r1, [sp, #24]
        Aki = state[12];
    10b2:	6e01      	ldr	r1, [r0, #96]	@ 0x60
    10b4:	911a      	str	r1, [sp, #104]	@ 0x68
    10b6:	6e41      	ldr	r1, [r0, #100]	@ 0x64
    10b8:	911b      	str	r1, [sp, #108]	@ 0x6c
        Ako = state[13];
    10ba:	6e81      	ldr	r1, [r0, #104]	@ 0x68
    10bc:	911c      	str	r1, [sp, #112]	@ 0x70
    10be:	6ec1      	ldr	r1, [r0, #108]	@ 0x6c
    10c0:	911d      	str	r1, [sp, #116]	@ 0x74
        Aku = state[14];
    10c2:	6f01      	ldr	r1, [r0, #112]	@ 0x70
    10c4:	911e      	str	r1, [sp, #120]	@ 0x78
    10c6:	6f41      	ldr	r1, [r0, #116]	@ 0x74
    10c8:	911f      	str	r1, [sp, #124]	@ 0x7c
        Ama = state[15];
    10ca:	6f81      	ldr	r1, [r0, #120]	@ 0x78
        Asa = state[20];
    10cc:	e9d0 9728 	ldrd	r9, r7, [r0, #160]	@ 0xa0
        Ama = state[15];
    10d0:	9120      	str	r1, [sp, #128]	@ 0x80
        Ame = state[16];
    10d2:	e9d0 a11f 	ldrd	sl, r1, [r0, #124]	@ 0x7c
    10d6:	9121      	str	r1, [sp, #132]	@ 0x84
    10d8:	f8d0 1084 	ldr.w	r1, [r0, #132]	@ 0x84
    10dc:	9122      	str	r1, [sp, #136]	@ 0x88
        Ami = state[17];
    10de:	f8d0 1088 	ldr.w	r1, [r0, #136]	@ 0x88
    10e2:	9123      	str	r1, [sp, #140]	@ 0x8c
    10e4:	f8d0 108c 	ldr.w	r1, [r0, #140]	@ 0x8c
    10e8:	9124      	str	r1, [sp, #144]	@ 0x90
        Amo = state[18];
    10ea:	f8d0 1090 	ldr.w	r1, [r0, #144]	@ 0x90
    10ee:	9125      	str	r1, [sp, #148]	@ 0x94
    10f0:	f8d0 1094 	ldr.w	r1, [r0, #148]	@ 0x94
    10f4:	9126      	str	r1, [sp, #152]	@ 0x98
        Amu = state[19];
    10f6:	f8d0 1098 	ldr.w	r1, [r0, #152]	@ 0x98
    10fa:	9127      	str	r1, [sp, #156]	@ 0x9c
    10fc:	f8d0 109c 	ldr.w	r1, [r0, #156]	@ 0x9c
    1100:	9128      	str	r1, [sp, #160]	@ 0xa0
        Ase = state[21];
    1102:	f8d0 10a8 	ldr.w	r1, [r0, #168]	@ 0xa8
    1106:	9129      	str	r1, [sp, #164]	@ 0xa4
    1108:	f8d0 10ac 	ldr.w	r1, [r0, #172]	@ 0xac
    110c:	912a      	str	r1, [sp, #168]	@ 0xa8
        Asi = state[22];
    110e:	e9d0 142c 	ldrd	r1, r4, [r0, #176]	@ 0xb0
        Asu = state[24];
    1112:	4688      	mov	r8, r1
        Asi = state[22];
    1114:	942b      	str	r4, [sp, #172]	@ 0xac
        Aso = state[23];
    1116:	f8d0 40b8 	ldr.w	r4, [r0, #184]	@ 0xb8
    111a:	942c      	str	r4, [sp, #176]	@ 0xb0
    111c:	f8d0 40bc 	ldr.w	r4, [r0, #188]	@ 0xbc
    1120:	942d      	str	r4, [sp, #180]	@ 0xb4
        Asu = state[24];
    1122:	f8d0 40c0 	ldr.w	r4, [r0, #192]	@ 0xc0
    1126:	e9cd 203e 	strd	r2, r0, [sp, #248]	@ 0xf8
    112a:	942e      	str	r4, [sp, #184]	@ 0xb8
    112c:	f8d0 40c4 	ldr.w	r4, [r0, #196]	@ 0xc4
    1130:	942f      	str	r4, [sp, #188]	@ 0xbc
    1132:	e005      	b.n	1140 <KeccakF1600_StatePermute+0x104>
    1134:	2000018c 	.word	0x2000018c
    1138:	e0001000 	.word	0xe0001000
    113c:	000004c8 	.word	0x000004c8
            BCa = Aba^Aga^Aka^Ama^Asa;
    1140:	9a0f      	ldr	r2, [sp, #60]	@ 0x3c
    1142:	9b07      	ldr	r3, [sp, #28]
    1144:	9817      	ldr	r0, [sp, #92]	@ 0x5c
    1146:	9c20      	ldr	r4, [sp, #128]	@ 0x80
    1148:	4053      	eors	r3, r2
    114a:	4043      	eors	r3, r0
    114c:	9d08      	ldr	r5, [sp, #32]
    114e:	9e10      	ldr	r6, [sp, #64]	@ 0x40
    1150:	4063      	eors	r3, r4
    1152:	9a18      	ldr	r2, [sp, #96]	@ 0x60
    1154:	ea83 0309 	eor.w	r3, r3, r9
    1158:	9330      	str	r3, [sp, #192]	@ 0xc0
    115a:	ea85 0306 	eor.w	r3, r5, r6
    115e:	4053      	eors	r3, r2
            BCe = Abe^Age^Ake^Ame^Ase;
    1160:	9809      	ldr	r0, [sp, #36]	@ 0x24
    1162:	9c11      	ldr	r4, [sp, #68]	@ 0x44
            BCa = Aba^Aga^Aka^Ama^Asa;
    1164:	ea83 030a 	eor.w	r3, r3, sl
    1168:	ea83 0607 	eor.w	r6, r3, r7
            BCe = Abe^Age^Ake^Ame^Ase;
    116c:	9d19      	ldr	r5, [sp, #100]	@ 0x64
    116e:	9a21      	ldr	r2, [sp, #132]	@ 0x84
            BCa = Aba^Aga^Aka^Ama^Asa;
    1170:	9631      	str	r6, [sp, #196]	@ 0xc4
            BCe = Abe^Age^Ake^Ame^Ase;
    1172:	ea80 0604 	eor.w	r6, r0, r4
    1176:	9c0a      	ldr	r4, [sp, #40]	@ 0x28
    1178:	9829      	ldr	r0, [sp, #164]	@ 0xa4
    117a:	406e      	eors	r6, r5
    117c:	9d06      	ldr	r5, [sp, #24]
    117e:	9b22      	ldr	r3, [sp, #136]	@ 0x88
    1180:	ea84 0c0b 	eor.w	ip, r4, fp
    1184:	4056      	eors	r6, r2
    1186:	4046      	eors	r6, r0
    1188:	9a2a      	ldr	r2, [sp, #168]	@ 0xa8
            BCi = Abi^Agi^Aki^Ami^Asi;
    118a:	980b      	ldr	r0, [sp, #44]	@ 0x2c
    118c:	9c05      	ldr	r4, [sp, #20]
            BCe = Abe^Age^Ake^Ame^Ase;
    118e:	ea8c 0c05 	eor.w	ip, ip, r5
    1192:	ea8c 0c03 	eor.w	ip, ip, r3
            BCi = Abi^Agi^Aki^Ami^Asi;
    1196:	9d1a      	ldr	r5, [sp, #104]	@ 0x68
            BCe = Abe^Age^Ake^Ame^Ase;
    1198:	ea8c 0c02 	eor.w	ip, ip, r2
            BCi = Abi^Agi^Aki^Ami^Asi;
    119c:	9b23      	ldr	r3, [sp, #140]	@ 0x8c
    119e:	9a03      	ldr	r2, [sp, #12]
    11a0:	ea80 0104 	eor.w	r1, r0, r4
    11a4:	9812      	ldr	r0, [sp, #72]	@ 0x48
    11a6:	4069      	eors	r1, r5
    11a8:	9d1b      	ldr	r5, [sp, #108]	@ 0x6c
    11aa:	ea82 0400 	eor.w	r4, r2, r0
    11ae:	4059      	eors	r1, r3
    11b0:	9b24      	ldr	r3, [sp, #144]	@ 0x90
    11b2:	9a2b      	ldr	r2, [sp, #172]	@ 0xac
            BCo = Abo^Ago^Ako^Amo^Aso;
    11b4:	980c      	ldr	r0, [sp, #48]	@ 0x30
            BCi = Abi^Agi^Aki^Ami^Asi;
    11b6:	406c      	eors	r4, r5
            BCo = Abo^Ago^Ako^Amo^Aso;
    11b8:	9d13      	ldr	r5, [sp, #76]	@ 0x4c
            BCi = Abi^Agi^Aki^Ami^Asi;
    11ba:	405c      	eors	r4, r3
            BCo = Abo^Ago^Ako^Amo^Aso;
    11bc:	9b1c      	ldr	r3, [sp, #112]	@ 0x70
            BCi = Abi^Agi^Aki^Ami^Asi;
    11be:	4054      	eors	r4, r2
    11c0:	ea81 0108 	eor.w	r1, r1, r8
            BCo = Abo^Ago^Ako^Amo^Aso;
    11c4:	ea80 0205 	eor.w	r2, r0, r5
    11c8:	9825      	ldr	r0, [sp, #148]	@ 0x94
            BCi = Abi^Agi^Aki^Ami^Asi;
    11ca:	9102      	str	r1, [sp, #8]
            BCo = Abo^Ago^Ako^Amo^Aso;
    11cc:	405a      	eors	r2, r3
    11ce:	9d2c      	ldr	r5, [sp, #176]	@ 0xb0
    11d0:	4042      	eors	r2, r0
    11d2:	406a      	eors	r2, r5
    11d4:	9b0d      	ldr	r3, [sp, #52]	@ 0x34
    11d6:	9d14      	ldr	r5, [sp, #80]	@ 0x50
    11d8:	9826      	ldr	r0, [sp, #152]	@ 0x98
    11da:	405d      	eors	r5, r3
    11dc:	9b1d      	ldr	r3, [sp, #116]	@ 0x74
            BCu = Abu^Agu^Aku^Amu^Asu;
    11de:	9916      	ldr	r1, [sp, #88]	@ 0x58
            BCo = Abo^Ago^Ako^Amo^Aso;
    11e0:	405d      	eors	r5, r3
    11e2:	9b2d      	ldr	r3, [sp, #180]	@ 0xb4
    11e4:	4045      	eors	r5, r0
    11e6:	405d      	eors	r5, r3
            BCu = Abu^Agu^Aku^Amu^Asu;
    11e8:	980e      	ldr	r0, [sp, #56]	@ 0x38
    11ea:	9b15      	ldr	r3, [sp, #84]	@ 0x54
            Da = BCu^ROL(BCe, 1);
    11ec:	ea4f 0e4c 	mov.w	lr, ip, lsl #1
            BCu = Abu^Agu^Aku^Amu^Asu;
    11f0:	4043      	eors	r3, r0
    11f2:	981e      	ldr	r0, [sp, #120]	@ 0x78
            Da = BCu^ROL(BCe, 1);
    11f4:	ea4e 7ed6 	orr.w	lr, lr, r6, lsr #31
            BCu = Abu^Agu^Aku^Amu^Asu;
    11f8:	4043      	eors	r3, r0
    11fa:	9827      	ldr	r0, [sp, #156]	@ 0x9c
    11fc:	4043      	eors	r3, r0
    11fe:	982e      	ldr	r0, [sp, #184]	@ 0xb8
    1200:	4043      	eors	r3, r0
    1202:	9804      	ldr	r0, [sp, #16]
    1204:	4048      	eors	r0, r1
    1206:	991f      	ldr	r1, [sp, #124]	@ 0x7c
    1208:	4048      	eors	r0, r1
    120a:	9928      	ldr	r1, [sp, #160]	@ 0xa0
    120c:	4048      	eors	r0, r1
    120e:	992f      	ldr	r1, [sp, #188]	@ 0xbc
    1210:	4048      	eors	r0, r1
            Da = BCu^ROL(BCe, 1);
    1212:	ea8e 0e00 	eor.w	lr, lr, r0
            Asa ^= Da;
    1216:	ea8e 0707 	eor.w	r7, lr, r7
    121a:	9732      	str	r7, [sp, #200]	@ 0xc8
            Aba ^= Da;
    121c:	9f08      	ldr	r7, [sp, #32]
            Aka ^= Da;
    121e:	9918      	ldr	r1, [sp, #96]	@ 0x60
            Aba ^= Da;
    1220:	ea8e 0707 	eor.w	r7, lr, r7
    1224:	9708      	str	r7, [sp, #32]
            Aga ^= Da;
    1226:	9f10      	ldr	r7, [sp, #64]	@ 0x40
            Aka ^= Da;
    1228:	ea8e 0101 	eor.w	r1, lr, r1
            Aga ^= Da;
    122c:	ea8e 0707 	eor.w	r7, lr, r7
    1230:	9734      	str	r7, [sp, #208]	@ 0xd0
            Da = BCu^ROL(BCe, 1);
    1232:	0077      	lsls	r7, r6, #1
            Aka ^= Da;
    1234:	9118      	str	r1, [sp, #96]	@ 0x60
            Da = BCu^ROL(BCe, 1);
    1236:	ea47 77dc 	orr.w	r7, r7, ip, lsr #31
            Aka ^= Da;
    123a:	9917      	ldr	r1, [sp, #92]	@ 0x5c
            Da = BCu^ROL(BCe, 1);
    123c:	405f      	eors	r7, r3
            Ama ^= Da;
    123e:	ea8e 0e0a 	eor.w	lr, lr, sl
    1242:	f8cd e0e8 	str.w	lr, [sp, #232]	@ 0xe8
            Aka ^= Da;
    1246:	ea87 0e01 	eor.w	lr, r7, r1
            Aba ^= Da;
    124a:	9907      	ldr	r1, [sp, #28]
            Aka ^= Da;
    124c:	f8cd e040 	str.w	lr, [sp, #64]	@ 0x40
            Asa ^= Da;
    1250:	ea87 0e09 	eor.w	lr, r7, r9
    1254:	f8cd e05c 	str.w	lr, [sp, #92]	@ 0x5c
            Aba ^= Da;
    1258:	ea87 0e01 	eor.w	lr, r7, r1
            Aga ^= Da;
    125c:	990f      	ldr	r1, [sp, #60]	@ 0x3c
            Aba ^= Da;
    125e:	f8cd e01c 	str.w	lr, [sp, #28]
            Aga ^= Da;
    1262:	ea87 0e01 	eor.w	lr, r7, r1
            Ama ^= Da;
    1266:	9920      	ldr	r1, [sp, #128]	@ 0x80
            Aga ^= Da;
    1268:	f8cd e0cc 	str.w	lr, [sp, #204]	@ 0xcc
            Ama ^= Da;
    126c:	ea87 0e01 	eor.w	lr, r7, r1
    1270:	f8cd e0e4 	str.w	lr, [sp, #228]	@ 0xe4
            De = BCa^ROL(BCi, 1);
    1274:	9902      	ldr	r1, [sp, #8]
    1276:	0067      	lsls	r7, r4, #1
    1278:	ea47 77d1 	orr.w	r7, r7, r1, lsr #31
    127c:	9931      	ldr	r1, [sp, #196]	@ 0xc4
    127e:	404f      	eors	r7, r1
            Ame ^= De;
    1280:	9922      	ldr	r1, [sp, #136]	@ 0x88
            Age ^= De;
    1282:	ea87 0b0b 	eor.w	fp, r7, fp
            Ame ^= De;
    1286:	ea87 0e01 	eor.w	lr, r7, r1
            Abe ^= De;
    128a:	990a      	ldr	r1, [sp, #40]	@ 0x28
            Ame ^= De;
    128c:	f8cd e080 	str.w	lr, [sp, #128]	@ 0x80
            Abe ^= De;
    1290:	ea87 0e01 	eor.w	lr, r7, r1
            Ake ^= De;
    1294:	9906      	ldr	r1, [sp, #24]
            Abe ^= De;
    1296:	f8cd e088 	str.w	lr, [sp, #136]	@ 0x88
            Ake ^= De;
    129a:	ea87 0e01 	eor.w	lr, r7, r1
            Ase ^= De;
    129e:	992a      	ldr	r1, [sp, #168]	@ 0xa8
            Ake ^= De;
    12a0:	f8cd e0d4 	str.w	lr, [sp, #212]	@ 0xd4
            Ase ^= De;
    12a4:	ea87 0e01 	eor.w	lr, r7, r1
            De = BCa^ROL(BCi, 1);
    12a8:	9902      	ldr	r1, [sp, #8]
            Ase ^= De;
    12aa:	f8cd e0f0 	str.w	lr, [sp, #240]	@ 0xf0
            De = BCa^ROL(BCi, 1);
    12ae:	004f      	lsls	r7, r1, #1
    12b0:	9930      	ldr	r1, [sp, #192]	@ 0xc0
    12b2:	ea47 77d4 	orr.w	r7, r7, r4, lsr #31
    12b6:	404f      	eors	r7, r1
            Age ^= De;
    12b8:	9911      	ldr	r1, [sp, #68]	@ 0x44
    12ba:	ea87 0a01 	eor.w	sl, r7, r1
            Ame ^= De;
    12be:	9921      	ldr	r1, [sp, #132]	@ 0x84
    12c0:	ea87 0e01 	eor.w	lr, r7, r1
            Abe ^= De;
    12c4:	9909      	ldr	r1, [sp, #36]	@ 0x24
            Ame ^= De;
    12c6:	f8cd e03c 	str.w	lr, [sp, #60]	@ 0x3c
            Abe ^= De;
    12ca:	ea87 0e01 	eor.w	lr, r7, r1
            Ake ^= De;
    12ce:	9919      	ldr	r1, [sp, #100]	@ 0x64
            Abe ^= De;
    12d0:	f8cd e018 	str.w	lr, [sp, #24]
            Ake ^= De;
    12d4:	ea87 0e01 	eor.w	lr, r7, r1
            Ase ^= De;
    12d8:	9929      	ldr	r1, [sp, #164]	@ 0xa4
            Ake ^= De;
    12da:	f8cd e0a8 	str.w	lr, [sp, #168]	@ 0xa8
            Ase ^= De;
    12de:	ea87 0e01 	eor.w	lr, r7, r1
            Di = BCe^ROL(BCo, 1);
    12e2:	006f      	lsls	r7, r5, #1
            Aki ^= Di;
    12e4:	991b      	ldr	r1, [sp, #108]	@ 0x6c
            Di = BCe^ROL(BCo, 1);
    12e6:	ea47 77d2 	orr.w	r7, r7, r2, lsr #31
    12ea:	ea87 070c 	eor.w	r7, r7, ip
            Aki ^= Di;
    12ee:	ea87 0901 	eor.w	r9, r7, r1
            Asi ^= Di;
    12f2:	992b      	ldr	r1, [sp, #172]	@ 0xac
            Ase ^= De;
    12f4:	f8cd e0ec 	str.w	lr, [sp, #236]	@ 0xec
            Asi ^= Di;
    12f8:	ea87 0c01 	eor.w	ip, r7, r1
            Agi ^= Di;
    12fc:	9912      	ldr	r1, [sp, #72]	@ 0x48
            Asi ^= Di;
    12fe:	f8cd c064 	str.w	ip, [sp, #100]	@ 0x64
            Agi ^= Di;
    1302:	ea87 0c01 	eor.w	ip, r7, r1
            Ami ^= Di;
    1306:	9924      	ldr	r1, [sp, #144]	@ 0x90
            Agi ^= Di;
    1308:	f8cd c06c 	str.w	ip, [sp, #108]	@ 0x6c
            Ami ^= Di;
    130c:	ea87 0c01 	eor.w	ip, r7, r1
            Abi ^= Di;
    1310:	9903      	ldr	r1, [sp, #12]
            Ami ^= Di;
    1312:	f8cd c0ac 	str.w	ip, [sp, #172]	@ 0xac
            Abi ^= Di;
    1316:	ea87 0c01 	eor.w	ip, r7, r1
            Di = BCe^ROL(BCo, 1);
    131a:	0057      	lsls	r7, r2, #1
    131c:	ea47 77d5 	orr.w	r7, r7, r5, lsr #31
    1320:	407e      	eors	r6, r7
            Aki ^= Di;
    1322:	9f1a      	ldr	r7, [sp, #104]	@ 0x68
            Asi ^= Di;
    1324:	ea86 0e08 	eor.w	lr, r6, r8
            Abi ^= Di;
    1328:	f8cd c0dc 	str.w	ip, [sp, #220]	@ 0xdc
            Asi ^= Di;
    132c:	f8cd e00c 	str.w	lr, [sp, #12]
            Aki ^= Di;
    1330:	ea86 0c07 	eor.w	ip, r6, r7
            Agi ^= Di;
    1334:	9f05      	ldr	r7, [sp, #20]
            Do = BCi^ROL(BCu, 1);
    1336:	9902      	ldr	r1, [sp, #8]
            Agi ^= Di;
    1338:	ea86 0e07 	eor.w	lr, r6, r7
            Ami ^= Di;
    133c:	9f23      	ldr	r7, [sp, #140]	@ 0x8c
            Agi ^= Di;
    133e:	f8cd e024 	str.w	lr, [sp, #36]	@ 0x24
            Ami ^= Di;
    1342:	ea86 0e07 	eor.w	lr, r6, r7
            Abi ^= Di;
    1346:	9f0b      	ldr	r7, [sp, #44]	@ 0x2c
            Ami ^= Di;
    1348:	f8cd e0a4 	str.w	lr, [sp, #164]	@ 0xa4
            Abi ^= Di;
    134c:	ea86 0e07 	eor.w	lr, r6, r7
            Do = BCi^ROL(BCu, 1);
    1350:	0046      	lsls	r6, r0, #1
    1352:	ea46 76d3 	orr.w	r6, r6, r3, lsr #31
    1356:	4066      	eors	r6, r4
            Amo ^= Do;
    1358:	9c26      	ldr	r4, [sp, #152]	@ 0x98
            Do = BCi^ROL(BCu, 1);
    135a:	005b      	lsls	r3, r3, #1
            Amo ^= Do;
    135c:	ea86 0804 	eor.w	r8, r6, r4
            Do = BCi^ROL(BCu, 1);
    1360:	ea43 73d0 	orr.w	r3, r3, r0, lsr #31
            Abo ^= Do;
    1364:	9c0c      	ldr	r4, [sp, #48]	@ 0x30
            Do = BCi^ROL(BCu, 1);
    1366:	404b      	eors	r3, r1
            Abo ^= Do;
    1368:	ea83 0104 	eor.w	r1, r3, r4
            Ako ^= Do;
    136c:	9f1c      	ldr	r7, [sp, #112]	@ 0x70
            Abo ^= Do;
    136e:	9102      	str	r1, [sp, #8]
            Ako ^= Do;
    1370:	991d      	ldr	r1, [sp, #116]	@ 0x74
            Abi ^= Di;
    1372:	f8cd e0d8 	str.w	lr, [sp, #216]	@ 0xd8
            Ako ^= Do;
    1376:	ea83 0e07 	eor.w	lr, r3, r7
            Aso ^= Do;
    137a:	9f2c      	ldr	r7, [sp, #176]	@ 0xb0
            Ako ^= Do;
    137c:	f8cd e068 	str.w	lr, [sp, #104]	@ 0x68
    1380:	ea86 0e01 	eor.w	lr, r6, r1
            Amo ^= Do;
    1384:	9825      	ldr	r0, [sp, #148]	@ 0x94
            Ako ^= Do;
    1386:	f8cd e028 	str.w	lr, [sp, #40]	@ 0x28
            Aso ^= Do;
    138a:	ea83 0e07 	eor.w	lr, r3, r7
            Ago ^= Do;
    138e:	9f13      	ldr	r7, [sp, #76]	@ 0x4c
            Amo ^= Do;
    1390:	4058      	eors	r0, r3
            Aso ^= Do;
    1392:	f8cd e098 	str.w	lr, [sp, #152]	@ 0x98
            Ago ^= Do;
    1396:	ea83 0e07 	eor.w	lr, r3, r7
            Aso ^= Do;
    139a:	9b2d      	ldr	r3, [sp, #180]	@ 0xb4
            Ago ^= Do;
    139c:	9f14      	ldr	r7, [sp, #80]	@ 0x50
            Abo ^= Do;
    139e:	9c0d      	ldr	r4, [sp, #52]	@ 0x34
            Ago ^= Do;
    13a0:	f8cd e0e0 	str.w	lr, [sp, #224]	@ 0xe0
            Aso ^= Do;
    13a4:	ea86 0e03 	eor.w	lr, r6, r3
            Abo ^= Do;
    13a8:	4074      	eors	r4, r6
            Du = BCo^ROL(BCa, 1);
    13aa:	9b30      	ldr	r3, [sp, #192]	@ 0xc0
            Aso ^= Do;
    13ac:	f8cd e0b0 	str.w	lr, [sp, #176]	@ 0xb0
            Ago ^= Do;
    13b0:	ea86 0e07 	eor.w	lr, r6, r7
            Du = BCo^ROL(BCa, 1);
    13b4:	9e31      	ldr	r6, [sp, #196]	@ 0xc4
            Ago ^= Do;
    13b6:	f8cd e0b4 	str.w	lr, [sp, #180]	@ 0xb4
            Du = BCo^ROL(BCa, 1);
    13ba:	005f      	lsls	r7, r3, #1
    13bc:	ea4f 0e46 	mov.w	lr, r6, lsl #1
            Amu ^= Du;
    13c0:	9927      	ldr	r1, [sp, #156]	@ 0x9c
            Du = BCo^ROL(BCa, 1);
    13c2:	ea4e 7ed3 	orr.w	lr, lr, r3, lsr #31
    13c6:	ea47 77d6 	orr.w	r7, r7, r6, lsr #31
    13ca:	ea8e 0e05 	eor.w	lr, lr, r5
    13ce:	4057      	eors	r7, r2
            Asu ^= Du;
    13d0:	9d2e      	ldr	r5, [sp, #184]	@ 0xb8
            Agu ^= Du;
    13d2:	9b15      	ldr	r3, [sp, #84]	@ 0x54
            Amu ^= Du;
    13d4:	4079      	eors	r1, r7
            Asu ^= Du;
    13d6:	ea87 0605 	eor.w	r6, r7, r5
            Agu ^= Du;
    13da:	ea87 0203 	eor.w	r2, r7, r3
            Asu ^= Du;
    13de:	9d2f      	ldr	r5, [sp, #188]	@ 0xbc
            Agu ^= Du;
    13e0:	9b16      	ldr	r3, [sp, #88]	@ 0x58
            Amu ^= Du;
    13e2:	9114      	str	r1, [sp, #80]	@ 0x50
    13e4:	9928      	ldr	r1, [sp, #160]	@ 0xa0
            Asu ^= Du;
    13e6:	ea8e 0505 	eor.w	r5, lr, r5
            Amu ^= Du;
    13ea:	ea8e 0101 	eor.w	r1, lr, r1
    13ee:	910b      	str	r1, [sp, #44]	@ 0x2c
            Abu ^= Du;
    13f0:	990e      	ldr	r1, [sp, #56]	@ 0x38
            Agu ^= Du;
    13f2:	ea8e 0303 	eor.w	r3, lr, r3
            Abu ^= Du;
    13f6:	4079      	eors	r1, r7
    13f8:	9124      	str	r1, [sp, #144]	@ 0x90
            Aku ^= Du;
    13fa:	991e      	ldr	r1, [sp, #120]	@ 0x78
    13fc:	404f      	eors	r7, r1
    13fe:	9727      	str	r7, [sp, #156]	@ 0x9c
            Abu ^= Du;
    1400:	9f04      	ldr	r7, [sp, #16]
            Aku ^= Du;
    1402:	991f      	ldr	r1, [sp, #124]	@ 0x7c
            Abu ^= Du;
    1404:	ea8e 0707 	eor.w	r7, lr, r7
    1408:	9725      	str	r7, [sp, #148]	@ 0x94
            Eba ^= (uint64_t)KeccakF_RoundConstants[round];
    140a:	9f01      	ldr	r7, [sp, #4]
            Aku ^= Du;
    140c:	ea8e 0e01 	eor.w	lr, lr, r1
            Eba ^= (uint64_t)KeccakF_RoundConstants[round];
    1410:	683f      	ldr	r7, [r7, #0]
    1412:	9907      	ldr	r1, [sp, #28]
            Aku ^= Du;
    1414:	f8cd e0a0 	str.w	lr, [sp, #160]	@ 0xa0
            Eba ^= (uint64_t)KeccakF_RoundConstants[round];
    1418:	ea81 0e07 	eor.w	lr, r1, r7
    141c:	9f01      	ldr	r7, [sp, #4]
    141e:	9908      	ldr	r1, [sp, #32]
    1420:	687f      	ldr	r7, [r7, #4]
    1422:	f8cd e030 	str.w	lr, [sp, #48]	@ 0x30
    1426:	ea81 0e07 	eor.w	lr, r1, r7
            BCe = ROL(Age, 44);
    142a:	ea4f 571b 	mov.w	r7, fp, lsr #20
            Eba ^= (uint64_t)KeccakF_RoundConstants[round];
    142e:	f8cd e034 	str.w	lr, [sp, #52]	@ 0x34
            BCe = ROL(Age, 44);
    1432:	ea4f 5e1a 	mov.w	lr, sl, lsr #20
    1436:	ea47 3a0a 	orr.w	sl, r7, sl, lsl #12
    143a:	f8cd a010 	str.w	sl, [sp, #16]
            BCi = ROL(Aki, 43);
    143e:	ea4f 5a5c 	mov.w	sl, ip, lsr #21
    1442:	ea4a 2ac9 	orr.w	sl, sl, r9, lsl #11
    1446:	ea4f 5959 	mov.w	r9, r9, lsr #21
    144a:	ea49 2ccc 	orr.w	ip, r9, ip, lsl #11
            BCu = ROL(Asu, 14);
    144e:	ea4f 3985 	mov.w	r9, r5, lsl #14
    1452:	ea49 4996 	orr.w	r9, r9, r6, lsr #18
            BCa = ROL(Abo, 28);
    1456:	9902      	ldr	r1, [sp, #8]
            BCi = ROL(Aki, 43);
    1458:	f8cd c014 	str.w	ip, [sp, #20]
            BCu = ROL(Asu, 14);
    145c:	03b6      	lsls	r6, r6, #14
            BCo = ROL(Amo, 21);
    145e:	ea4f 5c48 	mov.w	ip, r8, lsl #21
            BCu = ROL(Asu, 14);
    1462:	ea46 4695 	orr.w	r6, r6, r5, lsr #18
            BCo = ROL(Amo, 21);
    1466:	ea4c 2cd0 	orr.w	ip, ip, r0, lsr #11
            BCa = ROL(Abo, 28);
    146a:	0725      	lsls	r5, r4, #28
            BCo = ROL(Amo, 21);
    146c:	0540      	lsls	r0, r0, #21
    146e:	ea40 20d8 	orr.w	r0, r0, r8, lsr #11
            BCa = ROL(Abo, 28);
    1472:	ea45 1811 	orr.w	r8, r5, r1, lsr #4
    1476:	0709      	lsls	r1, r1, #28
    1478:	ea41 1114 	orr.w	r1, r1, r4, lsr #4
            BCe = ROL(Agu, 20);
    147c:	051c      	lsls	r4, r3, #20
            BCa = ROL(Abo, 28);
    147e:	f8cd 8048 	str.w	r8, [sp, #72]	@ 0x48
            BCe = ROL(Agu, 20);
    1482:	ea44 3812 	orr.w	r8, r4, r2, lsr #12
    1486:	0512      	lsls	r2, r2, #20
    1488:	ea42 3213 	orr.w	r2, r2, r3, lsr #12
    148c:	9211      	str	r2, [sp, #68]	@ 0x44
            BCi = ROL(Aka,  3);
    148e:	9a18      	ldr	r2, [sp, #96]	@ 0x60
    1490:	9d10      	ldr	r5, [sp, #64]	@ 0x40
    1492:	00d3      	lsls	r3, r2, #3
            BCe = ROL(Agu, 20);
    1494:	f8cd 804c 	str.w	r8, [sp, #76]	@ 0x4c
            BCi = ROL(Aka,  3);
    1498:	ea43 7855 	orr.w	r8, r3, r5, lsr #29
    149c:	00ed      	lsls	r5, r5, #3
    149e:	ea45 7552 	orr.w	r5, r5, r2, lsr #29
            BCo = ROL(Ame, 45);
    14a2:	9a0f      	ldr	r2, [sp, #60]	@ 0x3c
    14a4:	9b20      	ldr	r3, [sp, #128]	@ 0x80
    14a6:	0cd7      	lsrs	r7, r2, #19
    14a8:	ea47 3743 	orr.w	r7, r7, r3, lsl #13
    14ac:	0cdb      	lsrs	r3, r3, #19
    14ae:	ea43 3342 	orr.w	r3, r3, r2, lsl #13
            BCu = ROL(Asi, 61);
    14b2:	9a03      	ldr	r2, [sp, #12]
            BCi = ROL(Aka,  3);
    14b4:	f8cd 8040 	str.w	r8, [sp, #64]	@ 0x40
            BCu = ROL(Asi, 61);
    14b8:	ea4f 08d2 	mov.w	r8, r2, lsr #3
    14bc:	9a19      	ldr	r2, [sp, #100]	@ 0x64
            BCe = ROL(Age, 44);
    14be:	ea4e 3e0b 	orr.w	lr, lr, fp, lsl #12
            BCu = ROL(Asi, 61);
    14c2:	ea48 7842 	orr.w	r8, r8, r2, lsl #29
    14c6:	08d4      	lsrs	r4, r2, #3
    14c8:	9a03      	ldr	r2, [sp, #12]
    14ca:	ea44 7442 	orr.w	r4, r4, r2, lsl #29
    14ce:	9415      	str	r4, [sp, #84]	@ 0x54
            BCa = ROL(Abe,  1);
    14d0:	9c22      	ldr	r4, [sp, #136]	@ 0x88
    14d2:	9a06      	ldr	r2, [sp, #24]
    14d4:	ea4f 0b44 	mov.w	fp, r4, lsl #1
    14d8:	ea4b 7bd2 	orr.w	fp, fp, r2, lsr #31
    14dc:	9a06      	ldr	r2, [sp, #24]
    14de:	f8cd b074 	str.w	fp, [sp, #116]	@ 0x74
    14e2:	ea4f 0b42 	mov.w	fp, r2, lsl #1
    14e6:	ea4b 7bd4 	orr.w	fp, fp, r4, lsr #31
            BCe = ROL(Agi,  6);
    14ea:	9c1b      	ldr	r4, [sp, #108]	@ 0x6c
    14ec:	9a09      	ldr	r2, [sp, #36]	@ 0x24
            BCa = ROL(Abe,  1);
    14ee:	f8cd b070 	str.w	fp, [sp, #112]	@ 0x70
            BCe = ROL(Agi,  6);
    14f2:	ea4f 1b84 	mov.w	fp, r4, lsl #6
    14f6:	ea4b 6b92 	orr.w	fp, fp, r2, lsr #26
    14fa:	9a09      	ldr	r2, [sp, #36]	@ 0x24
    14fc:	f8cd b00c 	str.w	fp, [sp, #12]
    1500:	ea4f 1b82 	mov.w	fp, r2, lsl #6
            BCi = ROL(Ako, 25);
    1504:	9a0a      	ldr	r2, [sp, #40]	@ 0x28
            BCe = ROL(Agi,  6);
    1506:	ea4b 6b94 	orr.w	fp, fp, r4, lsr #26
            BCi = ROL(Ako, 25);
    150a:	9c1a      	ldr	r4, [sp, #104]	@ 0x68
            BCe = ROL(Agi,  6);
    150c:	f8cd b008 	str.w	fp, [sp, #8]
            BCi = ROL(Ako, 25);
    1510:	ea4f 6b42 	mov.w	fp, r2, lsl #25
    1514:	ea4b 1bd4 	orr.w	fp, fp, r4, lsr #7
    1518:	f8cd b07c 	str.w	fp, [sp, #124]	@ 0x7c
    151c:	ea4f 6b44 	mov.w	fp, r4, lsl #25
    1520:	9c0a      	ldr	r4, [sp, #40]	@ 0x28
            BCo = ROL(Amu,  8);
    1522:	9a0b      	ldr	r2, [sp, #44]	@ 0x2c
            BCi = ROL(Ako, 25);
    1524:	ea4b 1bd4 	orr.w	fp, fp, r4, lsr #7
            BCo = ROL(Amu,  8);
    1528:	9c14      	ldr	r4, [sp, #80]	@ 0x50
            BCi = ROL(Ako, 25);
    152a:	f8cd b078 	str.w	fp, [sp, #120]	@ 0x78
            BCo = ROL(Amu,  8);
    152e:	ea4f 2b02 	mov.w	fp, r2, lsl #8
    1532:	ea4b 6b14 	orr.w	fp, fp, r4, lsr #24
    1536:	9a0b      	ldr	r2, [sp, #44]	@ 0x2c
    1538:	f8cd b084 	str.w	fp, [sp, #132]	@ 0x84
    153c:	ea4f 2b04 	mov.w	fp, r4, lsl #8
            BCu = ROL(Asa, 18);
    1540:	9c32      	ldr	r4, [sp, #200]	@ 0xc8
            BCo = ROL(Amu,  8);
    1542:	ea4b 6b12 	orr.w	fp, fp, r2, lsr #24
            BCu = ROL(Asa, 18);
    1546:	9a17      	ldr	r2, [sp, #92]	@ 0x5c
            BCo = ROL(Amu,  8);
    1548:	f8cd b080 	str.w	fp, [sp, #128]	@ 0x80
            BCu = ROL(Asa, 18);
    154c:	ea4f 4b84 	mov.w	fp, r4, lsl #18
    1550:	ea4b 3b92 	orr.w	fp, fp, r2, lsr #14
    1554:	9a17      	ldr	r2, [sp, #92]	@ 0x5c
    1556:	f8cd b06c 	str.w	fp, [sp, #108]	@ 0x6c
    155a:	ea4f 4b82 	mov.w	fp, r2, lsl #18
    155e:	ea4b 3b94 	orr.w	fp, fp, r4, lsr #14
            Eba ^= (uint64_t)KeccakF_RoundConstants[round];
    1562:	9a0c      	ldr	r2, [sp, #48]	@ 0x30
            BCu = ROL(Asa, 18);
    1564:	f8cd b068 	str.w	fp, [sp, #104]	@ 0x68
            Eba =   BCa ^((~BCe)&  BCi );
    1568:	ea2a 0b0e 	bic.w	fp, sl, lr
            Eba ^= (uint64_t)KeccakF_RoundConstants[round];
    156c:	ea82 0b0b 	eor.w	fp, r2, fp
    1570:	f8cd b018 	str.w	fp, [sp, #24]
            Eba =   BCa ^((~BCe)&  BCi );
    1574:	e9dd 2404 	ldrd	r2, r4, [sp, #16]
    1578:	ea24 0b02 	bic.w	fp, r4, r2
            Eba ^= (uint64_t)KeccakF_RoundConstants[round];
    157c:	9c0d      	ldr	r4, [sp, #52]	@ 0x34
    157e:	ea84 0b0b 	eor.w	fp, r4, fp
    1582:	f8cd b024 	str.w	fp, [sp, #36]	@ 0x24
            Ebe =   BCe ^((~BCi)&  BCo );
    1586:	ea20 0b0a 	bic.w	fp, r0, sl
    158a:	ea8b 0b0e 	eor.w	fp, fp, lr
    158e:	f8cd b028 	str.w	fp, [sp, #40]	@ 0x28
            Ebu =   BCu ^((~BCa)&  BCe );
    1592:	9a07      	ldr	r2, [sp, #28]
            Ebe =   BCe ^((~BCi)&  BCo );
    1594:	9c05      	ldr	r4, [sp, #20]
            Ebo =   BCo ^((~BCu)&  BCa );
    1596:	ea22 0b06 	bic.w	fp, r2, r6
            Ebu =   BCu ^((~BCa)&  BCe );
    159a:	ea2e 0e02 	bic.w	lr, lr, r2
            Ebo =   BCo ^((~BCu)&  BCa );
    159e:	ea8b 0b00 	eor.w	fp, fp, r0
            Ebe =   BCe ^((~BCi)&  BCo );
    15a2:	9a04      	ldr	r2, [sp, #16]
            Ebi =   BCi ^((~BCo)&  BCu );
    15a4:	ea26 0000 	bic.w	r0, r6, r0
            Ebu =   BCu ^((~BCa)&  BCe );
    15a8:	ea8e 0e06 	eor.w	lr, lr, r6
    15ac:	9e08      	ldr	r6, [sp, #32]
            Ebi =   BCi ^((~BCo)&  BCu );
    15ae:	ea80 0a0a 	eor.w	sl, r0, sl
            Ebe =   BCe ^((~BCi)&  BCo );
    15b2:	ea2c 0004 	bic.w	r0, ip, r4
            Ebu =   BCu ^((~BCa)&  BCe );
    15b6:	f8cd e038 	str.w	lr, [sp, #56]	@ 0x38
            Ebe =   BCe ^((~BCi)&  BCo );
    15ba:	ea80 0e02 	eor.w	lr, r0, r2
            Ebu =   BCu ^((~BCa)&  BCe );
    15be:	ea22 0006 	bic.w	r0, r2, r6
            Ebo =   BCo ^((~BCu)&  BCa );
    15c2:	ea26 0609 	bic.w	r6, r6, r9
            Ega =   BCa ^((~BCe)&  BCi );
    15c6:	9a11      	ldr	r2, [sp, #68]	@ 0x44
            Ebe =   BCe ^((~BCi)&  BCo );
    15c8:	f8cd e01c 	str.w	lr, [sp, #28]
            Ebo =   BCo ^((~BCu)&  BCa );
    15cc:	ea86 0e0c 	eor.w	lr, r6, ip
            Ebi =   BCi ^((~BCo)&  BCu );
    15d0:	ea29 0c0c 	bic.w	ip, r9, ip
    15d4:	ea8c 0c04 	eor.w	ip, ip, r4
    15d8:	f8cd c020 	str.w	ip, [sp, #32]
            Ebu =   BCu ^((~BCa)&  BCe );
    15dc:	ea80 0c09 	eor.w	ip, r0, r9
            Ega =   BCa ^((~BCe)&  BCi );
    15e0:	ea25 0002 	bic.w	r0, r5, r2
    15e4:	9e13      	ldr	r6, [sp, #76]	@ 0x4c
            Ebu =   BCu ^((~BCa)&  BCe );
    15e6:	f8cd c03c 	str.w	ip, [sp, #60]	@ 0x3c
            Ega =   BCa ^((~BCe)&  BCi );
    15ea:	ea80 0c01 	eor.w	ip, r0, r1
    15ee:	9810      	ldr	r0, [sp, #64]	@ 0x40
    15f0:	9c12      	ldr	r4, [sp, #72]	@ 0x48
    15f2:	ea20 0006 	bic.w	r0, r0, r6
    15f6:	f8cd c044 	str.w	ip, [sp, #68]	@ 0x44
    15fa:	ea80 0c04 	eor.w	ip, r0, r4
            Ege =   BCe ^((~BCi)&  BCo );
    15fe:	ea27 0005 	bic.w	r0, r7, r5
            Ega =   BCa ^((~BCe)&  BCi );
    1602:	f8cd c048 	str.w	ip, [sp, #72]	@ 0x48
            Ege =   BCe ^((~BCi)&  BCo );
    1606:	ea80 0c02 	eor.w	ip, r0, r2
            Egu =   BCu ^((~BCa)&  BCe );
    160a:	ea22 0201 	bic.w	r2, r2, r1
            Ego =   BCo ^((~BCu)&  BCa );
    160e:	ea21 0108 	bic.w	r1, r1, r8
            Ege =   BCe ^((~BCi)&  BCo );
    1612:	9810      	ldr	r0, [sp, #64]	@ 0x40
    1614:	f8cd c04c 	str.w	ip, [sp, #76]	@ 0x4c
            Ego =   BCo ^((~BCu)&  BCa );
    1618:	ea81 0c07 	eor.w	ip, r1, r7
            Egi =   BCi ^((~BCo)&  BCu );
    161c:	ea28 0707 	bic.w	r7, r8, r7
            Ego =   BCo ^((~BCu)&  BCa );
    1620:	f8cd c058 	str.w	ip, [sp, #88]	@ 0x58
            Egi =   BCi ^((~BCo)&  BCu );
    1624:	ea87 0c05 	eor.w	ip, r7, r5
            Ego =   BCo ^((~BCu)&  BCa );
    1628:	9d15      	ldr	r5, [sp, #84]	@ 0x54
            Egi =   BCi ^((~BCo)&  BCu );
    162a:	f8cd c050 	str.w	ip, [sp, #80]	@ 0x50
            Egu =   BCu ^((~BCa)&  BCe );
    162e:	ea82 0c08 	eor.w	ip, r2, r8
            Ege =   BCe ^((~BCi)&  BCo );
    1632:	ea23 0200 	bic.w	r2, r3, r0
            Ego =   BCo ^((~BCu)&  BCa );
    1636:	ea24 0105 	bic.w	r1, r4, r5
            Egu =   BCu ^((~BCa)&  BCe );
    163a:	f8cd c060 	str.w	ip, [sp, #96]	@ 0x60
            Ege =   BCe ^((~BCi)&  BCo );
    163e:	ea82 0c06 	eor.w	ip, r2, r6
    1642:	f8cd c040 	str.w	ip, [sp, #64]	@ 0x40
            Ego =   BCo ^((~BCu)&  BCa );
    1646:	ea81 0c03 	eor.w	ip, r1, r3
            Egi =   BCi ^((~BCo)&  BCu );
    164a:	ea25 0303 	bic.w	r3, r5, r3
            Egu =   BCu ^((~BCa)&  BCe );
    164e:	ea26 0204 	bic.w	r2, r6, r4
            Ego =   BCo ^((~BCu)&  BCa );
    1652:	f8cd c05c 	str.w	ip, [sp, #92]	@ 0x5c
            Eku =   BCu ^((~BCa)&  BCe );
    1656:	9e1c      	ldr	r6, [sp, #112]	@ 0x70
            Egi =   BCi ^((~BCo)&  BCu );
    1658:	ea83 0c00 	eor.w	ip, r3, r0
            Eku =   BCu ^((~BCa)&  BCe );
    165c:	9802      	ldr	r0, [sp, #8]
    165e:	991a      	ldr	r1, [sp, #104]	@ 0x68
    1660:	ea20 0306 	bic.w	r3, r0, r6
            Egi =   BCi ^((~BCo)&  BCu );
    1664:	f8cd c054 	str.w	ip, [sp, #84]	@ 0x54
            Egu =   BCu ^((~BCa)&  BCe );
    1668:	ea82 0c05 	eor.w	ip, r2, r5
    166c:	f8cd c064 	str.w	ip, [sp, #100]	@ 0x64
            Eku =   BCu ^((~BCa)&  BCe );
    1670:	ea83 0c01 	eor.w	ip, r3, r1
            Ebo =   BCo ^((~BCu)&  BCa );
    1674:	f8cd b030 	str.w	fp, [sp, #48]	@ 0x30
            Eku =   BCu ^((~BCa)&  BCe );
    1678:	9903      	ldr	r1, [sp, #12]
            Ebi =   BCi ^((~BCo)&  BCu );
    167a:	f8cd a02c 	str.w	sl, [sp, #44]	@ 0x2c
            Ebo =   BCo ^((~BCu)&  BCa );
    167e:	f8cd e034 	str.w	lr, [sp, #52]	@ 0x34
            Eku =   BCu ^((~BCa)&  BCe );
    1682:	f8cd c088 	str.w	ip, [sp, #136]	@ 0x88
    1686:	9f1d      	ldr	r7, [sp, #116]	@ 0x74
            BCa = ROL(Abu, 27);
    1688:	9a25      	ldr	r2, [sp, #148]	@ 0x94
            Eku =   BCu ^((~BCa)&  BCe );
    168a:	ea21 0307 	bic.w	r3, r1, r7
    168e:	991b      	ldr	r1, [sp, #108]	@ 0x6c
            BCe = ROL(Aga, 36);
    1690:	9d33      	ldr	r5, [sp, #204]	@ 0xcc
            Eku =   BCu ^((~BCa)&  BCe );
    1692:	ea83 0c01 	eor.w	ip, r3, r1
            BCa = ROL(Abu, 27);
    1696:	9b24      	ldr	r3, [sp, #144]	@ 0x90
    1698:	ea4f 6ec2 	mov.w	lr, r2, lsl #27
    169c:	ea4e 1e53 	orr.w	lr, lr, r3, lsr #5
    16a0:	06d9      	lsls	r1, r3, #27
            BCe = ROL(Aga, 36);
    16a2:	9b34      	ldr	r3, [sp, #208]	@ 0xd0
    16a4:	ea4f 7815 	mov.w	r8, r5, lsr #28
            BCa = ROL(Abu, 27);
    16a8:	ea41 1152 	orr.w	r1, r1, r2, lsr #5
            BCe = ROL(Aga, 36);
    16ac:	ea48 1803 	orr.w	r8, r8, r3, lsl #4
            BCi = ROL(Ake, 10);
    16b0:	9a35      	ldr	r2, [sp, #212]	@ 0xd4
            BCe = ROL(Aga, 36);
    16b2:	0f1b      	lsrs	r3, r3, #28
    16b4:	ea43 1305 	orr.w	r3, r3, r5, lsl #4
            BCi = ROL(Ake, 10);
    16b8:	9d2a      	ldr	r5, [sp, #168]	@ 0xa8
    16ba:	ea4f 2982 	mov.w	r9, r2, lsl #10
    16be:	ea49 5995 	orr.w	r9, r9, r5, lsr #22
    16c2:	02ad      	lsls	r5, r5, #10
    16c4:	ea45 5292 	orr.w	r2, r5, r2, lsr #22
            BCo = ROL(Ami, 15);
    16c8:	9d2b      	ldr	r5, [sp, #172]	@ 0xac
            BCi = ROL(Ake, 10);
    16ca:	9204      	str	r2, [sp, #16]
            BCo = ROL(Ami, 15);
    16cc:	9a29      	ldr	r2, [sp, #164]	@ 0xa4
            Eku =   BCu ^((~BCa)&  BCe );
    16ce:	f8cd c08c 	str.w	ip, [sp, #140]	@ 0x8c
            BCo = ROL(Ami, 15);
    16d2:	ea4f 3cc5 	mov.w	ip, r5, lsl #15
    16d6:	ea4c 4c52 	orr.w	ip, ip, r2, lsr #17
    16da:	03d2      	lsls	r2, r2, #15
    16dc:	ea42 4255 	orr.w	r2, r2, r5, lsr #17
            BCu = ROL(Aso, 56);
    16e0:	9d26      	ldr	r5, [sp, #152]	@ 0x98
    16e2:	9c2c      	ldr	r4, [sp, #176]	@ 0xb0
    16e4:	ea4f 2a15 	mov.w	sl, r5, lsr #8
    16e8:	ea4a 6a04 	orr.w	sl, sl, r4, lsl #24
    16ec:	0a24      	lsrs	r4, r4, #8
    16ee:	ea44 6405 	orr.w	r4, r4, r5, lsl #24
            Eka =   BCa ^((~BCe)&  BCi );
    16f2:	9d1e      	ldr	r5, [sp, #120]	@ 0x78
            BCu = ROL(Aso, 56);
    16f4:	9425      	str	r4, [sp, #148]	@ 0x94
            Eko =   BCo ^((~BCu)&  BCa );
    16f6:	9c1a      	ldr	r4, [sp, #104]	@ 0x68
            Eka =   BCa ^((~BCe)&  BCi );
    16f8:	ea25 0000 	bic.w	r0, r5, r0
    16fc:	ea80 0b06 	eor.w	fp, r0, r6
            Eko =   BCo ^((~BCu)&  BCa );
    1700:	ea26 0004 	bic.w	r0, r6, r4
            Eki =   BCi ^((~BCo)&  BCu );
    1704:	4626      	mov	r6, r4
    1706:	9c20      	ldr	r4, [sp, #128]	@ 0x80
            Eka =   BCa ^((~BCe)&  BCi );
    1708:	f8cd b070 	str.w	fp, [sp, #112]	@ 0x70
            Eki =   BCi ^((~BCo)&  BCu );
    170c:	ea26 0604 	bic.w	r6, r6, r4
    1710:	ea86 0b05 	eor.w	fp, r6, r5
            Eke =   BCe ^((~BCi)&  BCo );
    1714:	ea24 0605 	bic.w	r6, r4, r5
    1718:	9d02      	ldr	r5, [sp, #8]
            Eki =   BCi ^((~BCo)&  BCu );
    171a:	f8cd b078 	str.w	fp, [sp, #120]	@ 0x78
            Eke =   BCe ^((~BCi)&  BCo );
    171e:	ea86 0b05 	eor.w	fp, r6, r5
    1722:	f8cd b074 	str.w	fp, [sp, #116]	@ 0x74
            Eka =   BCa ^((~BCe)&  BCi );
    1726:	9d1f      	ldr	r5, [sp, #124]	@ 0x7c
            Eko =   BCo ^((~BCu)&  BCa );
    1728:	ea80 0b04 	eor.w	fp, r0, r4
            Eka =   BCa ^((~BCe)&  BCi );
    172c:	9803      	ldr	r0, [sp, #12]
            Eko =   BCo ^((~BCu)&  BCa );
    172e:	9c1b      	ldr	r4, [sp, #108]	@ 0x6c
            Eka =   BCa ^((~BCe)&  BCi );
    1730:	ea25 0000 	bic.w	r0, r5, r0
            Eko =   BCo ^((~BCu)&  BCa );
    1734:	f8cd b080 	str.w	fp, [sp, #128]	@ 0x80
            Eka =   BCa ^((~BCe)&  BCi );
    1738:	ea80 0b07 	eor.w	fp, r0, r7
            Eko =   BCo ^((~BCu)&  BCa );
    173c:	ea27 0004 	bic.w	r0, r7, r4
            Eki =   BCi ^((~BCo)&  BCu );
    1740:	9f21      	ldr	r7, [sp, #132]	@ 0x84
            Eka =   BCa ^((~BCe)&  BCi );
    1742:	f8cd b068 	str.w	fp, [sp, #104]	@ 0x68
            Eki =   BCi ^((~BCo)&  BCu );
    1746:	ea24 0607 	bic.w	r6, r4, r7
            Eke =   BCe ^((~BCi)&  BCo );
    174a:	463c      	mov	r4, r7
            Eki =   BCi ^((~BCo)&  BCu );
    174c:	ea86 0b05 	eor.w	fp, r6, r5
            Eke =   BCe ^((~BCi)&  BCo );
    1750:	ea27 0605 	bic.w	r6, r7, r5
    1754:	9f03      	ldr	r7, [sp, #12]
            Eki =   BCi ^((~BCo)&  BCu );
    1756:	f8cd b07c 	str.w	fp, [sp, #124]	@ 0x7c
            Eke =   BCe ^((~BCi)&  BCo );
    175a:	ea86 0b07 	eor.w	fp, r6, r7
    175e:	f8cd b06c 	str.w	fp, [sp, #108]	@ 0x6c
            Eko =   BCo ^((~BCu)&  BCa );
    1762:	ea80 0b04 	eor.w	fp, r0, r4
    1766:	f8cd b084 	str.w	fp, [sp, #132]	@ 0x84
            BCa = ROL(Abi, 62);
    176a:	9c36      	ldr	r4, [sp, #216]	@ 0xd8
    176c:	9e37      	ldr	r6, [sp, #220]	@ 0xdc
    176e:	08a0      	lsrs	r0, r4, #2
            BCe = ROL(Ago, 55);
    1770:	9d38      	ldr	r5, [sp, #224]	@ 0xe0
            BCa = ROL(Abi, 62);
    1772:	ea40 7b86 	orr.w	fp, r0, r6, lsl #30
    1776:	08b0      	lsrs	r0, r6, #2
    1778:	f8cd b0b0 	str.w	fp, [sp, #176]	@ 0xb0
    177c:	ea40 7b84 	orr.w	fp, r0, r4, lsl #30
            BCe = ROL(Ago, 55);
    1780:	982d      	ldr	r0, [sp, #180]	@ 0xb4
    1782:	0a6e      	lsrs	r6, r5, #9
    1784:	ea46 56c0 	orr.w	r6, r6, r0, lsl #23
    1788:	0a40      	lsrs	r0, r0, #9
            BCa = ROL(Abi, 62);
    178a:	f8cd b0a8 	str.w	fp, [sp, #168]	@ 0xa8
            BCe = ROL(Ago, 55);
    178e:	ea40 5bc5 	orr.w	fp, r0, r5, lsl #23
            BCi = ROL(Aku, 39);
    1792:	9d27      	ldr	r5, [sp, #156]	@ 0x9c
    1794:	9f28      	ldr	r7, [sp, #160]	@ 0xa0
    1796:	0e68      	lsrs	r0, r5, #25
            BCe = ROL(Ago, 55);
    1798:	f8cd b0ac 	str.w	fp, [sp, #172]	@ 0xac
            BCi = ROL(Aku, 39);
    179c:	ea40 1bc7 	orr.w	fp, r0, r7, lsl #7
    17a0:	0e78      	lsrs	r0, r7, #25
    17a2:	f8cd b008 	str.w	fp, [sp, #8]
    17a6:	ea40 1bc5 	orr.w	fp, r0, r5, lsl #7
            BCo = ROL(Ama, 41);
    17aa:	9d39      	ldr	r5, [sp, #228]	@ 0xe4
    17ac:	983a      	ldr	r0, [sp, #232]	@ 0xe8
    17ae:	0def      	lsrs	r7, r5, #23
    17b0:	ea47 2440 	orr.w	r4, r7, r0, lsl #9
    17b4:	9431      	str	r4, [sp, #196]	@ 0xc4
            BCu = ROL(Ase,  2);
    17b6:	9c3c      	ldr	r4, [sp, #240]	@ 0xf0
    17b8:	9f3b      	ldr	r7, [sp, #236]	@ 0xec
            BCo = ROL(Ama, 41);
    17ba:	0dc0      	lsrs	r0, r0, #23
            BCi = ROL(Aku, 39);
    17bc:	f8cd b00c 	str.w	fp, [sp, #12]
            BCo = ROL(Ama, 41);
    17c0:	ea40 2b45 	orr.w	fp, r0, r5, lsl #9
            BCu = ROL(Ase,  2);
    17c4:	00a0      	lsls	r0, r4, #2
            BCo = ROL(Ama, 41);
    17c6:	f8cd b0c8 	str.w	fp, [sp, #200]	@ 0xc8
            BCu = ROL(Ase,  2);
    17ca:	ea40 7b97 	orr.w	fp, r0, r7, lsr #30
    17ce:	00b8      	lsls	r0, r7, #2
            Ema =   BCa ^((~BCe)&  BCi );
    17d0:	9f04      	ldr	r7, [sp, #16]
            BCu = ROL(Ase,  2);
    17d2:	f8cd b014 	str.w	fp, [sp, #20]
            Ema =   BCa ^((~BCe)&  BCi );
    17d6:	ea27 0b08 	bic.w	fp, r7, r8
    17da:	ea8b 0b01 	eor.w	fp, fp, r1
            BCu = ROL(Ase,  2);
    17de:	ea40 7094 	orr.w	r0, r0, r4, lsr #30
            Ema =   BCa ^((~BCe)&  BCi );
    17e2:	465c      	mov	r4, fp
    17e4:	ea29 0b03 	bic.w	fp, r9, r3
    17e8:	ea8b 0b0e 	eor.w	fp, fp, lr
    17ec:	465d      	mov	r5, fp
            Eme =   BCe ^((~BCi)&  BCo );
    17ee:	ea22 0b07 	bic.w	fp, r2, r7
    17f2:	ea8b 0b08 	eor.w	fp, fp, r8
            Emi =   BCi ^((~BCo)&  BCu );
    17f6:	9f04      	ldr	r7, [sp, #16]
            Emu =   BCu ^((~BCa)&  BCe );
    17f8:	ea28 0801 	bic.w	r8, r8, r1
            Emo =   BCo ^((~BCu)&  BCa );
    17fc:	ea21 010a 	bic.w	r1, r1, sl
            Eme =   BCe ^((~BCi)&  BCo );
    1800:	f8cd b090 	str.w	fp, [sp, #144]	@ 0x90
            Emo =   BCo ^((~BCu)&  BCa );
    1804:	ea81 0b02 	eor.w	fp, r1, r2
    1808:	9925      	ldr	r1, [sp, #148]	@ 0x94
            Emi =   BCi ^((~BCo)&  BCu );
    180a:	ea2a 0202 	bic.w	r2, sl, r2
            Emu =   BCu ^((~BCa)&  BCe );
    180e:	ea88 080a 	eor.w	r8, r8, sl
            Emo =   BCo ^((~BCu)&  BCa );
    1812:	f8cd b098 	str.w	fp, [sp, #152]	@ 0x98
            Emi =   BCi ^((~BCo)&  BCu );
    1816:	ea82 0b07 	eor.w	fp, r2, r7
            Eme =   BCe ^((~BCi)&  BCo );
    181a:	ea2c 0209 	bic.w	r2, ip, r9
            Emu =   BCu ^((~BCa)&  BCe );
    181e:	f8cd 80a0 	str.w	r8, [sp, #160]	@ 0xa0
            Eme =   BCe ^((~BCi)&  BCo );
    1822:	ea82 0803 	eor.w	r8, r2, r3
            Emu =   BCu ^((~BCa)&  BCe );
    1826:	ea23 030e 	bic.w	r3, r3, lr
            Emo =   BCo ^((~BCu)&  BCa );
    182a:	ea2e 0e01 	bic.w	lr, lr, r1
    182e:	ea8e 0e0c 	eor.w	lr, lr, ip
            Emi =   BCi ^((~BCo)&  BCu );
    1832:	ea21 0c0c 	bic.w	ip, r1, ip
    1836:	ea8c 0c09 	eor.w	ip, ip, r9
    183a:	f8cd c094 	str.w	ip, [sp, #148]	@ 0x94
            Emu =   BCu ^((~BCa)&  BCe );
    183e:	ea83 0c01 	eor.w	ip, r3, r1
            BCa = Eba^Ega^Eka^Ema^Esa;
    1842:	9906      	ldr	r1, [sp, #24]
    1844:	9b11      	ldr	r3, [sp, #68]	@ 0x44
            Emi =   BCi ^((~BCo)&  BCu );
    1846:	f8cd b010 	str.w	fp, [sp, #16]
            BCa = Eba^Ega^Eka^Ema^Esa;
    184a:	ea81 0903 	eor.w	r9, r1, r3
    184e:	991c      	ldr	r1, [sp, #112]	@ 0x70
            Emo =   BCo ^((~BCu)&  BCa );
    1850:	f8cd e09c 	str.w	lr, [sp, #156]	@ 0x9c
            Emu =   BCu ^((~BCa)&  BCe );
    1854:	f8cd c0a4 	str.w	ip, [sp, #164]	@ 0xa4
            BCa = Eba^Ega^Eka^Ema^Esa;
    1858:	ea89 0901 	eor.w	r9, r9, r1
    185c:	942e      	str	r4, [sp, #184]	@ 0xb8
    185e:	9b09      	ldr	r3, [sp, #36]	@ 0x24
    1860:	9912      	ldr	r1, [sp, #72]	@ 0x48
    1862:	ea89 0904 	eor.w	r9, r9, r4
    1866:	9c1a      	ldr	r4, [sp, #104]	@ 0x68
    1868:	ea83 0e01 	eor.w	lr, r3, r1
    186c:	ea8e 0e04 	eor.w	lr, lr, r4
            BCe = Ebe^Ege^Eke^Eme^Ese;
    1870:	990a      	ldr	r1, [sp, #40]	@ 0x28
    1872:	9c13      	ldr	r4, [sp, #76]	@ 0x4c
            BCa = Eba^Ega^Eka^Ema^Esa;
    1874:	952f      	str	r5, [sp, #188]	@ 0xbc
    1876:	ea8e 0e05 	eor.w	lr, lr, r5
            BCe = Ebe^Ege^Eke^Eme^Ese;
    187a:	ea81 0504 	eor.w	r5, r1, r4
    187e:	9c1d      	ldr	r4, [sp, #116]	@ 0x74
    1880:	9f24      	ldr	r7, [sp, #144]	@ 0x90
    1882:	4065      	eors	r5, r4
    1884:	407d      	eors	r5, r7
            BCi = Ebi^Egi^Eki^Emi^Esi;
    1886:	465f      	mov	r7, fp
            BCe = Ebe^Ege^Eke^Eme^Ese;
    1888:	9c10      	ldr	r4, [sp, #64]	@ 0x40
    188a:	9b07      	ldr	r3, [sp, #28]
    188c:	991b      	ldr	r1, [sp, #108]	@ 0x6c
    188e:	4063      	eors	r3, r4
    1890:	404b      	eors	r3, r1
    1892:	ea83 0c08 	eor.w	ip, r3, r8
            BCi = Ebi^Egi^Eki^Emi^Esi;
    1896:	990b      	ldr	r1, [sp, #44]	@ 0x2c
    1898:	9b14      	ldr	r3, [sp, #80]	@ 0x50
    189a:	9c1e      	ldr	r4, [sp, #120]	@ 0x78
    189c:	9a15      	ldr	r2, [sp, #84]	@ 0x54
    189e:	4059      	eors	r1, r3
    18a0:	9b08      	ldr	r3, [sp, #32]
    18a2:	4061      	eors	r1, r4
    18a4:	4053      	eors	r3, r2
    18a6:	9a1f      	ldr	r2, [sp, #124]	@ 0x7c
    18a8:	4079      	eors	r1, r7
    18aa:	9f25      	ldr	r7, [sp, #148]	@ 0x94
    18ac:	4053      	eors	r3, r2
    18ae:	ea83 0b07 	eor.w	fp, r3, r7
            BCo = Ebo^Ego^Eko^Emo^Eso;
    18b2:	9a16      	ldr	r2, [sp, #88]	@ 0x58
    18b4:	9b0c      	ldr	r3, [sp, #48]	@ 0x30
            BCe = Ebe^Ege^Eke^Eme^Ese;
    18b6:	f8cd c0d4 	str.w	ip, [sp, #212]	@ 0xd4
            BCo = Ebo^Ego^Eko^Emo^Eso;
    18ba:	ea83 0c02 	eor.w	ip, r3, r2
    18be:	9a20      	ldr	r2, [sp, #128]	@ 0x80
    18c0:	9f26      	ldr	r7, [sp, #152]	@ 0x98
    18c2:	9c17      	ldr	r4, [sp, #92]	@ 0x5c
    18c4:	ea8c 0c02 	eor.w	ip, ip, r2
    18c8:	9a0d      	ldr	r2, [sp, #52]	@ 0x34
    18ca:	9b21      	ldr	r3, [sp, #132]	@ 0x84
    18cc:	ea8c 0c07 	eor.w	ip, ip, r7
    18d0:	4062      	eors	r2, r4
    18d2:	9f27      	ldr	r7, [sp, #156]	@ 0x9c
    18d4:	405a      	eors	r2, r3
    18d6:	ea82 0307 	eor.w	r3, r2, r7
            BCu = Ebu^Egu^Eku^Emu^Esu;
    18da:	9c18      	ldr	r4, [sp, #96]	@ 0x60
            BCo = Ebo^Ego^Eko^Emo^Eso;
    18dc:	9336      	str	r3, [sp, #216]	@ 0xd8
            BCu = Ebu^Egu^Eku^Emu^Esu;
    18de:	9b22      	ldr	r3, [sp, #136]	@ 0x88
    18e0:	9a0e      	ldr	r2, [sp, #56]	@ 0x38
    18e2:	4063      	eors	r3, r4
            BCe = Ebe^Ege^Eke^Eme^Ese;
    18e4:	f8cd 80c0 	str.w	r8, [sp, #192]	@ 0xc0
            BCu = Ebu^Egu^Eku^Emu^Esu;
    18e8:	4053      	eors	r3, r2
    18ea:	9f28      	ldr	r7, [sp, #160]	@ 0xa0
    18ec:	9a19      	ldr	r2, [sp, #100]	@ 0x64
    18ee:	9c23      	ldr	r4, [sp, #140]	@ 0x8c
    18f0:	407b      	eors	r3, r7
    18f2:	4054      	eors	r4, r2
    18f4:	9a0f      	ldr	r2, [sp, #60]	@ 0x3c
    18f6:	9f29      	ldr	r7, [sp, #164]	@ 0xa4
    18f8:	4054      	eors	r4, r2
    18fa:	ea84 0207 	eor.w	r2, r4, r7
    18fe:	9237      	str	r2, [sp, #220]	@ 0xdc
            Esa =   BCa ^((~BCe)&  BCi );
    1900:	9a02      	ldr	r2, [sp, #8]
    1902:	9f2c      	ldr	r7, [sp, #176]	@ 0xb0
    1904:	ea22 0806 	bic.w	r8, r2, r6
    1908:	9c03      	ldr	r4, [sp, #12]
    190a:	9a2b      	ldr	r2, [sp, #172]	@ 0xac
    190c:	ea88 0807 	eor.w	r8, r8, r7
            BCa = Eba^Ega^Eka^Ema^Esa;
    1910:	ea89 0908 	eor.w	r9, r9, r8
    1914:	f8cd 90b0 	str.w	r9, [sp, #176]	@ 0xb0
            Esa =   BCa ^((~BCe)&  BCi );
    1918:	ea24 0902 	bic.w	r9, r4, r2
    191c:	9a2a      	ldr	r2, [sp, #168]	@ 0xa8
            Ese =   BCe ^((~BCi)&  BCo );
    191e:	9c31      	ldr	r4, [sp, #196]	@ 0xc4
            Esa =   BCa ^((~BCe)&  BCi );
    1920:	ea89 0902 	eor.w	r9, r9, r2
            Ese =   BCe ^((~BCi)&  BCo );
    1924:	9a02      	ldr	r2, [sp, #8]
            BCa = Eba^Ega^Eka^Ema^Esa;
    1926:	ea8e 0e09 	eor.w	lr, lr, r9
    192a:	f8cd e0b4 	str.w	lr, [sp, #180]	@ 0xb4
            Ese =   BCe ^((~BCi)&  BCo );
    192e:	ea24 0e02 	bic.w	lr, r4, r2
            Eso =   BCo ^((~BCu)&  BCa );
    1932:	4622      	mov	r2, r4
            Ese =   BCe ^((~BCi)&  BCo );
    1934:	ea8e 0e06 	eor.w	lr, lr, r6
            Eso =   BCo ^((~BCu)&  BCa );
    1938:	ea27 0a00 	bic.w	sl, r7, r0
            Esu =   BCu ^((~BCa)&  BCe );
    193c:	ea26 0607 	bic.w	r6, r6, r7
            Esi =   BCi ^((~BCo)&  BCu );
    1940:	ea20 0702 	bic.w	r7, r0, r2
    1944:	9a02      	ldr	r2, [sp, #8]
            Eso =   BCo ^((~BCu)&  BCa );
    1946:	ea8a 0a04 	eor.w	sl, sl, r4
    194a:	4654      	mov	r4, sl
            Esi =   BCi ^((~BCo)&  BCu );
    194c:	ea87 0a02 	eor.w	sl, r7, r2
    1950:	4657      	mov	r7, sl
            Esu =   BCu ^((~BCa)&  BCe );
    1952:	ea86 0a00 	eor.w	sl, r6, r0
    1956:	4650      	mov	r0, sl
            BCe = Ebe^Ege^Eke^Eme^Ese;
    1958:	ea85 060e 	eor.w	r6, r5, lr
            BCo = Ebo^Ego^Eko^Emo^Eso;
    195c:	ea8c 0a04 	eor.w	sl, ip, r4
            BCe = Ebe^Ege^Eke^Eme^Ese;
    1960:	9602      	str	r6, [sp, #8]
            BCo = Ebo^Ego^Eko^Emo^Eso;
    1962:	9433      	str	r4, [sp, #204]	@ 0xcc
            Ese =   BCe ^((~BCi)&  BCo );
    1964:	9e03      	ldr	r6, [sp, #12]
    1966:	9c32      	ldr	r4, [sp, #200]	@ 0xc8
            Esu =   BCu ^((~BCa)&  BCe );
    1968:	9a2a      	ldr	r2, [sp, #168]	@ 0xa8
            BCu = Ebu^Egu^Eku^Emu^Esu;
    196a:	4043      	eors	r3, r0
    196c:	9034      	str	r0, [sp, #208]	@ 0xd0
            Ese =   BCe ^((~BCi)&  BCo );
    196e:	982b      	ldr	r0, [sp, #172]	@ 0xac
    1970:	ea24 0606 	bic.w	r6, r4, r6
            BCi = Ebi^Egi^Eki^Emi^Esi;
    1974:	4079      	eors	r1, r7
            Ese =   BCe ^((~BCi)&  BCo );
    1976:	4046      	eors	r6, r0
            BCi = Ebi^Egi^Eki^Emi^Esi;
    1978:	9731      	str	r7, [sp, #196]	@ 0xc4
            Esu =   BCu ^((~BCa)&  BCe );
    197a:	ea20 0702 	bic.w	r7, r0, r2
            Eso =   BCo ^((~BCu)&  BCa );
    197e:	9805      	ldr	r0, [sp, #20]
    1980:	ea22 0000 	bic.w	r0, r2, r0
    1984:	ea80 0c04 	eor.w	ip, r0, r4
    1988:	4665      	mov	r5, ip
            Esu =   BCu ^((~BCa)&  BCe );
    198a:	9a05      	ldr	r2, [sp, #20]
            Esi =   BCi ^((~BCo)&  BCu );
    198c:	9805      	ldr	r0, [sp, #20]
            Esu =   BCu ^((~BCa)&  BCe );
    198e:	ea87 0c02 	eor.w	ip, r7, r2
            Esi =   BCi ^((~BCo)&  BCu );
    1992:	ea20 0004 	bic.w	r0, r0, r4
            BCe = Ebe^Ege^Eke^Eme^Ese;
    1996:	9a35      	ldr	r2, [sp, #212]	@ 0xd4
            Esi =   BCi ^((~BCo)&  BCu );
    1998:	9c03      	ldr	r4, [sp, #12]
            BCo = Ebo^Ego^Eko^Emo^Eso;
    199a:	9503      	str	r5, [sp, #12]
            Esi =   BCi ^((~BCo)&  BCu );
    199c:	4060      	eors	r0, r4
            Esu =   BCu ^((~BCa)&  BCe );
    199e:	4664      	mov	r4, ip
            BCe = Ebe^Ege^Eke^Eme^Ese;
    19a0:	ea82 0c06 	eor.w	ip, r2, r6
            BCo = Ebo^Ego^Eko^Emo^Eso;
    19a4:	462a      	mov	r2, r5
    19a6:	9d36      	ldr	r5, [sp, #216]	@ 0xd8
            BCu = Ebu^Egu^Eku^Emu^Esu;
    19a8:	9405      	str	r4, [sp, #20]
            BCo = Ebo^Ego^Eko^Emo^Eso;
    19aa:	4055      	eors	r5, r2
    19ac:	462a      	mov	r2, r5
            BCu = Ebu^Egu^Eku^Emu^Esu;
    19ae:	9d37      	ldr	r5, [sp, #220]	@ 0xdc
            BCi = Ebi^Egi^Eki^Emi^Esi;
    19b0:	ea8b 0700 	eor.w	r7, fp, r0
            BCu = Ebu^Egu^Eku^Emu^Esu;
    19b4:	4065      	eors	r5, r4
    19b6:	462c      	mov	r4, r5
            Da = BCu^ROL(BCe, 1);
    19b8:	9d02      	ldr	r5, [sp, #8]
    19ba:	ea4f 0b4c 	mov.w	fp, ip, lsl #1
    19be:	ea4b 7bd5 	orr.w	fp, fp, r5, lsr #31
            Eka ^= Da;
    19c2:	9d1a      	ldr	r5, [sp, #104]	@ 0x68
            Da = BCu^ROL(BCe, 1);
    19c4:	ea8b 0b04 	eor.w	fp, fp, r4
            Eka ^= Da;
    19c8:	ea85 050b 	eor.w	r5, r5, fp
    19cc:	952a      	str	r5, [sp, #168]	@ 0xa8
            Ega ^= Da;
    19ce:	9d12      	ldr	r5, [sp, #72]	@ 0x48
            Esa ^= Da;
    19d0:	ea89 090b 	eor.w	r9, r9, fp
    19d4:	f8cd 90c8 	str.w	r9, [sp, #200]	@ 0xc8
            Ega ^= Da;
    19d8:	ea85 090b 	eor.w	r9, r5, fp
            Ema ^= Da;
    19dc:	9d2f      	ldr	r5, [sp, #188]	@ 0xbc
            Ega ^= Da;
    19de:	f8cd 90d8 	str.w	r9, [sp, #216]	@ 0xd8
            Ema ^= Da;
    19e2:	ea85 090b 	eor.w	r9, r5, fp
            Eba ^= Da;
    19e6:	9d09      	ldr	r5, [sp, #36]	@ 0x24
            Ema ^= Da;
    19e8:	f8cd 90f0 	str.w	r9, [sp, #240]	@ 0xf0
            Eba ^= Da;
    19ec:	ea85 090b 	eor.w	r9, r5, fp
            Da = BCu^ROL(BCe, 1);
    19f0:	9d02      	ldr	r5, [sp, #8]
            Eba ^= Da;
    19f2:	f8cd 9048 	str.w	r9, [sp, #72]	@ 0x48
            Da = BCu^ROL(BCe, 1);
    19f6:	ea4f 0945 	mov.w	r9, r5, lsl #1
    19fa:	ea49 79dc 	orr.w	r9, r9, ip, lsr #31
            Eka ^= Da;
    19fe:	9d1c      	ldr	r5, [sp, #112]	@ 0x70
            Da = BCu^ROL(BCe, 1);
    1a00:	ea89 0903 	eor.w	r9, r9, r3
            Eka ^= Da;
    1a04:	ea85 0b09 	eor.w	fp, r5, r9
            Ega ^= Da;
    1a08:	9d11      	ldr	r5, [sp, #68]	@ 0x44
            Esa ^= Da;
    1a0a:	ea88 0809 	eor.w	r8, r8, r9
    1a0e:	f8cd 80bc 	str.w	r8, [sp, #188]	@ 0xbc
            Ega ^= Da;
    1a12:	ea85 0809 	eor.w	r8, r5, r9
            Ema ^= Da;
    1a16:	9d2e      	ldr	r5, [sp, #184]	@ 0xb8
            Ega ^= Da;
    1a18:	f8cd 80d4 	str.w	r8, [sp, #212]	@ 0xd4
            Ema ^= Da;
    1a1c:	ea85 0809 	eor.w	r8, r5, r9
            Eba ^= Da;
    1a20:	9d06      	ldr	r5, [sp, #24]
            Ema ^= Da;
    1a22:	f8cd 80ec 	str.w	r8, [sp, #236]	@ 0xec
            Eba ^= Da;
    1a26:	ea85 0809 	eor.w	r8, r5, r9
    1a2a:	f8cd 8044 	str.w	r8, [sp, #68]	@ 0x44
            De = BCa^ROL(BCi, 1);
    1a2e:	9d2d      	ldr	r5, [sp, #180]	@ 0xb4
    1a30:	ea4f 0847 	mov.w	r8, r7, lsl #1
    1a34:	ea48 78d1 	orr.w	r8, r8, r1, lsr #31
    1a38:	ea88 0805 	eor.w	r8, r8, r5
            Ege ^= De;
    1a3c:	9d10      	ldr	r5, [sp, #64]	@ 0x40
            Eka ^= Da;
    1a3e:	f8cd b068 	str.w	fp, [sp, #104]	@ 0x68
            Ege ^= De;
    1a42:	ea85 0908 	eor.w	r9, r5, r8
            Eme ^= De;
    1a46:	9d30      	ldr	r5, [sp, #192]	@ 0xc0
            Ege ^= De;
    1a48:	f8cd 9018 	str.w	r9, [sp, #24]
            Eme ^= De;
    1a4c:	ea85 0908 	eor.w	r9, r5, r8
            Ebe ^= De;
    1a50:	9d07      	ldr	r5, [sp, #28]
            Eme ^= De;
    1a52:	f8cd 9070 	str.w	r9, [sp, #112]	@ 0x70
            Ebe ^= De;
    1a56:	ea85 0908 	eor.w	r9, r5, r8
            Eke ^= De;
    1a5a:	9d1b      	ldr	r5, [sp, #108]	@ 0x6c
            Ebe ^= De;
    1a5c:	f8cd 90ac 	str.w	r9, [sp, #172]	@ 0xac
            Eke ^= De;
    1a60:	ea85 0908 	eor.w	r9, r5, r8
            Ese ^= De;
    1a64:	ea86 0808 	eor.w	r8, r6, r8
    1a68:	f8cd 80f4 	str.w	r8, [sp, #244]	@ 0xf4
            De = BCa^ROL(BCi, 1);
    1a6c:	9e2c      	ldr	r6, [sp, #176]	@ 0xb0
    1a6e:	ea4f 0841 	mov.w	r8, r1, lsl #1
    1a72:	ea48 78d7 	orr.w	r8, r8, r7, lsr #31
    1a76:	ea88 0806 	eor.w	r8, r8, r6
            Eke ^= De;
    1a7a:	f8cd 90dc 	str.w	r9, [sp, #220]	@ 0xdc
            Ege ^= De;
    1a7e:	9e13      	ldr	r6, [sp, #76]	@ 0x4c
            Eme ^= De;
    1a80:	9d24      	ldr	r5, [sp, #144]	@ 0x90
            Ese ^= De;
    1a82:	ea8e 0e08 	eor.w	lr, lr, r8
            Eme ^= De;
    1a86:	ea85 0908 	eor.w	r9, r5, r8
            Ebe ^= De;
    1a8a:	9d0a      	ldr	r5, [sp, #40]	@ 0x28
            Ese ^= De;
    1a8c:	f8cd e040 	str.w	lr, [sp, #64]	@ 0x40
            Di = BCe^ROL(BCo, 1);
    1a90:	ea4f 0e42 	mov.w	lr, r2, lsl #1
            Eme ^= De;
    1a94:	f8cd 906c 	str.w	r9, [sp, #108]	@ 0x6c
            Di = BCe^ROL(BCo, 1);
    1a98:	ea4e 7eda 	orr.w	lr, lr, sl, lsr #31
            Ebe ^= De;
    1a9c:	ea85 0908 	eor.w	r9, r5, r8
            Eke ^= De;
    1aa0:	9d1d      	ldr	r5, [sp, #116]	@ 0x74
            Di = BCe^ROL(BCo, 1);
    1aa2:	ea8e 0e0c 	eor.w	lr, lr, ip
            Ege ^= De;
    1aa6:	ea86 0608 	eor.w	r6, r6, r8
            Ebe ^= De;
    1aaa:	f8cd 9090 	str.w	r9, [sp, #144]	@ 0x90
            Eke ^= De;
    1aae:	ea85 0908 	eor.w	r9, r5, r8
            Esi ^= Di;
    1ab2:	ea80 080e 	eor.w	r8, r0, lr
            Egi ^= Di;
    1ab6:	9815      	ldr	r0, [sp, #84]	@ 0x54
            Eki ^= Di;
    1ab8:	9d1f      	ldr	r5, [sp, #124]	@ 0x7c
            Esi ^= Di;
    1aba:	f8cd 807c 	str.w	r8, [sp, #124]	@ 0x7c
            Egi ^= Di;
    1abe:	ea80 080e 	eor.w	r8, r0, lr
            Emi ^= Di;
    1ac2:	9825      	ldr	r0, [sp, #148]	@ 0x94
            Egi ^= Di;
    1ac4:	f8cd 80b8 	str.w	r8, [sp, #184]	@ 0xb8
            Emi ^= Di;
    1ac8:	ea80 080e 	eor.w	r8, r0, lr
            Ebi ^= Di;
    1acc:	9808      	ldr	r0, [sp, #32]
            Eki ^= Di;
    1ace:	ea85 0c0e 	eor.w	ip, r5, lr
            Di = BCe^ROL(BCo, 1);
    1ad2:	9d02      	ldr	r5, [sp, #8]
            Ebi ^= Di;
    1ad4:	ea80 0e0e 	eor.w	lr, r0, lr
            Di = BCe^ROL(BCo, 1);
    1ad8:	ea4f 004a 	mov.w	r0, sl, lsl #1
    1adc:	ea40 70d2 	orr.w	r0, r0, r2, lsr #31
    1ae0:	4068      	eors	r0, r5
            Eki ^= Di;
    1ae2:	9d1e      	ldr	r5, [sp, #120]	@ 0x78
            Ebi ^= Di;
    1ae4:	f8cd e0e4 	str.w	lr, [sp, #228]	@ 0xe4
            Eki ^= Di;
    1ae8:	ea85 0e00 	eor.w	lr, r5, r0
            Esi ^= Di;
    1aec:	9d31      	ldr	r5, [sp, #196]	@ 0xc4
            Emi ^= Di;
    1aee:	f8cd 80e0 	str.w	r8, [sp, #224]	@ 0xe0
            Esi ^= Di;
    1af2:	ea85 0800 	eor.w	r8, r5, r0
            Egi ^= Di;
    1af6:	9d14      	ldr	r5, [sp, #80]	@ 0x50
            Esi ^= Di;
    1af8:	f8cd 8074 	str.w	r8, [sp, #116]	@ 0x74
            Egi ^= Di;
    1afc:	ea85 0800 	eor.w	r8, r5, r0
            Emi ^= Di;
    1b00:	9d04      	ldr	r5, [sp, #16]
            Egi ^= Di;
    1b02:	f8cd 8078 	str.w	r8, [sp, #120]	@ 0x78
            Emi ^= Di;
    1b06:	ea85 0800 	eor.w	r8, r5, r0
            Ebi ^= Di;
    1b0a:	9d0b      	ldr	r5, [sp, #44]	@ 0x2c
            Emi ^= Di;
    1b0c:	f8cd 801c 	str.w	r8, [sp, #28]
            Ebi ^= Di;
    1b10:	ea85 0800 	eor.w	r8, r5, r0
            Do = BCi^ROL(BCu, 1);
    1b14:	0060      	lsls	r0, r4, #1
    1b16:	ea40 70d3 	orr.w	r0, r0, r3, lsr #31
    1b1a:	005b      	lsls	r3, r3, #1
    1b1c:	4078      	eors	r0, r7
    1b1e:	ea43 73d4 	orr.w	r3, r3, r4, lsr #31
            Emo ^= Do;
    1b22:	9f26      	ldr	r7, [sp, #152]	@ 0x98
            Do = BCi^ROL(BCu, 1);
    1b24:	404b      	eors	r3, r1
            Eko ^= Do;
    1b26:	9d20      	ldr	r5, [sp, #128]	@ 0x80
            Emo ^= Do;
    1b28:	ea87 0403 	eor.w	r4, r7, r3
            Ebo ^= Do;
    1b2c:	990c      	ldr	r1, [sp, #48]	@ 0x30
            Emo ^= Do;
    1b2e:	9f27      	ldr	r7, [sp, #156]	@ 0x9c
            Eko ^= Do;
    1b30:	ea85 0b03 	eor.w	fp, r5, r3
            Eke ^= De;
    1b34:	f8cd 90c0 	str.w	r9, [sp, #192]	@ 0xc0
            Ebi ^= Di;
    1b38:	f8cd 8020 	str.w	r8, [sp, #32]
            Emo ^= Do;
    1b3c:	ea87 0900 	eor.w	r9, r7, r0
            Eko ^= Do;
    1b40:	f8cd b080 	str.w	fp, [sp, #128]	@ 0x80
            Ebo ^= Do;
    1b44:	ea81 0703 	eor.w	r7, r1, r3
    1b48:	990d      	ldr	r1, [sp, #52]	@ 0x34
            Eko ^= Do;
    1b4a:	9d21      	ldr	r5, [sp, #132]	@ 0x84
            Ebo ^= Do;
    1b4c:	ea81 0800 	eor.w	r8, r1, r0
            Eko ^= Do;
    1b50:	ea85 0b00 	eor.w	fp, r5, r0
            Eso ^= Do;
    1b54:	9d33      	ldr	r5, [sp, #204]	@ 0xcc
            Eko ^= Do;
    1b56:	f8cd b084 	str.w	fp, [sp, #132]	@ 0x84
            Eso ^= Do;
    1b5a:	ea85 0b03 	eor.w	fp, r5, r3
            Ego ^= Do;
    1b5e:	9d16      	ldr	r5, [sp, #88]	@ 0x58
            Eso ^= Do;
    1b60:	f8cd b0c4 	str.w	fp, [sp, #196]	@ 0xc4
            Ego ^= Do;
    1b64:	ea85 0b03 	eor.w	fp, r5, r3
            Eso ^= Do;
    1b68:	9d03      	ldr	r5, [sp, #12]
            Ego ^= Do;
    1b6a:	9b17      	ldr	r3, [sp, #92]	@ 0x5c
    1b6c:	f8cd b0e8 	str.w	fp, [sp, #232]	@ 0xe8
            Eso ^= Do;
    1b70:	ea85 0b00 	eor.w	fp, r5, r0
            Du = BCo^ROL(BCa, 1);
    1b74:	992c      	ldr	r1, [sp, #176]	@ 0xb0
            Eso ^= Do;
    1b76:	f8cd b0cc 	str.w	fp, [sp, #204]	@ 0xcc
            Ego ^= Do;
    1b7a:	ea83 0b00 	eor.w	fp, r3, r0
            Du = BCo^ROL(BCa, 1);
    1b7e:	982d      	ldr	r0, [sp, #180]	@ 0xb4
            Ego ^= Do;
    1b80:	f8cd b024 	str.w	fp, [sp, #36]	@ 0x24
            Du = BCo^ROL(BCa, 1);
    1b84:	004b      	lsls	r3, r1, #1
    1b86:	ea4f 0b40 	mov.w	fp, r0, lsl #1
    1b8a:	ea4b 7bd1 	orr.w	fp, fp, r1, lsr #31
    1b8e:	ea43 73d0 	orr.w	r3, r3, r0, lsr #31
            Emu ^= Du;
    1b92:	9928      	ldr	r1, [sp, #160]	@ 0xa0
            Du = BCo^ROL(BCa, 1);
    1b94:	ea83 030a 	eor.w	r3, r3, sl
            Emu ^= Du;
    1b98:	4059      	eors	r1, r3
    1b9a:	9125      	str	r1, [sp, #148]	@ 0x94
    1b9c:	9929      	ldr	r1, [sp, #164]	@ 0xa4
            Du = BCo^ROL(BCa, 1);
    1b9e:	ea8b 0b02 	eor.w	fp, fp, r2
            Esu ^= Du;
    1ba2:	9834      	ldr	r0, [sp, #208]	@ 0xd0
            Emu ^= Du;
    1ba4:	ea81 010b 	eor.w	r1, r1, fp
    1ba8:	9126      	str	r1, [sp, #152]	@ 0x98
            Ebu ^= Du;
    1baa:	990e      	ldr	r1, [sp, #56]	@ 0x38
            Esu ^= Du;
    1bac:	ea80 0503 	eor.w	r5, r0, r3
    1bb0:	9805      	ldr	r0, [sp, #20]
            Ebu ^= Du;
    1bb2:	4059      	eors	r1, r3
            Esu ^= Du;
    1bb4:	ea80 0a0b 	eor.w	sl, r0, fp
            Ebu ^= Du;
    1bb8:	9127      	str	r1, [sp, #156]	@ 0x9c
            Egu ^= Du;
    1bba:	9818      	ldr	r0, [sp, #96]	@ 0x60
            Eku ^= Du;
    1bbc:	9922      	ldr	r1, [sp, #136]	@ 0x88
            Egu ^= Du;
    1bbe:	4058      	eors	r0, r3
            Eku ^= Du;
    1bc0:	404b      	eors	r3, r1
            Ebu ^= Du;
    1bc2:	990f      	ldr	r1, [sp, #60]	@ 0x3c
            Eku ^= Du;
    1bc4:	9334      	str	r3, [sp, #208]	@ 0xd0
            Ebu ^= Du;
    1bc6:	ea81 030b 	eor.w	r3, r1, fp
            Egu ^= Du;
    1bca:	9a19      	ldr	r2, [sp, #100]	@ 0x64
            Ebu ^= Du;
    1bcc:	9322      	str	r3, [sp, #136]	@ 0x88
            Eku ^= Du;
    1bce:	9b23      	ldr	r3, [sp, #140]	@ 0x8c
            Egu ^= Du;
    1bd0:	ea82 020b 	eor.w	r2, r2, fp
            Eku ^= Du;
    1bd4:	ea83 0b0b 	eor.w	fp, r3, fp
            Aba ^= (uint64_t)KeccakF_RoundConstants[round+1];
    1bd8:	9b01      	ldr	r3, [sp, #4]
    1bda:	9911      	ldr	r1, [sp, #68]	@ 0x44
    1bdc:	689b      	ldr	r3, [r3, #8]
            Eku ^= Du;
    1bde:	f8cd b02c 	str.w	fp, [sp, #44]	@ 0x2c
            Aba ^= (uint64_t)KeccakF_RoundConstants[round+1];
    1be2:	ea81 0b03 	eor.w	fp, r1, r3
    1be6:	f8cd b030 	str.w	fp, [sp, #48]	@ 0x30
    1bea:	9901      	ldr	r1, [sp, #4]
    1bec:	68cb      	ldr	r3, [r1, #12]
        for(round = 0; round < NROUNDS; round += 2) {
    1bee:	f101 0b10 	add.w	fp, r1, #16
            Aba ^= (uint64_t)KeccakF_RoundConstants[round+1];
    1bf2:	9912      	ldr	r1, [sp, #72]	@ 0x48
        for(round = 0; round < NROUNDS; round += 2) {
    1bf4:	f8cd b004 	str.w	fp, [sp, #4]
            Aba ^= (uint64_t)KeccakF_RoundConstants[round+1];
    1bf8:	ea81 0b03 	eor.w	fp, r1, r3
            BCe = ROL(Ege, 44);
    1bfc:	9906      	ldr	r1, [sp, #24]
    1bfe:	0d33      	lsrs	r3, r6, #20
            Aba ^= (uint64_t)KeccakF_RoundConstants[round+1];
    1c00:	f8cd b038 	str.w	fp, [sp, #56]	@ 0x38
            BCe = ROL(Ege, 44);
    1c04:	ea43 3b01 	orr.w	fp, r3, r1, lsl #12
    1c08:	0d0b      	lsrs	r3, r1, #20
    1c0a:	ea43 3606 	orr.w	r6, r3, r6, lsl #12
            BCi = ROL(Eki, 43);
    1c0e:	ea4f 535e 	mov.w	r3, lr, lsr #21
            BCe = ROL(Ege, 44);
    1c12:	960a      	str	r6, [sp, #40]	@ 0x28
            BCi = ROL(Eki, 43);
    1c14:	ea43 26cc 	orr.w	r6, r3, ip, lsl #11
    1c18:	ea4f 5c5c 	mov.w	ip, ip, lsr #21
    1c1c:	ea4c 2cce 	orr.w	ip, ip, lr, lsl #11
            BCo = ROL(Emo, 21);
    1c20:	ea4f 5349 	mov.w	r3, r9, lsl #21
            BCi = ROL(Eki, 43);
    1c24:	f8cd c00c 	str.w	ip, [sp, #12]
            BCo = ROL(Emo, 21);
    1c28:	ea43 2cd4 	orr.w	ip, r3, r4, lsr #11
            BCu = ROL(Esu, 14);
    1c2c:	ea4f 338a 	mov.w	r3, sl, lsl #14
            BCo = ROL(Emo, 21);
    1c30:	f8cd c034 	str.w	ip, [sp, #52]	@ 0x34
            BCu = ROL(Esu, 14);
    1c34:	ea43 4c95 	orr.w	ip, r3, r5, lsr #18
            BCa = ROL(Ebo, 28);
    1c38:	ea4f 7308 	mov.w	r3, r8, lsl #28
            BCu = ROL(Esu, 14);
    1c3c:	f8cd c010 	str.w	ip, [sp, #16]
            BCa = ROL(Ebo, 28);
    1c40:	ea43 1c17 	orr.w	ip, r3, r7, lsr #4
    1c44:	073f      	lsls	r7, r7, #28
            BCe = ROL(Egu, 20);
    1c46:	0513      	lsls	r3, r2, #20
            BCa = ROL(Ebo, 28);
    1c48:	f8cd c054 	str.w	ip, [sp, #84]	@ 0x54
    1c4c:	ea47 1c18 	orr.w	ip, r7, r8, lsr #4
    1c50:	f8cd c03c 	str.w	ip, [sp, #60]	@ 0x3c
            BCe = ROL(Egu, 20);
    1c54:	ea43 3c10 	orr.w	ip, r3, r0, lsr #12
    1c58:	0500      	lsls	r0, r0, #20
    1c5a:	ea40 3012 	orr.w	r0, r0, r2, lsr #12
    1c5e:	9013      	str	r0, [sp, #76]	@ 0x4c
            BCi = ROL(Eka, 3);
    1c60:	981a      	ldr	r0, [sp, #104]	@ 0x68
    1c62:	9f2a      	ldr	r7, [sp, #168]	@ 0xa8
    1c64:	00c2      	lsls	r2, r0, #3
    1c66:	00fb      	lsls	r3, r7, #3
    1c68:	ea42 7257 	orr.w	r2, r2, r7, lsr #29
            BCo = ROL(Eme, 45);
    1c6c:	9f1c      	ldr	r7, [sp, #112]	@ 0x70
    1c6e:	991b      	ldr	r1, [sp, #108]	@ 0x6c
            BCe = ROL(Egu, 20);
    1c70:	f8cd c050 	str.w	ip, [sp, #80]	@ 0x50
            BCi = ROL(Eka, 3);
    1c74:	ea43 7c50 	orr.w	ip, r3, r0, lsr #29
            BCo = ROL(Eme, 45);
    1c78:	0cfb      	lsrs	r3, r7, #19
            BCi = ROL(Eki, 43);
    1c7a:	9602      	str	r6, [sp, #8]
            BCi = ROL(Eka, 3);
    1c7c:	f8cd c058 	str.w	ip, [sp, #88]	@ 0x58
            BCo = ROL(Eme, 45);
    1c80:	0cce      	lsrs	r6, r1, #19
    1c82:	ea43 3c41 	orr.w	ip, r3, r1, lsl #13
            BCu = ROL(Esi, 61);
    1c86:	991d      	ldr	r1, [sp, #116]	@ 0x74
    1c88:	9b1f      	ldr	r3, [sp, #124]	@ 0x7c
            BCo = ROL(Eme, 45);
    1c8a:	ea46 3647 	orr.w	r6, r6, r7, lsl #13
            BCu = ROL(Esi, 61);
    1c8e:	08cf      	lsrs	r7, r1, #3
    1c90:	ea47 7743 	orr.w	r7, r7, r3, lsl #29
    1c94:	08db      	lsrs	r3, r3, #3
            BCo = ROL(Eme, 45);
    1c96:	f8cd c05c 	str.w	ip, [sp, #92]	@ 0x5c
            BCu = ROL(Esi, 61);
    1c9a:	ea43 7c41 	orr.w	ip, r3, r1, lsl #29
            BCa = ROL(Ebe, 1);
    1c9e:	992b      	ldr	r1, [sp, #172]	@ 0xac
            BCi = ROL(Eka, 3);
    1ca0:	9205      	str	r2, [sp, #20]
            BCa = ROL(Ebe, 1);
    1ca2:	9a24      	ldr	r2, [sp, #144]	@ 0x90
    1ca4:	004b      	lsls	r3, r1, #1
            BCu = ROL(Esi, 61);
    1ca6:	f8cd c060 	str.w	ip, [sp, #96]	@ 0x60
            BCa = ROL(Ebe, 1);
    1caa:	ea43 7cd2 	orr.w	ip, r3, r2, lsr #31
    1cae:	0053      	lsls	r3, r2, #1
    1cb0:	f8cd c068 	str.w	ip, [sp, #104]	@ 0x68
    1cb4:	ea43 7cd1 	orr.w	ip, r3, r1, lsr #31
            BCe = ROL(Egi, 6);
    1cb8:	992e      	ldr	r1, [sp, #184]	@ 0xb8
    1cba:	981e      	ldr	r0, [sp, #120]	@ 0x78
    1cbc:	018b      	lsls	r3, r1, #6
            BCa = ROL(Ebe, 1);
    1cbe:	f8cd c064 	str.w	ip, [sp, #100]	@ 0x64
            BCe = ROL(Egi, 6);
    1cc2:	ea43 6c90 	orr.w	ip, r3, r0, lsr #26
    1cc6:	0183      	lsls	r3, r0, #6
    1cc8:	f8cd c070 	str.w	ip, [sp, #112]	@ 0x70
    1ccc:	ea43 6c91 	orr.w	ip, r3, r1, lsr #26
    1cd0:	f8cd c06c 	str.w	ip, [sp, #108]	@ 0x6c
            BCi = ROL(Eko, 25);
    1cd4:	9821      	ldr	r0, [sp, #132]	@ 0x84
    1cd6:	9a20      	ldr	r2, [sp, #128]	@ 0x80
    1cd8:	0643      	lsls	r3, r0, #25
    1cda:	ea43 1cd2 	orr.w	ip, r3, r2, lsr #7
    1cde:	0653      	lsls	r3, r2, #25
            BCo = ROL(Emu, 8);
    1ce0:	9a26      	ldr	r2, [sp, #152]	@ 0x98
    1ce2:	9925      	ldr	r1, [sp, #148]	@ 0x94
            BCi = ROL(Eko, 25);
    1ce4:	f8cd c074 	str.w	ip, [sp, #116]	@ 0x74
    1ce8:	ea43 1cd0 	orr.w	ip, r3, r0, lsr #7
            BCo = ROL(Emu, 8);
    1cec:	0213      	lsls	r3, r2, #8
            BCi = ROL(Eko, 25);
    1cee:	f8cd c018 	str.w	ip, [sp, #24]
            BCo = ROL(Emu, 8);
    1cf2:	ea43 6c11 	orr.w	ip, r3, r1, lsr #24
    1cf6:	0209      	lsls	r1, r1, #8
    1cf8:	ea41 6112 	orr.w	r1, r1, r2, lsr #24
            BCu = ROL(Esa, 18);
    1cfc:	9a32      	ldr	r2, [sp, #200]	@ 0xc8
    1cfe:	982f      	ldr	r0, [sp, #188]	@ 0xbc
    1d00:	0493      	lsls	r3, r2, #18
            BCo = ROL(Emu, 8);
    1d02:	f8cd c07c 	str.w	ip, [sp, #124]	@ 0x7c
            BCu = ROL(Esa, 18);
    1d06:	ea4f 4e80 	mov.w	lr, r0, lsl #18
    1d0a:	ea43 3c90 	orr.w	ip, r3, r0, lsr #14
            BCa = ROL(Ebu, 27);
    1d0e:	9822      	ldr	r0, [sp, #136]	@ 0x88
            BCu = ROL(Esa, 18);
    1d10:	ea4e 3e92 	orr.w	lr, lr, r2, lsr #14
            BCa = ROL(Ebu, 27);
    1d14:	9a27      	ldr	r2, [sp, #156]	@ 0x9c
    1d16:	06c3      	lsls	r3, r0, #27
            BCu = ROL(Esa, 18);
    1d18:	f8cd c080 	str.w	ip, [sp, #128]	@ 0x80
            BCa = ROL(Ebu, 27);
    1d1c:	ea43 1c52 	orr.w	ip, r3, r2, lsr #5
    1d20:	06d3      	lsls	r3, r2, #27
    1d22:	f8cd c088 	str.w	ip, [sp, #136]	@ 0x88
    1d26:	ea43 1c50 	orr.w	ip, r3, r0, lsr #5
            BCe = ROL(Ega, 36);
    1d2a:	9835      	ldr	r0, [sp, #212]	@ 0xd4
    1d2c:	9a36      	ldr	r2, [sp, #216]	@ 0xd8
    1d2e:	0f03      	lsrs	r3, r0, #28
            BCa = ROL(Ebu, 27);
    1d30:	f8cd c084 	str.w	ip, [sp, #132]	@ 0x84
            BCe = ROL(Ega, 36);
    1d34:	ea43 1c02 	orr.w	ip, r3, r2, lsl #4
    1d38:	0f13      	lsrs	r3, r2, #28
            BCi = ROL(Eke, 10);
    1d3a:	9a37      	ldr	r2, [sp, #220]	@ 0xdc
            BCe = ROL(Ega, 36);
    1d3c:	f8cd c08c 	str.w	ip, [sp, #140]	@ 0x8c
    1d40:	ea43 1c00 	orr.w	ip, r3, r0, lsl #4
            BCi = ROL(Eke, 10);
    1d44:	9830      	ldr	r0, [sp, #192]	@ 0xc0
    1d46:	0293      	lsls	r3, r2, #10
            BCe = ROL(Ega, 36);
    1d48:	f8cd c090 	str.w	ip, [sp, #144]	@ 0x90
            BCi = ROL(Eke, 10);
    1d4c:	ea43 5c90 	orr.w	ip, r3, r0, lsr #22
    1d50:	0283      	lsls	r3, r0, #10
    1d52:	f8cd c098 	str.w	ip, [sp, #152]	@ 0x98
    1d56:	ea43 5c92 	orr.w	ip, r3, r2, lsr #22
            BCo = ROL(Emi, 15);
    1d5a:	9a38      	ldr	r2, [sp, #224]	@ 0xe0
    1d5c:	9807      	ldr	r0, [sp, #28]
    1d5e:	03d3      	lsls	r3, r2, #15
            BCi = ROL(Eke, 10);
    1d60:	f8cd c094 	str.w	ip, [sp, #148]	@ 0x94
            BCo = ROL(Emi, 15);
    1d64:	ea43 4c50 	orr.w	ip, r3, r0, lsr #17
    1d68:	9b07      	ldr	r3, [sp, #28]
            BCu = ROL(Eso, 56);
    1d6a:	9833      	ldr	r0, [sp, #204]	@ 0xcc
            BCo = ROL(Emi, 15);
    1d6c:	03db      	lsls	r3, r3, #15
    1d6e:	ea43 4352 	orr.w	r3, r3, r2, lsr #17
            BCu = ROL(Eso, 56);
    1d72:	9a31      	ldr	r2, [sp, #196]	@ 0xc4
            BCo = ROL(Emi, 15);
    1d74:	f8cd c0a0 	str.w	ip, [sp, #160]	@ 0xa0
            BCo = ROL(Emo, 21);
    1d78:	0564      	lsls	r4, r4, #21
            BCu = ROL(Eso, 56);
    1d7a:	ea4f 2c10 	mov.w	ip, r0, lsr #8
            BCo = ROL(Emo, 21);
    1d7e:	ea44 24d9 	orr.w	r4, r4, r9, lsr #11
            BCu = ROL(Eso, 56);
    1d82:	ea4c 6c02 	orr.w	ip, ip, r2, lsl #24
    1d86:	ea4f 2912 	mov.w	r9, r2, lsr #8
            BCa = ROL(Ebi, 62);
    1d8a:	9a08      	ldr	r2, [sp, #32]
            BCu = ROL(Eso, 56);
    1d8c:	ea49 6900 	orr.w	r9, r9, r0, lsl #24
            BCa = ROL(Ebi, 62);
    1d90:	9839      	ldr	r0, [sp, #228]	@ 0xe4
            BCu = ROL(Eso, 56);
    1d92:	f8cd c0a4 	str.w	ip, [sp, #164]	@ 0xa4
            BCa = ROL(Ebi, 62);
    1d96:	ea4f 0c92 	mov.w	ip, r2, lsr #2
    1d9a:	ea4c 7c80 	orr.w	ip, ip, r0, lsl #30
    1d9e:	f8cd c0a8 	str.w	ip, [sp, #168]	@ 0xa8
    1da2:	ea4f 0c90 	mov.w	ip, r0, lsr #2
    1da6:	9808      	ldr	r0, [sp, #32]
            BCe = ROL(Ego, 55);
    1da8:	9a09      	ldr	r2, [sp, #36]	@ 0x24
            BCa = ROL(Ebi, 62);
    1daa:	ea4c 7c80 	orr.w	ip, ip, r0, lsl #30
            BCe = ROL(Ego, 55);
    1dae:	983a      	ldr	r0, [sp, #232]	@ 0xe8
            BCa = ROL(Ebi, 62);
    1db0:	f8cd c0ac 	str.w	ip, [sp, #172]	@ 0xac
            BCe = ROL(Ego, 55);
    1db4:	ea4f 2c50 	mov.w	ip, r0, lsr #9
    1db8:	ea4c 5cc2 	orr.w	ip, ip, r2, lsl #23
    1dbc:	9a09      	ldr	r2, [sp, #36]	@ 0x24
    1dbe:	f8cd c0b0 	str.w	ip, [sp, #176]	@ 0xb0
    1dc2:	ea4f 2c52 	mov.w	ip, r2, lsr #9
    1dc6:	ea4c 5cc0 	orr.w	ip, ip, r0, lsl #23
            BCi = ROL(Eku, 39);
    1dca:	9834      	ldr	r0, [sp, #208]	@ 0xd0
    1dcc:	9a0b      	ldr	r2, [sp, #44]	@ 0x2c
            BCe = ROL(Ego, 55);
    1dce:	f8cd c0b4 	str.w	ip, [sp, #180]	@ 0xb4
            BCi = ROL(Eku, 39);
    1dd2:	ea4f 6c50 	mov.w	ip, r0, lsr #25
    1dd6:	ea4c 1cc2 	orr.w	ip, ip, r2, lsl #7
    1dda:	9a0b      	ldr	r2, [sp, #44]	@ 0x2c
    1ddc:	f8cd c0b8 	str.w	ip, [sp, #184]	@ 0xb8
    1de0:	ea4f 6c52 	mov.w	ip, r2, lsr #25
            BCo = ROL(Ema, 41);
    1de4:	9a3c      	ldr	r2, [sp, #240]	@ 0xf0
            BCi = ROL(Eku, 39);
    1de6:	ea4c 1cc0 	orr.w	ip, ip, r0, lsl #7
            BCo = ROL(Ema, 41);
    1dea:	983b      	ldr	r0, [sp, #236]	@ 0xec
            BCi = ROL(Eku, 39);
    1dec:	f8cd c0bc 	str.w	ip, [sp, #188]	@ 0xbc
            BCo = ROL(Ema, 41);
    1df0:	ea4f 5cd2 	mov.w	ip, r2, lsr #23
    1df4:	ea4c 2c40 	orr.w	ip, ip, r0, lsl #9
    1df8:	ea4f 58d0 	mov.w	r8, r0, lsr #23
            BCu = ROL(Ese, 2);
    1dfc:	983d      	ldr	r0, [sp, #244]	@ 0xf4
            BCo = ROL(Ema, 41);
    1dfe:	ea48 2842 	orr.w	r8, r8, r2, lsl #9
            BCu = ROL(Ese, 2);
    1e02:	9a10      	ldr	r2, [sp, #64]	@ 0x40
            BCo = ROL(Ema, 41);
    1e04:	f8cd c0c0 	str.w	ip, [sp, #192]	@ 0xc0
            BCu = ROL(Ese, 2);
    1e08:	ea4f 0c80 	mov.w	ip, r0, lsl #2
    1e0c:	ea4c 7c92 	orr.w	ip, ip, r2, lsr #30
    1e10:	9a10      	ldr	r2, [sp, #64]	@ 0x40
    1e12:	f8cd c0c4 	str.w	ip, [sp, #196]	@ 0xc4
    1e16:	ea4f 0c82 	mov.w	ip, r2, lsl #2
            Aba =   BCa ^((~BCe)&  BCi );
    1e1a:	9a02      	ldr	r2, [sp, #8]
            BCu = ROL(Ese, 2);
    1e1c:	ea4c 7c90 	orr.w	ip, ip, r0, lsr #30
            BCu = ROL(Esu, 14);
    1e20:	03ad      	lsls	r5, r5, #14
            Aba ^= (uint64_t)KeccakF_RoundConstants[round+1];
    1e22:	980c      	ldr	r0, [sp, #48]	@ 0x30
            BCu = ROL(Esu, 14);
    1e24:	ea45 459a 	orr.w	r5, r5, sl, lsr #18
            Aba =   BCa ^((~BCe)&  BCi );
    1e28:	ea22 0a0b 	bic.w	sl, r2, fp
            Aba ^= (uint64_t)KeccakF_RoundConstants[round+1];
    1e2c:	ea80 0a0a 	eor.w	sl, r0, sl
            Aba =   BCa ^((~BCe)&  BCi );
    1e30:	9a0a      	ldr	r2, [sp, #40]	@ 0x28
    1e32:	9803      	ldr	r0, [sp, #12]
            Aba ^= (uint64_t)KeccakF_RoundConstants[round+1];
    1e34:	f8cd a01c 	str.w	sl, [sp, #28]
            Aba =   BCa ^((~BCe)&  BCi );
    1e38:	ea20 0a02 	bic.w	sl, r0, r2
            Aba ^= (uint64_t)KeccakF_RoundConstants[round+1];
    1e3c:	980e      	ldr	r0, [sp, #56]	@ 0x38
            Abe =   BCe ^((~BCi)&  BCo );
    1e3e:	9a02      	ldr	r2, [sp, #8]
            Aba ^= (uint64_t)KeccakF_RoundConstants[round+1];
    1e40:	ea80 0a0a 	eor.w	sl, r0, sl
    1e44:	f8cd a020 	str.w	sl, [sp, #32]
            Abu =   BCu ^((~BCa)&  BCe );
    1e48:	9811      	ldr	r0, [sp, #68]	@ 0x44
            Abe =   BCe ^((~BCi)&  BCo );
    1e4a:	ea24 0a02 	bic.w	sl, r4, r2
    1e4e:	ea8a 0a0b 	eor.w	sl, sl, fp
            Abi =   BCi ^((~BCo)&  BCu );
    1e52:	9a02      	ldr	r2, [sp, #8]
            Abe =   BCe ^((~BCi)&  BCo );
    1e54:	f8cd a024 	str.w	sl, [sp, #36]	@ 0x24
            Abu =   BCu ^((~BCa)&  BCe );
    1e58:	ea2b 0a00 	bic.w	sl, fp, r0
            Abo =   BCo ^((~BCu)&  BCa );
    1e5c:	ea20 0b05 	bic.w	fp, r0, r5
    1e60:	ea8b 0b04 	eor.w	fp, fp, r4
            Abi =   BCi ^((~BCo)&  BCu );
    1e64:	ea25 0404 	bic.w	r4, r5, r4
            Abu =   BCu ^((~BCa)&  BCe );
    1e68:	ea8a 0a05 	eor.w	sl, sl, r5
            Abo =   BCo ^((~BCu)&  BCa );
    1e6c:	f8cd b030 	str.w	fp, [sp, #48]	@ 0x30
            Abi =   BCi ^((~BCo)&  BCu );
    1e70:	ea84 0b02 	eor.w	fp, r4, r2
    1e74:	f8cd b02c 	str.w	fp, [sp, #44]	@ 0x2c
            Abu =   BCu ^((~BCa)&  BCe );
    1e78:	f8cd a038 	str.w	sl, [sp, #56]	@ 0x38
            Abe =   BCe ^((~BCi)&  BCo );
    1e7c:	9d0d      	ldr	r5, [sp, #52]	@ 0x34
    1e7e:	9803      	ldr	r0, [sp, #12]
    1e80:	9a0a      	ldr	r2, [sp, #40]	@ 0x28
    1e82:	ea25 0400 	bic.w	r4, r5, r0
    1e86:	ea84 0a02 	eor.w	sl, r4, r2
            Abu =   BCu ^((~BCa)&  BCe );
    1e8a:	9c12      	ldr	r4, [sp, #72]	@ 0x48
            Abo =   BCo ^((~BCu)&  BCa );
    1e8c:	9804      	ldr	r0, [sp, #16]
            Abu =   BCu ^((~BCa)&  BCe );
    1e8e:	ea22 0504 	bic.w	r5, r2, r4
            Abo =   BCo ^((~BCu)&  BCa );
    1e92:	9a0d      	ldr	r2, [sp, #52]	@ 0x34
    1e94:	ea24 0400 	bic.w	r4, r4, r0
            Abe =   BCe ^((~BCi)&  BCo );
    1e98:	f8cd a028 	str.w	sl, [sp, #40]	@ 0x28
            Abo =   BCo ^((~BCu)&  BCa );
    1e9c:	ea84 0a02 	eor.w	sl, r4, r2
            Abi =   BCi ^((~BCo)&  BCu );
    1ea0:	ea20 0402 	bic.w	r4, r0, r2
    1ea4:	9803      	ldr	r0, [sp, #12]
            Abo =   BCo ^((~BCu)&  BCa );
    1ea6:	f8cd a034 	str.w	sl, [sp, #52]	@ 0x34
            Abi =   BCi ^((~BCo)&  BCu );
    1eaa:	ea84 0a00 	eor.w	sl, r4, r0
            Abu =   BCu ^((~BCa)&  BCe );
    1eae:	9804      	ldr	r0, [sp, #16]
            Aga =   BCa ^((~BCe)&  BCi );
    1eb0:	9a05      	ldr	r2, [sp, #20]
            Abi =   BCi ^((~BCo)&  BCu );
    1eb2:	f8cd a00c 	str.w	sl, [sp, #12]
            Abu =   BCu ^((~BCa)&  BCe );
    1eb6:	ea85 0a00 	eor.w	sl, r5, r0
            Aga =   BCa ^((~BCe)&  BCi );
    1eba:	9813      	ldr	r0, [sp, #76]	@ 0x4c
            Abu =   BCu ^((~BCa)&  BCe );
    1ebc:	f8cd a010 	str.w	sl, [sp, #16]
            Aga =   BCa ^((~BCe)&  BCi );
    1ec0:	ea22 0400 	bic.w	r4, r2, r0
    1ec4:	9a0f      	ldr	r2, [sp, #60]	@ 0x3c
    1ec6:	9814      	ldr	r0, [sp, #80]	@ 0x50
    1ec8:	ea84 0a02 	eor.w	sl, r4, r2
    1ecc:	9c16      	ldr	r4, [sp, #88]	@ 0x58
    1ece:	9d15      	ldr	r5, [sp, #84]	@ 0x54
    1ed0:	ea24 0400 	bic.w	r4, r4, r0
            Age =   BCe ^((~BCi)&  BCo );
    1ed4:	9805      	ldr	r0, [sp, #20]
            Aga =   BCa ^((~BCe)&  BCi );
    1ed6:	f8cd a03c 	str.w	sl, [sp, #60]	@ 0x3c
    1eda:	ea84 0a05 	eor.w	sl, r4, r5
            Age =   BCe ^((~BCi)&  BCo );
    1ede:	ea26 0400 	bic.w	r4, r6, r0
    1ee2:	9813      	ldr	r0, [sp, #76]	@ 0x4c
            Aga =   BCa ^((~BCe)&  BCi );
    1ee4:	f8cd a040 	str.w	sl, [sp, #64]	@ 0x40
            Age =   BCe ^((~BCi)&  BCo );
    1ee8:	ea84 0a00 	eor.w	sl, r4, r0
            Agu =   BCu ^((~BCa)&  BCe );
    1eec:	ea20 0002 	bic.w	r0, r0, r2
            Ago =   BCo ^((~BCu)&  BCa );
    1ef0:	ea22 0407 	bic.w	r4, r2, r7
            Agi =   BCi ^((~BCo)&  BCu );
    1ef4:	9a05      	ldr	r2, [sp, #20]
            Age =   BCe ^((~BCi)&  BCo );
    1ef6:	f8cd a044 	str.w	sl, [sp, #68]	@ 0x44
            Ago =   BCo ^((~BCu)&  BCa );
    1efa:	ea84 0a06 	eor.w	sl, r4, r6
            Agi =   BCi ^((~BCo)&  BCu );
    1efe:	ea27 0606 	bic.w	r6, r7, r6
            Ago =   BCo ^((~BCu)&  BCa );
    1f02:	f8cd a04c 	str.w	sl, [sp, #76]	@ 0x4c
            Agi =   BCi ^((~BCo)&  BCu );
    1f06:	ea86 0a02 	eor.w	sl, r6, r2
    1f0a:	f8cd a014 	str.w	sl, [sp, #20]
            Ago =   BCo ^((~BCu)&  BCa );
    1f0e:	9e18      	ldr	r6, [sp, #96]	@ 0x60
            Agu =   BCu ^((~BCa)&  BCe );
    1f10:	ea80 0a07 	eor.w	sl, r0, r7
            Age =   BCe ^((~BCi)&  BCo );
    1f14:	9814      	ldr	r0, [sp, #80]	@ 0x50
    1f16:	e9dd 4716 	ldrd	r4, r7, [sp, #88]	@ 0x58
    1f1a:	ea27 0204 	bic.w	r2, r7, r4
    1f1e:	ea82 0b00 	eor.w	fp, r2, r0
            Ago =   BCo ^((~BCu)&  BCa );
    1f22:	ea25 0206 	bic.w	r2, r5, r6
            Agu =   BCu ^((~BCa)&  BCe );
    1f26:	f8cd a054 	str.w	sl, [sp, #84]	@ 0x54
            Ago =   BCo ^((~BCu)&  BCa );
    1f2a:	ea82 0a07 	eor.w	sl, r2, r7
            Agi =   BCi ^((~BCo)&  BCu );
    1f2e:	ea26 0207 	bic.w	r2, r6, r7
            Agu =   BCu ^((~BCa)&  BCe );
    1f32:	ea20 0005 	bic.w	r0, r0, r5
            Ago =   BCo ^((~BCu)&  BCa );
    1f36:	f8cd a050 	str.w	sl, [sp, #80]	@ 0x50
            Agi =   BCi ^((~BCo)&  BCu );
    1f3a:	ea82 0a04 	eor.w	sl, r2, r4
    1f3e:	f8cd a048 	str.w	sl, [sp, #72]	@ 0x48
            Agu =   BCu ^((~BCa)&  BCe );
    1f42:	ea80 0a06 	eor.w	sl, r0, r6
            Aka =   BCa ^((~BCe)&  BCi );
    1f46:	9a06      	ldr	r2, [sp, #24]
    1f48:	9e1b      	ldr	r6, [sp, #108]	@ 0x6c
    1f4a:	9819      	ldr	r0, [sp, #100]	@ 0x64
    1f4c:	9c1a      	ldr	r4, [sp, #104]	@ 0x68
    1f4e:	ea22 0206 	bic.w	r2, r2, r6
    1f52:	e9dd 571c 	ldrd	r5, r7, [sp, #112]	@ 0x70
            Agu =   BCu ^((~BCa)&  BCe );
    1f56:	f8cd a058 	str.w	sl, [sp, #88]	@ 0x58
            Aka =   BCa ^((~BCe)&  BCi );
    1f5a:	ea82 0a00 	eor.w	sl, r2, r0
    1f5e:	ea27 0205 	bic.w	r2, r7, r5
    1f62:	f8cd a05c 	str.w	sl, [sp, #92]	@ 0x5c
    1f66:	ea82 0a04 	eor.w	sl, r2, r4
            Ake =   BCe ^((~BCi)&  BCo );
    1f6a:	9a06      	ldr	r2, [sp, #24]
            Aka =   BCa ^((~BCe)&  BCi );
    1f6c:	f8cd a060 	str.w	sl, [sp, #96]	@ 0x60
            Ake =   BCe ^((~BCi)&  BCo );
    1f70:	ea21 0202 	bic.w	r2, r1, r2
    1f74:	ea82 0a06 	eor.w	sl, r2, r6
            Aku =   BCu ^((~BCa)&  BCe );
    1f78:	ea26 0200 	bic.w	r2, r6, r0
            Ako =   BCo ^((~BCu)&  BCa );
    1f7c:	ea20 000e 	bic.w	r0, r0, lr
            Ake =   BCe ^((~BCi)&  BCo );
    1f80:	f8cd a064 	str.w	sl, [sp, #100]	@ 0x64
            Ako =   BCo ^((~BCu)&  BCa );
    1f84:	ea80 0a01 	eor.w	sl, r0, r1
            Aki =   BCi ^((~BCo)&  BCu );
    1f88:	9806      	ldr	r0, [sp, #24]
    1f8a:	ea2e 0101 	bic.w	r1, lr, r1
            Ako =   BCo ^((~BCu)&  BCa );
    1f8e:	f8cd a070 	str.w	sl, [sp, #112]	@ 0x70
            Aki =   BCi ^((~BCo)&  BCu );
    1f92:	ea81 0a00 	eor.w	sl, r1, r0
            Ake =   BCe ^((~BCi)&  BCo );
    1f96:	981f      	ldr	r0, [sp, #124]	@ 0x7c
            Aku =   BCu ^((~BCa)&  BCe );
    1f98:	ea82 0e0e 	eor.w	lr, r2, lr
            Ake =   BCe ^((~BCi)&  BCo );
    1f9c:	ea20 0207 	bic.w	r2, r0, r7
            Aku =   BCu ^((~BCa)&  BCe );
    1fa0:	f8cd e078 	str.w	lr, [sp, #120]	@ 0x78
            Ake =   BCe ^((~BCi)&  BCo );
    1fa4:	ea82 0e05 	eor.w	lr, r2, r5
            Aku =   BCu ^((~BCa)&  BCe );
    1fa8:	ea25 0204 	bic.w	r2, r5, r4
            Ako =   BCo ^((~BCu)&  BCa );
    1fac:	9d20      	ldr	r5, [sp, #128]	@ 0x80
            Ake =   BCe ^((~BCi)&  BCo );
    1fae:	f8cd e018 	str.w	lr, [sp, #24]
            Ako =   BCo ^((~BCu)&  BCa );
    1fb2:	ea24 0105 	bic.w	r1, r4, r5
    1fb6:	ea81 0e00 	eor.w	lr, r1, r0
            Aki =   BCi ^((~BCo)&  BCu );
    1fba:	ea25 0100 	bic.w	r1, r5, r0
            Ama =   BCa ^((~BCe)&  BCi );
    1fbe:	9c23      	ldr	r4, [sp, #140]	@ 0x8c
            Ako =   BCo ^((~BCu)&  BCa );
    1fc0:	f8cd e074 	str.w	lr, [sp, #116]	@ 0x74
            Aki =   BCi ^((~BCo)&  BCu );
    1fc4:	ea81 0e07 	eor.w	lr, r1, r7
            Ama =   BCa ^((~BCe)&  BCi );
    1fc8:	9f25      	ldr	r7, [sp, #148]	@ 0x94
    1fca:	9921      	ldr	r1, [sp, #132]	@ 0x84
    1fcc:	9e26      	ldr	r6, [sp, #152]	@ 0x98
            Aki =   BCi ^((~BCo)&  BCu );
    1fce:	f8cd e06c 	str.w	lr, [sp, #108]	@ 0x6c
            Aku =   BCu ^((~BCa)&  BCe );
    1fd2:	ea82 0e05 	eor.w	lr, r2, r5
            Ama =   BCa ^((~BCe)&  BCi );
    1fd6:	9d24      	ldr	r5, [sp, #144]	@ 0x90
    1fd8:	9822      	ldr	r0, [sp, #136]	@ 0x88
    1fda:	ea27 0204 	bic.w	r2, r7, r4
            Aku =   BCu ^((~BCa)&  BCe );
    1fde:	f8cd e07c 	str.w	lr, [sp, #124]	@ 0x7c
            Ama =   BCa ^((~BCe)&  BCi );
    1fe2:	ea82 0e01 	eor.w	lr, r2, r1
    1fe6:	ea26 0205 	bic.w	r2, r6, r5
            Aki =   BCi ^((~BCo)&  BCu );
    1fea:	f8cd a068 	str.w	sl, [sp, #104]	@ 0x68
            Ama =   BCa ^((~BCe)&  BCi );
    1fee:	ea82 0a00 	eor.w	sl, r2, r0
            Ame =   BCe ^((~BCi)&  BCo );
    1ff2:	ea23 0207 	bic.w	r2, r3, r7
            Ama =   BCa ^((~BCe)&  BCi );
    1ff6:	f8cd e080 	str.w	lr, [sp, #128]	@ 0x80
            Ame =   BCe ^((~BCi)&  BCo );
    1ffa:	ea82 0e04 	eor.w	lr, r2, r4
            Amu =   BCu ^((~BCa)&  BCe );
    1ffe:	ea24 0201 	bic.w	r2, r4, r1
            Amo =   BCo ^((~BCu)&  BCa );
    2002:	ea21 0109 	bic.w	r1, r1, r9
            Ame =   BCe ^((~BCi)&  BCo );
    2006:	f8cd e084 	str.w	lr, [sp, #132]	@ 0x84
            Amo =   BCo ^((~BCu)&  BCa );
    200a:	ea81 0e03 	eor.w	lr, r1, r3
            Ami =   BCi ^((~BCo)&  BCu );
    200e:	ea29 0303 	bic.w	r3, r9, r3
    2012:	405f      	eors	r7, r3
    2014:	9723      	str	r7, [sp, #140]	@ 0x8c
            Amu =   BCu ^((~BCa)&  BCe );
    2016:	ea82 0709 	eor.w	r7, r2, r9
    201a:	9727      	str	r7, [sp, #156]	@ 0x9c
            Amo =   BCo ^((~BCu)&  BCa );
    201c:	f8cd e094 	str.w	lr, [sp, #148]	@ 0x94
            Ame =   BCe ^((~BCi)&  BCo );
    2020:	9928      	ldr	r1, [sp, #160]	@ 0xa0
            Amo =   BCo ^((~BCu)&  BCa );
    2022:	9c29      	ldr	r4, [sp, #164]	@ 0xa4
            Ame =   BCe ^((~BCi)&  BCo );
    2024:	ea21 0306 	bic.w	r3, r1, r6
    2028:	ea83 0705 	eor.w	r7, r3, r5
            Amo =   BCo ^((~BCu)&  BCa );
    202c:	ea20 0204 	bic.w	r2, r0, r4
            Ame =   BCe ^((~BCi)&  BCo );
    2030:	9722      	str	r7, [sp, #136]	@ 0x88
            Amo =   BCo ^((~BCu)&  BCa );
    2032:	ea82 0701 	eor.w	r7, r2, r1
            Ami =   BCi ^((~BCo)&  BCu );
    2036:	ea24 0201 	bic.w	r2, r4, r1
            Amu =   BCu ^((~BCa)&  BCe );
    203a:	ea25 0300 	bic.w	r3, r5, r0
            Amo =   BCo ^((~BCu)&  BCa );
    203e:	9726      	str	r7, [sp, #152]	@ 0x98
            Asa =   BCa ^((~BCe)&  BCi );
    2040:	982e      	ldr	r0, [sp, #184]	@ 0xb8
            Ami =   BCi ^((~BCo)&  BCu );
    2042:	ea82 0706 	eor.w	r7, r2, r6
    2046:	9724      	str	r7, [sp, #144]	@ 0x90
            Amu =   BCu ^((~BCa)&  BCe );
    2048:	ea83 0704 	eor.w	r7, r3, r4
            Asa =   BCa ^((~BCe)&  BCi );
    204c:	9c2c      	ldr	r4, [sp, #176]	@ 0xb0
    204e:	9a2a      	ldr	r2, [sp, #168]	@ 0xa8
            Ase =   BCe ^((~BCi)&  BCo );
    2050:	ea28 0300 	bic.w	r3, r8, r0
            Asa =   BCa ^((~BCe)&  BCi );
    2054:	ea20 0904 	bic.w	r9, r0, r4
            Ase =   BCe ^((~BCi)&  BCo );
    2058:	4063      	eors	r3, r4
            Asa =   BCa ^((~BCe)&  BCi );
    205a:	ea89 0902 	eor.w	r9, r9, r2
            Ase =   BCe ^((~BCi)&  BCo );
    205e:	9329      	str	r3, [sp, #164]	@ 0xa4
            Asu =   BCu ^((~BCa)&  BCe );
    2060:	ea24 0302 	bic.w	r3, r4, r2
            Aso =   BCo ^((~BCu)&  BCa );
    2064:	ea22 020c 	bic.w	r2, r2, ip
    2068:	ea82 0408 	eor.w	r4, r2, r8
            Asi =   BCi ^((~BCo)&  BCu );
    206c:	ea2c 0808 	bic.w	r8, ip, r8
            Asa =   BCa ^((~BCe)&  BCi );
    2070:	9e2f      	ldr	r6, [sp, #188]	@ 0xbc
            Asi =   BCi ^((~BCo)&  BCu );
    2072:	ea88 0800 	eor.w	r8, r8, r0
            Ase =   BCe ^((~BCi)&  BCo );
    2076:	9830      	ldr	r0, [sp, #192]	@ 0xc0
            Asa =   BCa ^((~BCe)&  BCi );
    2078:	9d2d      	ldr	r5, [sp, #180]	@ 0xb4
            Asu =   BCu ^((~BCa)&  BCe );
    207a:	ea83 030c 	eor.w	r3, r3, ip
            Asa =   BCa ^((~BCe)&  BCi );
    207e:	992b      	ldr	r1, [sp, #172]	@ 0xac
            Asu =   BCu ^((~BCa)&  BCe );
    2080:	932e      	str	r3, [sp, #184]	@ 0xb8
            Ase =   BCe ^((~BCi)&  BCo );
    2082:	ea20 0306 	bic.w	r3, r0, r6
    2086:	406b      	eors	r3, r5
            Aso =   BCo ^((~BCu)&  BCa );
    2088:	942c      	str	r4, [sp, #176]	@ 0xb0
    208a:	9c31      	ldr	r4, [sp, #196]	@ 0xc4
            Ase =   BCe ^((~BCi)&  BCo );
    208c:	932a      	str	r3, [sp, #168]	@ 0xa8
            Asu =   BCu ^((~BCa)&  BCe );
    208e:	ea25 0301 	bic.w	r3, r5, r1
            Aso =   BCo ^((~BCu)&  BCa );
    2092:	ea21 0204 	bic.w	r2, r1, r4
            Asu =   BCu ^((~BCa)&  BCe );
    2096:	4063      	eors	r3, r4
            Amu =   BCu ^((~BCa)&  BCe );
    2098:	9728      	str	r7, [sp, #160]	@ 0xa0
            Asa =   BCa ^((~BCe)&  BCi );
    209a:	ea26 0705 	bic.w	r7, r6, r5
            Aso =   BCo ^((~BCu)&  BCa );
    209e:	4042      	eors	r2, r0
            Asa =   BCa ^((~BCe)&  BCi );
    20a0:	404f      	eors	r7, r1
            Asu =   BCu ^((~BCa)&  BCe );
    20a2:	932f      	str	r3, [sp, #188]	@ 0xbc
        for(round = 0; round < NROUNDS; round += 2) {
    20a4:	9901      	ldr	r1, [sp, #4]
    20a6:	4b45      	ldr	r3, [pc, #276]	@ (21bc <KeccakF1600_StatePermute+0x1180>)
            Aso =   BCo ^((~BCu)&  BCa );
    20a8:	922d      	str	r2, [sp, #180]	@ 0xb4
            Asi =   BCi ^((~BCo)&  BCu );
    20aa:	ea24 0200 	bic.w	r2, r4, r0
    20ae:	4072      	eors	r2, r6
        for(round = 0; round < NROUNDS; round += 2) {
    20b0:	4299      	cmp	r1, r3
            Asi =   BCi ^((~BCo)&  BCu );
    20b2:	922b      	str	r2, [sp, #172]	@ 0xac
        for(round = 0; round < NROUNDS; round += 2) {
    20b4:	f47f a844 	bne.w	1140 <KeccakF1600_StatePermute+0x104>
        state[ 0] = Aba;
    20b8:	9b07      	ldr	r3, [sp, #28]
    20ba:	e9dd 203e 	ldrd	r2, r0, [sp, #248]	@ 0xf8
    20be:	6003      	str	r3, [r0, #0]
    20c0:	9b08      	ldr	r3, [sp, #32]
        state[ 6] = Age;
    20c2:	f8c0 b034 	str.w	fp, [r0, #52]	@ 0x34
        state[ 0] = Aba;
    20c6:	6043      	str	r3, [r0, #4]
        state[ 1] = Abe;
    20c8:	9b09      	ldr	r3, [sp, #36]	@ 0x24
        if (statepermute_cyc != 0){
    20ca:	4c3d      	ldr	r4, [pc, #244]	@ (21c0 <KeccakF1600_StatePermute+0x1184>)
        state[ 1] = Abe;
    20cc:	6083      	str	r3, [r0, #8]
    20ce:	9b0a      	ldr	r3, [sp, #40]	@ 0x28
    20d0:	60c3      	str	r3, [r0, #12]
        state[ 2] = Abi;
    20d2:	9b0b      	ldr	r3, [sp, #44]	@ 0x2c
    20d4:	6103      	str	r3, [r0, #16]
    20d6:	9b03      	ldr	r3, [sp, #12]
    20d8:	6143      	str	r3, [r0, #20]
        state[ 3] = Abo;
    20da:	9b0c      	ldr	r3, [sp, #48]	@ 0x30
    20dc:	6183      	str	r3, [r0, #24]
    20de:	9b0d      	ldr	r3, [sp, #52]	@ 0x34
    20e0:	61c3      	str	r3, [r0, #28]
        state[ 4] = Abu;
    20e2:	9b0e      	ldr	r3, [sp, #56]	@ 0x38
    20e4:	6203      	str	r3, [r0, #32]
    20e6:	9b04      	ldr	r3, [sp, #16]
    20e8:	6243      	str	r3, [r0, #36]	@ 0x24
        state[ 5] = Aga;
    20ea:	9b0f      	ldr	r3, [sp, #60]	@ 0x3c
    20ec:	6283      	str	r3, [r0, #40]	@ 0x28
    20ee:	9b10      	ldr	r3, [sp, #64]	@ 0x40
    20f0:	62c3      	str	r3, [r0, #44]	@ 0x2c
        state[ 6] = Age;
    20f2:	9b11      	ldr	r3, [sp, #68]	@ 0x44
    20f4:	6303      	str	r3, [r0, #48]	@ 0x30
        state[ 7] = Agi;
    20f6:	9b05      	ldr	r3, [sp, #20]
    20f8:	6383      	str	r3, [r0, #56]	@ 0x38
    20fa:	9b12      	ldr	r3, [sp, #72]	@ 0x48
    20fc:	63c3      	str	r3, [r0, #60]	@ 0x3c
        state[ 8] = Ago;
    20fe:	9b13      	ldr	r3, [sp, #76]	@ 0x4c
    2100:	6403      	str	r3, [r0, #64]	@ 0x40
    2102:	9b14      	ldr	r3, [sp, #80]	@ 0x50
    2104:	6443      	str	r3, [r0, #68]	@ 0x44
        state[ 9] = Agu;
    2106:	9b15      	ldr	r3, [sp, #84]	@ 0x54
    2108:	6483      	str	r3, [r0, #72]	@ 0x48
    210a:	9b16      	ldr	r3, [sp, #88]	@ 0x58
    210c:	64c3      	str	r3, [r0, #76]	@ 0x4c
        state[10] = Aka;
    210e:	9b17      	ldr	r3, [sp, #92]	@ 0x5c
    2110:	6503      	str	r3, [r0, #80]	@ 0x50
    2112:	9b18      	ldr	r3, [sp, #96]	@ 0x60
    2114:	6543      	str	r3, [r0, #84]	@ 0x54
        state[11] = Ake;
    2116:	9b19      	ldr	r3, [sp, #100]	@ 0x64
    2118:	6583      	str	r3, [r0, #88]	@ 0x58
    211a:	9b06      	ldr	r3, [sp, #24]
    211c:	65c3      	str	r3, [r0, #92]	@ 0x5c
        state[12] = Aki;
    211e:	9b1a      	ldr	r3, [sp, #104]	@ 0x68
    2120:	6603      	str	r3, [r0, #96]	@ 0x60
    2122:	9b1b      	ldr	r3, [sp, #108]	@ 0x6c
    2124:	6643      	str	r3, [r0, #100]	@ 0x64
        state[13] = Ako;
    2126:	9b1c      	ldr	r3, [sp, #112]	@ 0x70
    2128:	6683      	str	r3, [r0, #104]	@ 0x68
    212a:	9b1d      	ldr	r3, [sp, #116]	@ 0x74
    212c:	66c3      	str	r3, [r0, #108]	@ 0x6c
        state[14] = Aku;
    212e:	9b1e      	ldr	r3, [sp, #120]	@ 0x78
    2130:	6703      	str	r3, [r0, #112]	@ 0x70
    2132:	9b1f      	ldr	r3, [sp, #124]	@ 0x7c
    2134:	6743      	str	r3, [r0, #116]	@ 0x74
        state[15] = Ama;
    2136:	9b20      	ldr	r3, [sp, #128]	@ 0x80
    2138:	e9c0 3a1e 	strd	r3, sl, [r0, #120]	@ 0x78
        state[16] = Ame;
    213c:	9b21      	ldr	r3, [sp, #132]	@ 0x84
    213e:	f8c0 3080 	str.w	r3, [r0, #128]	@ 0x80
    2142:	9b22      	ldr	r3, [sp, #136]	@ 0x88
        state[24] = Asu;
    2144:	992e      	ldr	r1, [sp, #184]	@ 0xb8
        state[16] = Ame;
    2146:	f8c0 3084 	str.w	r3, [r0, #132]	@ 0x84
        state[17] = Ami;
    214a:	9b23      	ldr	r3, [sp, #140]	@ 0x8c
        state[24] = Asu;
    214c:	f8c0 10c0 	str.w	r1, [r0, #192]	@ 0xc0
        state[17] = Ami;
    2150:	f8c0 3088 	str.w	r3, [r0, #136]	@ 0x88
    2154:	9b24      	ldr	r3, [sp, #144]	@ 0x90
        state[18] = Amo;
    2156:	f8c0 e090 	str.w	lr, [r0, #144]	@ 0x90
        state[17] = Ami;
    215a:	f8c0 308c 	str.w	r3, [r0, #140]	@ 0x8c
        state[18] = Amo;
    215e:	9b26      	ldr	r3, [sp, #152]	@ 0x98
        state[20] = Asa;
    2160:	f8c0 70a4 	str.w	r7, [r0, #164]	@ 0xa4
        state[18] = Amo;
    2164:	f8c0 3094 	str.w	r3, [r0, #148]	@ 0x94
        state[19] = Amu;
    2168:	9b27      	ldr	r3, [sp, #156]	@ 0x9c
        state[22] = Asi;
    216a:	f8c0 80b0 	str.w	r8, [r0, #176]	@ 0xb0
        state[19] = Amu;
    216e:	f8c0 3098 	str.w	r3, [r0, #152]	@ 0x98
    2172:	9b28      	ldr	r3, [sp, #160]	@ 0xa0
        state[20] = Asa;
    2174:	e9c0 3927 	strd	r3, r9, [r0, #156]	@ 0x9c
        state[21] = Ase;
    2178:	9b29      	ldr	r3, [sp, #164]	@ 0xa4
    217a:	f8c0 30a8 	str.w	r3, [r0, #168]	@ 0xa8
    217e:	9b2a      	ldr	r3, [sp, #168]	@ 0xa8
    2180:	f8c0 30ac 	str.w	r3, [r0, #172]	@ 0xac
        state[22] = Asi;
    2184:	9b2b      	ldr	r3, [sp, #172]	@ 0xac
    2186:	f8c0 30b4 	str.w	r3, [r0, #180]	@ 0xb4
        state[23] = Aso;
    218a:	9b2c      	ldr	r3, [sp, #176]	@ 0xb0
    218c:	f8c0 30b8 	str.w	r3, [r0, #184]	@ 0xb8
    2190:	9b2d      	ldr	r3, [sp, #180]	@ 0xb4
    2192:	f8c0 30bc 	str.w	r3, [r0, #188]	@ 0xbc
    2196:	4b0b      	ldr	r3, [pc, #44]	@ (21c4 <KeccakF1600_StatePermute+0x1188>)
    2198:	6859      	ldr	r1, [r3, #4]
        state[24] = Asu;
    219a:	9b2f      	ldr	r3, [sp, #188]	@ 0xbc
    219c:	f8c0 30c4 	str.w	r3, [r0, #196]	@ 0xc4
        if (statepermute_cyc != 0){
    21a0:	6823      	ldr	r3, [r4, #0]
    21a2:	b133      	cbz	r3, 21b2 <KeccakF1600_StatePermute+0x1176>
          statepermute_cyc = (statepermute_cyc + (cnt2 - cnt1)) / 2;
    21a4:	1a9b      	subs	r3, r3, r2
    21a6:	440b      	add	r3, r1
    21a8:	085b      	lsrs	r3, r3, #1
    21aa:	6023      	str	r3, [r4, #0]
}
    21ac:	b041      	add	sp, #260	@ 0x104
    21ae:	e8bd 8ff0 	ldmia.w	sp!, {r4, r5, r6, r7, r8, r9, sl, fp, pc}
          statepermute_cyc = cnt2 - cnt1;
    21b2:	1a8b      	subs	r3, r1, r2
    21b4:	6023      	str	r3, [r4, #0]
}
    21b6:	b041      	add	sp, #260	@ 0x104
    21b8:	e8bd 8ff0 	ldmia.w	sp!, {r4, r5, r6, r7, r8, r9, sl, fp, pc}
    21bc:	00000588 	.word	0x00000588
    21c0:	20000180 	.word	0x20000180
    21c4:	e0001000 	.word	0xe0001000

000021c8 <keccak_absorb>:
{
    21c8:	e92d 47f0 	stmdb	sp!, {r4, r5, r6, r7, r8, r9, sl, lr}
    21cc:	9e08      	ldr	r6, [sp, #32]
    21ce:	460f      	mov	r7, r1
  while(pos+inlen >= r) {
    21d0:	440e      	add	r6, r1
    21d2:	4296      	cmp	r6, r2
{
    21d4:	4604      	mov	r4, r0
    21d6:	4698      	mov	r8, r3
  while(pos+inlen >= r) {
    21d8:	d333      	bcc.n	2242 <keccak_absorb+0x7a>
    for(i=pos;i<r;i++)
    21da:	4291      	cmp	r1, r2
    21dc:	4615      	mov	r5, r2
    21de:	d228      	bcs.n	2232 <keccak_absorb+0x6a>
{
    21e0:	4642      	mov	r2, r8
    21e2:	1beb      	subs	r3, r5, r7
    21e4:	eb08 0003 	add.w	r0, r8, r3
    21e8:	1abf      	subs	r7, r7, r2
    21ea:	eb02 0c07 	add.w	ip, r2, r7
      s[i/8] ^= (uint64_t)*in++ << 8*(i%8);
    21ee:	f00c 0107 	and.w	r1, ip, #7
    21f2:	f812 3b01 	ldrb.w	r3, [r2], #1
    21f6:	00c9      	lsls	r1, r1, #3
    21f8:	f02c 0c07 	bic.w	ip, ip, #7
    21fc:	f1a1 0e20 	sub.w	lr, r1, #32
    2200:	f1c1 0920 	rsb	r9, r1, #32
    2204:	fa03 fe0e 	lsl.w	lr, r3, lr
    2208:	fa23 f909 	lsr.w	r9, r3, r9
    220c:	408b      	lsls	r3, r1
    220e:	f854 100c 	ldr.w	r1, [r4, ip]
    2212:	eb04 080c 	add.w	r8, r4, ip
    2216:	4059      	eors	r1, r3
    2218:	f8d8 3004 	ldr.w	r3, [r8, #4]
    221c:	ea4e 0e09 	orr.w	lr, lr, r9
    2220:	ea83 030e 	eor.w	r3, r3, lr
    for(i=pos;i<r;i++)
    2224:	4282      	cmp	r2, r0
      s[i/8] ^= (uint64_t)*in++ << 8*(i%8);
    2226:	f844 100c 	str.w	r1, [r4, ip]
    222a:	f8c8 3004 	str.w	r3, [r8, #4]
    for(i=pos;i<r;i++)
    222e:	d1dc      	bne.n	21ea <keccak_absorb+0x22>
    2230:	4690      	mov	r8, r2
    KeccakF1600_StatePermute(s);
    2232:	4620      	mov	r0, r4
    inlen -= r-pos;
    2234:	1b76      	subs	r6, r6, r5
    KeccakF1600_StatePermute(s);
    2236:	f7fe ff01 	bl	103c <KeccakF1600_StatePermute>
  while(pos+inlen >= r) {
    223a:	42b5      	cmp	r5, r6
    223c:	f04f 0700 	mov.w	r7, #0
    2240:	d9ce      	bls.n	21e0 <keccak_absorb+0x18>
  for(i=pos;i<pos+inlen;i++)
    2242:	42be      	cmp	r6, r7
    2244:	d929      	bls.n	229a <keccak_absorb+0xd2>
    2246:	4640      	mov	r0, r8
    2248:	eba6 0907 	sub.w	r9, r6, r7
    224c:	44c1      	add	r9, r8
    224e:	1a3f      	subs	r7, r7, r0
    2250:	19c3      	adds	r3, r0, r7
    s[i/8] ^= (uint64_t)*in++ << 8*(i%8);
    2252:	f003 0e07 	and.w	lr, r3, #7
    2256:	f810 cb01 	ldrb.w	ip, [r0], #1
    225a:	f023 0307 	bic.w	r3, r3, #7
    225e:	ea4f 0ece 	mov.w	lr, lr, lsl #3
    2262:	eb04 0803 	add.w	r8, r4, r3
    2266:	f1ae 0220 	sub.w	r2, lr, #32
    226a:	f1ce 0a20 	rsb	sl, lr, #32
    226e:	58e5      	ldr	r5, [r4, r3]
    2270:	f8d8 1004 	ldr.w	r1, [r8, #4]
    2274:	fa0c f202 	lsl.w	r2, ip, r2
    2278:	fa2c fa0a 	lsr.w	sl, ip, sl
    227c:	ea42 020a 	orr.w	r2, r2, sl
    2280:	fa0c fc0e 	lsl.w	ip, ip, lr
    2284:	ea85 050c 	eor.w	r5, r5, ip
    2288:	4051      	eors	r1, r2
  for(i=pos;i<pos+inlen;i++)
    228a:	4548      	cmp	r0, r9
    s[i/8] ^= (uint64_t)*in++ << 8*(i%8);
    228c:	50e5      	str	r5, [r4, r3]
    228e:	f8c8 1004 	str.w	r1, [r8, #4]
  for(i=pos;i<pos+inlen;i++)
    2292:	d1dd      	bne.n	2250 <keccak_absorb+0x88>
}
    2294:	4630      	mov	r0, r6
    2296:	e8bd 87f0 	ldmia.w	sp!, {r4, r5, r6, r7, r8, r9, sl, pc}
  for(i=pos;i<pos+inlen;i++)
    229a:	463e      	mov	r6, r7
}
    229c:	4630      	mov	r0, r6
    229e:	e8bd 87f0 	ldmia.w	sp!, {r4, r5, r6, r7, r8, r9, sl, pc}
    22a2:	bf00      	nop

000022a4 <keccak_absorb_once.constprop.1>:
static void keccak_absorb_once(uint64_t s[25],
    22a4:	e92d 47f0 	stmdb	sp!, {r4, r5, r6, r7, r8, r9, sl, lr}
    22a8:	f1a0 0408 	sub.w	r4, r0, #8
    22ac:	4681      	mov	r9, r0
    22ae:	460f      	mov	r7, r1
    22b0:	4690      	mov	r8, r2
    22b2:	461d      	mov	r5, r3
    22b4:	f100 02c0 	add.w	r2, r0, #192	@ 0xc0
    22b8:	4623      	mov	r3, r4
    s[i] = 0;
    22ba:	2000      	movs	r0, #0
    22bc:	2100      	movs	r1, #0
    22be:	e9e3 0102 	strd	r0, r1, [r3, #8]!
  for(i=0;i<25;i++)
    22c2:	429a      	cmp	r2, r3
    22c4:	d1fb      	bne.n	22be <keccak_absorb_once.constprop.1+0x1a>
  while(inlen >= r) {
    22c6:	f1b8 0f87 	cmp.w	r8, #135	@ 0x87
    22ca:	d932      	bls.n	2332 <keccak_absorb_once.constprop.1+0x8e>
    22cc:	f109 0680 	add.w	r6, r9, #128	@ 0x80
    for(i=0;i<r/8;i++)
    22d0:	463b      	mov	r3, r7
static void keccak_absorb_once(uint64_t s[25],
    22d2:	4621      	mov	r1, r4
    r |= (uint64_t)x[i] << 8*i;
    22d4:	7958      	ldrb	r0, [r3, #5]
    22d6:	f893 c004 	ldrb.w	ip, [r3, #4]
    22da:	789a      	ldrb	r2, [r3, #2]
    22dc:	ea4c 2c00 	orr.w	ip, ip, r0, lsl #8
    22e0:	7998      	ldrb	r0, [r3, #6]
    22e2:	f893 e001 	ldrb.w	lr, [r3, #1]
    22e6:	f893 a000 	ldrb.w	sl, [r3]
    22ea:	ea4c 4c00 	orr.w	ip, ip, r0, lsl #16
    22ee:	0412      	lsls	r2, r2, #16
    22f0:	79d8      	ldrb	r0, [r3, #7]
    22f2:	ea42 220e 	orr.w	r2, r2, lr, lsl #8
    22f6:	f893 e003 	ldrb.w	lr, [r3, #3]
    22fa:	ea4c 6c00 	orr.w	ip, ip, r0, lsl #24
    22fe:	ea42 020a 	orr.w	r2, r2, sl
      s[i] ^= load64(in+8*i);
    2302:	f851 0f08 	ldr.w	r0, [r1, #8]!
    r |= (uint64_t)x[i] << 8*i;
    2306:	ea42 620e 	orr.w	r2, r2, lr, lsl #24
      s[i] ^= load64(in+8*i);
    230a:	4050      	eors	r0, r2
    230c:	684a      	ldr	r2, [r1, #4]
    for(i=0;i<r/8;i++)
    230e:	428e      	cmp	r6, r1
      s[i] ^= load64(in+8*i);
    2310:	ea82 020c 	eor.w	r2, r2, ip
    2314:	e9c1 0200 	strd	r0, r2, [r1]
    for(i=0;i<r/8;i++)
    2318:	f103 0308 	add.w	r3, r3, #8
    231c:	d1da      	bne.n	22d4 <keccak_absorb_once.constprop.1+0x30>
    KeccakF1600_StatePermute(s);
    231e:	4648      	mov	r0, r9
    inlen -= r;
    2320:	f1a8 0888 	sub.w	r8, r8, #136	@ 0x88
    KeccakF1600_StatePermute(s);
    2324:	f7fe fe8a 	bl	103c <KeccakF1600_StatePermute>
  while(inlen >= r) {
    2328:	f1b8 0f87 	cmp.w	r8, #135	@ 0x87
    in += r;
    232c:	f107 0788 	add.w	r7, r7, #136	@ 0x88
  while(inlen >= r) {
    2330:	d8ce      	bhi.n	22d0 <keccak_absorb_once.constprop.1+0x2c>
  for(i=0;i<inlen;i++)
    2332:	f1b8 0f00 	cmp.w	r8, #0
    2336:	d046      	beq.n	23c6 <keccak_absorb_once.constprop.1+0x122>
    2338:	f108 3cff 	add.w	ip, r8, #4294967295	@ 0xffffffff
    233c:	1e7e      	subs	r6, r7, #1
    233e:	44bc      	add	ip, r7
    2340:	f1c7 0701 	rsb	r7, r7, #1
    2344:	19bb      	adds	r3, r7, r6
    s[i/8] ^= (uint64_t)in[i] << 8*(i%8);
    2346:	f003 0407 	and.w	r4, r3, #7
    234a:	f816 1f01 	ldrb.w	r1, [r6, #1]!
    234e:	00e4      	lsls	r4, r4, #3
    2350:	f023 0307 	bic.w	r3, r3, #7
    2354:	eb09 0e03 	add.w	lr, r9, r3
    2358:	f1a4 0220 	sub.w	r2, r4, #32
    235c:	f1c4 0a20 	rsb	sl, r4, #32
    2360:	f859 0003 	ldr.w	r0, [r9, r3]
    2364:	fa01 f202 	lsl.w	r2, r1, r2
    2368:	fa21 fa0a 	lsr.w	sl, r1, sl
    236c:	40a1      	lsls	r1, r4
    236e:	f8de 4004 	ldr.w	r4, [lr, #4]
    2372:	ea42 020a 	orr.w	r2, r2, sl
    2376:	4048      	eors	r0, r1
    2378:	4054      	eors	r4, r2
  for(i=0;i<inlen;i++)
    237a:	4566      	cmp	r6, ip
    s[i/8] ^= (uint64_t)in[i] << 8*(i%8);
    237c:	f849 0003 	str.w	r0, [r9, r3]
    2380:	f8ce 4004 	str.w	r4, [lr, #4]
  for(i=0;i<inlen;i++)
    2384:	d1de      	bne.n	2344 <keccak_absorb_once.constprop.1+0xa0>
  s[i/8] ^= (uint64_t)p << 8*(i%8);
    2386:	f028 0307 	bic.w	r3, r8, #7
    238a:	f008 0807 	and.w	r8, r8, #7
    238e:	444b      	add	r3, r9
    2390:	ea4f 08c8 	mov.w	r8, r8, lsl #3
    2394:	f1a8 0220 	sub.w	r2, r8, #32
    2398:	f1c8 0120 	rsb	r1, r8, #32
    239c:	fa25 f101 	lsr.w	r1, r5, r1
    23a0:	fa05 f202 	lsl.w	r2, r5, r2
    23a4:	430a      	orrs	r2, r1
    23a6:	6819      	ldr	r1, [r3, #0]
    23a8:	fa05 f508 	lsl.w	r5, r5, r8
    23ac:	4069      	eors	r1, r5
    23ae:	6019      	str	r1, [r3, #0]
    23b0:	6859      	ldr	r1, [r3, #4]
    23b2:	4051      	eors	r1, r2
    23b4:	6059      	str	r1, [r3, #4]
  s[(r-1)/8] ^= 1ULL << 63;
    23b6:	f8d9 3084 	ldr.w	r3, [r9, #132]	@ 0x84
    23ba:	f103 4300 	add.w	r3, r3, #2147483648	@ 0x80000000
    23be:	f8c9 3084 	str.w	r3, [r9, #132]	@ 0x84
}
    23c2:	e8bd 87f0 	ldmia.w	sp!, {r4, r5, r6, r7, r8, r9, sl, pc}
  for(i=0;i<inlen;i++)
    23c6:	464b      	mov	r3, r9
    23c8:	e7e4      	b.n	2394 <keccak_absorb_once.constprop.1+0xf0>
    23ca:	bf00      	nop

000023cc <keccak_absorb_once.constprop.2>:
static void keccak_absorb_once(uint64_t s[25],
    23cc:	e92d 4ff0 	stmdb	sp!, {r4, r5, r6, r7, r8, r9, sl, fp, lr}
    23d0:	f1a0 0308 	sub.w	r3, r0, #8
    23d4:	4680      	mov	r8, r0
    23d6:	460e      	mov	r6, r1
    23d8:	4617      	mov	r7, r2
    s[i] = 0;
    23da:	2100      	movs	r1, #0
    23dc:	f100 02c0 	add.w	r2, r0, #192	@ 0xc0
    23e0:	2000      	movs	r0, #0
static void keccak_absorb_once(uint64_t s[25],
    23e2:	b083      	sub	sp, #12
    23e4:	9301      	str	r3, [sp, #4]
    s[i] = 0;
    23e6:	e9e3 0102 	strd	r0, r1, [r3, #8]!
  for(i=0;i<25;i++)
    23ea:	429a      	cmp	r2, r3
    23ec:	d1fb      	bne.n	23e6 <keccak_absorb_once.constprop.2+0x1a>
  while(inlen >= r) {
    23ee:	2fa7      	cmp	r7, #167	@ 0xa7
    23f0:	d931      	bls.n	2456 <keccak_absorb_once.constprop.2+0x8a>
    23f2:	f108 05a0 	add.w	r5, r8, #160	@ 0xa0
    for(i=0;i<r/8;i++)
    23f6:	4633      	mov	r3, r6
static void keccak_absorb_once(uint64_t s[25],
    23f8:	f8dd c004 	ldr.w	ip, [sp, #4]
    r |= (uint64_t)x[i] << 8*i;
    23fc:	7899      	ldrb	r1, [r3, #2]
    23fe:	7958      	ldrb	r0, [r3, #5]
    2400:	f893 e001 	ldrb.w	lr, [r3, #1]
    2404:	791a      	ldrb	r2, [r3, #4]
    2406:	f893 b000 	ldrb.w	fp, [r3]
    240a:	f893 a006 	ldrb.w	sl, [r3, #6]
    240e:	0409      	lsls	r1, r1, #16
      s[i] ^= load64(in+8*i);
    2410:	f85c 4f08 	ldr.w	r4, [ip, #8]!
    r |= (uint64_t)x[i] << 8*i;
    2414:	f893 9003 	ldrb.w	r9, [r3, #3]
    2418:	ea42 2200 	orr.w	r2, r2, r0, lsl #8
    241c:	ea41 210e 	orr.w	r1, r1, lr, lsl #8
    2420:	79d8      	ldrb	r0, [r3, #7]
    2422:	ea41 010b 	orr.w	r1, r1, fp
    2426:	ea42 420a 	orr.w	r2, r2, sl, lsl #16
    242a:	ea42 6200 	orr.w	r2, r2, r0, lsl #24
    242e:	ea41 6009 	orr.w	r0, r1, r9, lsl #24
      s[i] ^= load64(in+8*i);
    2432:	f8dc 1004 	ldr.w	r1, [ip, #4]
    2436:	4060      	eors	r0, r4
    2438:	404a      	eors	r2, r1
    for(i=0;i<r/8;i++)
    243a:	4565      	cmp	r5, ip
      s[i] ^= load64(in+8*i);
    243c:	e9cc 0200 	strd	r0, r2, [ip]
    for(i=0;i<r/8;i++)
    2440:	f103 0308 	add.w	r3, r3, #8
    2444:	d1da      	bne.n	23fc <keccak_absorb_once.constprop.2+0x30>
    KeccakF1600_StatePermute(s);
    2446:	4640      	mov	r0, r8
    inlen -= r;
    2448:	3fa8      	subs	r7, #168	@ 0xa8
    KeccakF1600_StatePermute(s);
    244a:	f7fe fdf7 	bl	103c <KeccakF1600_StatePermute>
  while(inlen >= r) {
    244e:	2fa7      	cmp	r7, #167	@ 0xa7
    in += r;
    2450:	f106 06a8 	add.w	r6, r6, #168	@ 0xa8
  while(inlen >= r) {
    2454:	d8cf      	bhi.n	23f6 <keccak_absorb_once.constprop.2+0x2a>
  for(i=0;i<inlen;i++)
    2456:	2f00      	cmp	r7, #0
    2458:	d048      	beq.n	24ec <keccak_absorb_once.constprop.2+0x120>
    245a:	f107 3eff 	add.w	lr, r7, #4294967295	@ 0xffffffff
    245e:	f106 3cff 	add.w	ip, r6, #4294967295	@ 0xffffffff
    2462:	44b6      	add	lr, r6
    2464:	f1c6 0601 	rsb	r6, r6, #1
    2468:	eb06 030c 	add.w	r3, r6, ip
    s[i/8] ^= (uint64_t)in[i] << 8*(i%8);
    246c:	f003 0507 	and.w	r5, r3, #7
    2470:	f81c 1f01 	ldrb.w	r1, [ip, #1]!
    2474:	f023 0307 	bic.w	r3, r3, #7
    2478:	00ed      	lsls	r5, r5, #3
    247a:	eb08 0903 	add.w	r9, r8, r3
    247e:	f1a5 0220 	sub.w	r2, r5, #32
    2482:	f1c5 0a20 	rsb	sl, r5, #32
    2486:	f858 4003 	ldr.w	r4, [r8, r3]
    248a:	f8d9 0004 	ldr.w	r0, [r9, #4]
    248e:	fa01 f202 	lsl.w	r2, r1, r2
    2492:	fa21 fa0a 	lsr.w	sl, r1, sl
    2496:	ea42 020a 	orr.w	r2, r2, sl
    249a:	40a9      	lsls	r1, r5
    249c:	404c      	eors	r4, r1
    249e:	4050      	eors	r0, r2
  for(i=0;i<inlen;i++)
    24a0:	45f4      	cmp	ip, lr
    s[i/8] ^= (uint64_t)in[i] << 8*(i%8);
    24a2:	f848 4003 	str.w	r4, [r8, r3]
    24a6:	f8c9 0004 	str.w	r0, [r9, #4]
  for(i=0;i<inlen;i++)
    24aa:	d1dd      	bne.n	2468 <keccak_absorb_once.constprop.2+0x9c>
  s[i/8] ^= (uint64_t)p << 8*(i%8);
    24ac:	221f      	movs	r2, #31
    24ae:	f007 0107 	and.w	r1, r7, #7
    24b2:	00c9      	lsls	r1, r1, #3
    24b4:	f1a1 0420 	sub.w	r4, r1, #32
    24b8:	f1c1 0020 	rsb	r0, r1, #32
    24bc:	f027 0307 	bic.w	r3, r7, #7
    24c0:	fa22 f000 	lsr.w	r0, r2, r0
    24c4:	fa02 f704 	lsl.w	r7, r2, r4
    24c8:	4443      	add	r3, r8
    24ca:	4307      	orrs	r7, r0
    24cc:	408a      	lsls	r2, r1
    24ce:	6819      	ldr	r1, [r3, #0]
    24d0:	4051      	eors	r1, r2
    24d2:	685a      	ldr	r2, [r3, #4]
    24d4:	6019      	str	r1, [r3, #0]
    24d6:	407a      	eors	r2, r7
    24d8:	605a      	str	r2, [r3, #4]
  s[(r-1)/8] ^= 1ULL << 63;
    24da:	f8d8 30a4 	ldr.w	r3, [r8, #164]	@ 0xa4
    24de:	f103 4300 	add.w	r3, r3, #2147483648	@ 0x80000000
    24e2:	f8c8 30a4 	str.w	r3, [r8, #164]	@ 0xa4
}
    24e6:	b003      	add	sp, #12
    24e8:	e8bd 8ff0 	ldmia.w	sp!, {r4, r5, r6, r7, r8, r9, sl, fp, pc}
  for(i=0;i<inlen;i++)
    24ec:	4643      	mov	r3, r8
    24ee:	221f      	movs	r2, #31
    24f0:	e7ed      	b.n	24ce <keccak_absorb_once.constprop.2+0x102>
    24f2:	bf00      	nop

000024f4 <pqcrystals_kyber_fips202_ref_shake128_absorb_once>:
{
    24f4:	b510      	push	{r4, lr}
    24f6:	4604      	mov	r4, r0
  keccak_absorb_once(state->s, SHAKE128_RATE, in, inlen, 0x1F);
    24f8:	f7ff ff68 	bl	23cc <keccak_absorb_once.constprop.2>
  state->pos = SHAKE128_RATE;
    24fc:	23a8      	movs	r3, #168	@ 0xa8
    24fe:	f8c4 30c8 	str.w	r3, [r4, #200]	@ 0xc8
}
    2502:	bd10      	pop	{r4, pc}

00002504 <pqcrystals_kyber_fips202_ref_shake128_squeezeblocks>:
  while(nblocks) {
    2504:	b361      	cbz	r1, 2560 <pqcrystals_kyber_fips202_ref_shake128_squeezeblocks+0x5c>
{
    2506:	e92d 47f0 	stmdb	sp!, {r4, r5, r6, r7, r8, r9, sl, lr}
    250a:	4680      	mov	r8, r0
    250c:	460f      	mov	r7, r1
    250e:	4692      	mov	sl, r2
    2510:	f1a2 0508 	sub.w	r5, r2, #8
    2514:	f102 06a0 	add.w	r6, r2, #160	@ 0xa0
    KeccakF1600_StatePermute(s);
    2518:	4650      	mov	r0, sl
    251a:	f7fe fd8f 	bl	103c <KeccakF1600_StatePermute>
    for(i=0;i<r/8;i++)
    251e:	4628      	mov	r0, r5
    2520:	4641      	mov	r1, r8
    x[i] = u >> 8*i;
    2522:	2300      	movs	r3, #0
      store64(out+8*i, s[i]);
    2524:	f850 4f08 	ldr.w	r4, [r0, #8]!
    for(i=0;i<r/8;i++)
    2528:	3108      	adds	r1, #8
      store64(out+8*i, s[i]);
    252a:	6842      	ldr	r2, [r0, #4]
    for(i=0;i<r/8;i++)
    252c:	4286      	cmp	r6, r0
    x[i] = u >> 8*i;
    252e:	ea4f 2912 	mov.w	r9, r2, lsr #8
    2532:	f362 0307 	bfi	r3, r2, #0, #8
    2536:	ea4f 4e12 	mov.w	lr, r2, lsr #16
    253a:	f369 230f 	bfi	r3, r9, #8, #8
    253e:	ea4f 6c12 	mov.w	ip, r2, lsr #24
    2542:	f36e 4317 	bfi	r3, lr, #16, #8
    2546:	f36c 631f 	bfi	r3, ip, #24, #8
    254a:	f841 4c08 	str.w	r4, [r1, #-8]
    254e:	f841 3c04 	str.w	r3, [r1, #-4]
    for(i=0;i<r/8;i++)
    2552:	d1e6      	bne.n	2522 <pqcrystals_kyber_fips202_ref_shake128_squeezeblocks+0x1e>
  while(nblocks) {
    2554:	3f01      	subs	r7, #1
    out += r;
    2556:	f108 08a8 	add.w	r8, r8, #168	@ 0xa8
  while(nblocks) {
    255a:	d1dd      	bne.n	2518 <pqcrystals_kyber_fips202_ref_shake128_squeezeblocks+0x14>
}
    255c:	e8bd 87f0 	ldmia.w	sp!, {r4, r5, r6, r7, r8, r9, sl, pc}
    2560:	4770      	bx	lr
    2562:	bf00      	nop
    2564:	0000      	movs	r0, r0
	...

00002568 <pqcrystals_kyber_fips202_ref_shake256_init>:
void shake256_init(keccak_state *state)
    2568:	ed9f 7b07 	vldr	d7, [pc, #28]	@ 2588 <pqcrystals_kyber_fips202_ref_shake256_init+0x20>
    256c:	f1a0 0308 	sub.w	r3, r0, #8
    2570:	f100 02c0 	add.w	r2, r0, #192	@ 0xc0
    2574:	3308      	adds	r3, #8
    2576:	4293      	cmp	r3, r2
    2578:	ed83 7b00 	vstr	d7, [r3]
    257c:	d1fa      	bne.n	2574 <pqcrystals_kyber_fips202_ref_shake256_init+0xc>
    257e:	2300      	movs	r3, #0
    2580:	f8c0 30c8 	str.w	r3, [r0, #200]	@ 0xc8
    2584:	4770      	bx	lr
    2586:	bf00      	nop
	...

00002590 <pqcrystals_kyber_fips202_ref_shake256_absorb>:
{
    2590:	b530      	push	{r4, r5, lr}
    2592:	4615      	mov	r5, r2
    2594:	b083      	sub	sp, #12
  state->pos = keccak_absorb(state->s, state->pos, SHAKE256_RATE, in, inlen);
    2596:	9500      	str	r5, [sp, #0]
{
    2598:	460b      	mov	r3, r1
  state->pos = keccak_absorb(state->s, state->pos, SHAKE256_RATE, in, inlen);
    259a:	2288      	movs	r2, #136	@ 0x88
    259c:	f8d0 10c8 	ldr.w	r1, [r0, #200]	@ 0xc8
{
    25a0:	4604      	mov	r4, r0
  state->pos = keccak_absorb(state->s, state->pos, SHAKE256_RATE, in, inlen);
    25a2:	f7ff fe11 	bl	21c8 <keccak_absorb>
    25a6:	f8c4 00c8 	str.w	r0, [r4, #200]	@ 0xc8
}
    25aa:	b003      	add	sp, #12
    25ac:	bd30      	pop	{r4, r5, pc}
    25ae:	bf00      	nop

000025b0 <pqcrystals_kyber_fips202_ref_shake256_finalize>:
  s[pos/8] ^= (uint64_t)p << 8*(pos%8);
    25b0:	211f      	movs	r1, #31
{
    25b2:	b530      	push	{r4, r5, lr}
  state->pos = SHAKE256_RATE;
    25b4:	2488      	movs	r4, #136	@ 0x88
  keccak_finalize(state->s, state->pos, SHAKE256_RATE, 0x1F);
    25b6:	f8d0 30c8 	ldr.w	r3, [r0, #200]	@ 0xc8
  s[pos/8] ^= (uint64_t)p << 8*(pos%8);
    25ba:	f023 0c07 	bic.w	ip, r3, #7
    25be:	f003 0307 	and.w	r3, r3, #7
    25c2:	00db      	lsls	r3, r3, #3
    25c4:	f1a3 0220 	sub.w	r2, r3, #32
    25c8:	f1c3 0e20 	rsb	lr, r3, #32
    25cc:	fa01 f202 	lsl.w	r2, r1, r2
    25d0:	fa21 fe0e 	lsr.w	lr, r1, lr
    25d4:	4099      	lsls	r1, r3
    25d6:	f850 300c 	ldr.w	r3, [r0, ip]
    25da:	eb00 050c 	add.w	r5, r0, ip
    25de:	4059      	eors	r1, r3
    25e0:	686b      	ldr	r3, [r5, #4]
    25e2:	ea42 020e 	orr.w	r2, r2, lr
    25e6:	4053      	eors	r3, r2
    25e8:	f840 100c 	str.w	r1, [r0, ip]
    25ec:	606b      	str	r3, [r5, #4]
  s[r/8-1] ^= 1ULL << 63;
    25ee:	f8d0 3084 	ldr.w	r3, [r0, #132]	@ 0x84
  state->pos = SHAKE256_RATE;
    25f2:	f8c0 40c8 	str.w	r4, [r0, #200]	@ 0xc8
  s[r/8-1] ^= 1ULL << 63;
    25f6:	f103 4300 	add.w	r3, r3, #2147483648	@ 0x80000000
    25fa:	f8c0 3084 	str.w	r3, [r0, #132]	@ 0x84
}
    25fe:	bd30      	pop	{r4, r5, pc}

00002600 <pqcrystals_kyber_fips202_ref_shake256_squeeze>:
{
    2600:	e92d 41f0 	stmdb	sp!, {r4, r5, r6, r7, r8, lr}
    2604:	4617      	mov	r7, r2
  state->pos = keccak_squeeze(out, outlen, state->s, state->pos, SHAKE256_RATE);
    2606:	f8d2 20c8 	ldr.w	r2, [r2, #200]	@ 0xc8
  while(outlen) {
    260a:	b359      	cbz	r1, 2664 <pqcrystals_kyber_fips202_ref_shake256_squeeze+0x64>
    if(pos == r) {
    260c:	2a88      	cmp	r2, #136	@ 0x88
    260e:	4604      	mov	r4, r0
    2610:	460e      	mov	r6, r1
    2612:	d02b      	beq.n	266c <pqcrystals_kyber_fips202_ref_shake256_squeeze+0x6c>
    2614:	18b3      	adds	r3, r6, r2
    for(i=pos;i < r && i < pos+outlen; i++)
    2616:	2a87      	cmp	r2, #135	@ 0x87
    2618:	d8fd      	bhi.n	2616 <pqcrystals_kyber_fips202_ref_shake256_squeeze+0x16>
    261a:	4293      	cmp	r3, r2
    261c:	461e      	mov	r6, r3
    261e:	d9fa      	bls.n	2616 <pqcrystals_kyber_fips202_ref_shake256_squeeze+0x16>
    2620:	eba6 0802 	sub.w	r8, r6, r2
    2624:	44a0      	add	r8, r4
    2626:	e001      	b.n	262c <pqcrystals_kyber_fips202_ref_shake256_squeeze+0x2c>
    2628:	4544      	cmp	r4, r8
    262a:	d024      	beq.n	2676 <pqcrystals_kyber_fips202_ref_shake256_squeeze+0x76>
      *out++ = s[i/8] >> 8*(i%8);
    262c:	f022 0307 	bic.w	r3, r2, #7
    2630:	f002 0107 	and.w	r1, r2, #7
    2634:	18f8      	adds	r0, r7, r3
    2636:	6845      	ldr	r5, [r0, #4]
    2638:	00c9      	lsls	r1, r1, #3
    263a:	58fb      	ldr	r3, [r7, r3]
    263c:	f1c1 0e20 	rsb	lr, r1, #32
    2640:	f1a1 0c20 	sub.w	ip, r1, #32
    2644:	40cb      	lsrs	r3, r1
    2646:	fa05 fe0e 	lsl.w	lr, r5, lr
    264a:	ea43 030e 	orr.w	r3, r3, lr
    264e:	fa25 fc0c 	lsr.w	ip, r5, ip
    for(i=pos;i < r && i < pos+outlen; i++)
    2652:	3201      	adds	r2, #1
      *out++ = s[i/8] >> 8*(i%8);
    2654:	ea43 030c 	orr.w	r3, r3, ip
    for(i=pos;i < r && i < pos+outlen; i++)
    2658:	2a88      	cmp	r2, #136	@ 0x88
      *out++ = s[i/8] >> 8*(i%8);
    265a:	f804 3b01 	strb.w	r3, [r4], #1
    for(i=pos;i < r && i < pos+outlen; i++)
    265e:	d1e3      	bne.n	2628 <pqcrystals_kyber_fips202_ref_shake256_squeeze+0x28>
  while(outlen) {
    2660:	3e88      	subs	r6, #136	@ 0x88
    2662:	d103      	bne.n	266c <pqcrystals_kyber_fips202_ref_shake256_squeeze+0x6c>
  state->pos = keccak_squeeze(out, outlen, state->s, state->pos, SHAKE256_RATE);
    2664:	f8c7 20c8 	str.w	r2, [r7, #200]	@ 0xc8
}
    2668:	e8bd 81f0 	ldmia.w	sp!, {r4, r5, r6, r7, r8, pc}
      KeccakF1600_StatePermute(s);
    266c:	4638      	mov	r0, r7
    266e:	f7fe fce5 	bl	103c <KeccakF1600_StatePermute>
      pos = 0;
    2672:	2200      	movs	r2, #0
    2674:	e7d4      	b.n	2620 <pqcrystals_kyber_fips202_ref_shake256_squeeze+0x20>
  while(outlen) {
    2676:	1ab6      	subs	r6, r6, r2
    2678:	d1cc      	bne.n	2614 <pqcrystals_kyber_fips202_ref_shake256_squeeze+0x14>
    267a:	e7f3      	b.n	2664 <pqcrystals_kyber_fips202_ref_shake256_squeeze+0x64>

0000267c <pqcrystals_kyber_fips202_ref_shake256>:
*              - size_t outlen: requested output length in bytes
*              - const uint8_t *in: pointer to input
*              - size_t inlen: length of input in bytes
**************************************************/
void shake256(uint8_t *out, size_t outlen, const uint8_t *in, size_t inlen)
{
    267c:	e92d 4ff0 	stmdb	sp!, {r4, r5, r6, r7, r8, r9, sl, fp, lr}
    2680:	4614      	mov	r4, r2
    2682:	460d      	mov	r5, r1
  n_shake256++;
    2684:	4951      	ldr	r1, [pc, #324]	@ (27cc <pqcrystals_kyber_fips202_ref_shake256+0x150>)
{
    2686:	461a      	mov	r2, r3
  n_shake256++;
    2688:	680b      	ldr	r3, [r1, #0]
{
    268a:	b0b7      	sub	sp, #220	@ 0xdc
  n_shake256++;
    268c:	3301      	adds	r3, #1
    268e:	4e50      	ldr	r6, [pc, #320]	@ (27d0 <pqcrystals_kyber_fips202_ref_shake256+0x154>)
    2690:	600b      	str	r3, [r1, #0]
  keccak_absorb_once(state->s, SHAKE256_RATE, in, inlen, 0x1F);
    2692:	231f      	movs	r3, #31
    2694:	4621      	mov	r1, r4
{
    2696:	4604      	mov	r4, r0
  keccak_absorb_once(state->s, SHAKE256_RATE, in, inlen, 0x1F);
    2698:	a802      	add	r0, sp, #8
    269a:	6877      	ldr	r7, [r6, #4]
    269c:	f7ff fe02 	bl	22a4 <keccak_absorb_once.constprop.1>
  state->pos = SHAKE256_RATE;
    26a0:	2388      	movs	r3, #136	@ 0x88
  uint32_t cnt1 = cpucycles();
  size_t nblocks;
  keccak_state state;

  shake256_absorb_once(&state, in, inlen);
  nblocks = outlen/SHAKE256_RATE;
    26a2:	4a4c      	ldr	r2, [pc, #304]	@ (27d4 <pqcrystals_kyber_fips202_ref_shake256+0x158>)
  while(nblocks) {
    26a4:	2d87      	cmp	r5, #135	@ 0x87
  nblocks = outlen/SHAKE256_RATE;
    26a6:	fba2 2a05 	umull	r2, sl, r2, r5
  state->pos = SHAKE256_RATE;
    26aa:	9334      	str	r3, [sp, #208]	@ 0xd0
  while(nblocks) {
    26ac:	f240 808b 	bls.w	27c6 <pqcrystals_kyber_fips202_ref_shake256+0x14a>
    26b0:	46a1      	mov	r9, r4
    26b2:	ea4f 1ada 	mov.w	sl, sl, lsr #7
    26b6:	eb0a 160a 	add.w	r6, sl, sl, lsl #4
    26ba:	eb04 06c6 	add.w	r6, r4, r6, lsl #3
    26be:	ea4f 1b0a 	mov.w	fp, sl, lsl #4
    26c2:	eb0d 0803 	add.w	r8, sp, r3
    26c6:	f8cd a004 	str.w	sl, [sp, #4]
    KeccakF1600_StatePermute(s);
    26ca:	a802      	add	r0, sp, #8
    26cc:	f7fe fcb6 	bl	103c <KeccakF1600_StatePermute>
    for(i=0;i<r/8;i++)
    26d0:	4668      	mov	r0, sp
    26d2:	4649      	mov	r1, r9
      store64(out+8*i, s[i]);
    26d4:	f850 3f08 	ldr.w	r3, [r0, #8]!
    for(i=0;i<r/8;i++)
    26d8:	3108      	adds	r1, #8
    x[i] = u >> 8*i;
    26da:	f841 3c08 	str.w	r3, [r1, #-8]
    26de:	2300      	movs	r3, #0
      store64(out+8*i, s[i]);
    26e0:	6842      	ldr	r2, [r0, #4]
    for(i=0;i<r/8;i++)
    26e2:	4580      	cmp	r8, r0
    x[i] = u >> 8*i;
    26e4:	ea4f 2a12 	mov.w	sl, r2, lsr #8
    26e8:	f362 0307 	bfi	r3, r2, #0, #8
    26ec:	ea4f 4e12 	mov.w	lr, r2, lsr #16
    26f0:	f36a 230f 	bfi	r3, sl, #8, #8
    26f4:	ea4f 6c12 	mov.w	ip, r2, lsr #24
    26f8:	f36e 4317 	bfi	r3, lr, #16, #8
    26fc:	f36c 631f 	bfi	r3, ip, #24, #8
    2700:	f841 3c04 	str.w	r3, [r1, #-4]
    for(i=0;i<r/8;i++)
    2704:	d1e6      	bne.n	26d4 <pqcrystals_kyber_fips202_ref_shake256+0x58>
    out += r;
    2706:	f109 0988 	add.w	r9, r9, #136	@ 0x88
  while(nblocks) {
    270a:	45b1      	cmp	r9, r6
    270c:	d1dd      	bne.n	26ca <pqcrystals_kyber_fips202_ref_shake256+0x4e>
    270e:	4b31      	ldr	r3, [pc, #196]	@ (27d4 <pqcrystals_kyber_fips202_ref_shake256+0x158>)
  shake256_squeezeblocks(out, nblocks, &state);
  outlen -= nblocks*SHAKE256_RATE;
  out += nblocks*SHAKE256_RATE;
    2710:	f8dd a004 	ldr.w	sl, [sp, #4]
    2714:	fba3 2305 	umull	r2, r3, r3, r5
    2718:	09db      	lsrs	r3, r3, #7
    271a:	eb03 1303 	add.w	r3, r3, r3, lsl #4
    271e:	44d3      	add	fp, sl
  while(outlen) {
    2720:	ebb5 03c3 	subs.w	r3, r5, r3, lsl #3
  state->pos = keccak_squeeze(out, outlen, state->s, state->pos, SHAKE256_RATE);
    2724:	9934      	ldr	r1, [sp, #208]	@ 0xd0
  out += nblocks*SHAKE256_RATE;
    2726:	eb04 04cb 	add.w	r4, r4, fp, lsl #3
  while(outlen) {
    272a:	d02b      	beq.n	2784 <pqcrystals_kyber_fips202_ref_shake256+0x108>
    if(pos == r) {
    272c:	2988      	cmp	r1, #136	@ 0x88
    272e:	d043      	beq.n	27b8 <pqcrystals_kyber_fips202_ref_shake256+0x13c>
    2730:	440b      	add	r3, r1
    for(i=pos;i < r && i < pos+outlen; i++)
    2732:	2987      	cmp	r1, #135	@ 0x87
    2734:	d8fd      	bhi.n	2732 <pqcrystals_kyber_fips202_ref_shake256+0xb6>
    2736:	4299      	cmp	r1, r3
    2738:	d2fb      	bcs.n	2732 <pqcrystals_kyber_fips202_ref_shake256+0xb6>
    273a:	4698      	mov	r8, r3
    273c:	eba8 0c01 	sub.w	ip, r8, r1
    2740:	44a4      	add	ip, r4
    2742:	e001      	b.n	2748 <pqcrystals_kyber_fips202_ref_shake256+0xcc>
    2744:	4564      	cmp	r4, ip
    2746:	d029      	beq.n	279c <pqcrystals_kyber_fips202_ref_shake256+0x120>
      *out++ = s[i/8] >> 8*(i%8);
    2748:	f021 0307 	bic.w	r3, r1, #7
    274c:	f103 0008 	add.w	r0, r3, #8
    2750:	4468      	add	r0, sp
    2752:	6845      	ldr	r5, [r0, #4]
    2754:	f001 0207 	and.w	r2, r1, #7
    2758:	a802      	add	r0, sp, #8
    275a:	00d2      	lsls	r2, r2, #3
    275c:	58c3      	ldr	r3, [r0, r3]
    275e:	f1c2 0620 	rsb	r6, r2, #32
    2762:	f1a2 0020 	sub.w	r0, r2, #32
    2766:	40d3      	lsrs	r3, r2
    2768:	fa05 f606 	lsl.w	r6, r5, r6
    276c:	4333      	orrs	r3, r6
    276e:	fa25 f000 	lsr.w	r0, r5, r0
    for(i=pos;i < r && i < pos+outlen; i++)
    2772:	3101      	adds	r1, #1
      *out++ = s[i/8] >> 8*(i%8);
    2774:	4303      	orrs	r3, r0
    for(i=pos;i < r && i < pos+outlen; i++)
    2776:	2988      	cmp	r1, #136	@ 0x88
      *out++ = s[i/8] >> 8*(i%8);
    2778:	f804 3b01 	strb.w	r3, [r4], #1
    for(i=pos;i < r && i < pos+outlen; i++)
    277c:	d1e2      	bne.n	2744 <pqcrystals_kyber_fips202_ref_shake256+0xc8>
  while(outlen) {
    277e:	f1b8 0888 	subs.w	r8, r8, #136	@ 0x88
    2782:	d10f      	bne.n	27a4 <pqcrystals_kyber_fips202_ref_shake256+0x128>
  shake256_squeeze(out, outlen, &state);
  uint32_t cnt2 = cpucycles();
  if (shake256_cyc != 0){
    2784:	4914      	ldr	r1, [pc, #80]	@ (27d8 <pqcrystals_kyber_fips202_ref_shake256+0x15c>)
    2786:	4a12      	ldr	r2, [pc, #72]	@ (27d0 <pqcrystals_kyber_fips202_ref_shake256+0x154>)
    2788:	680b      	ldr	r3, [r1, #0]
    278a:	6852      	ldr	r2, [r2, #4]
    278c:	b17b      	cbz	r3, 27ae <pqcrystals_kyber_fips202_ref_shake256+0x132>
    shake256_cyc = (shake256_cyc + cnt2-cnt1) / 2;
    278e:	1bdb      	subs	r3, r3, r7
    2790:	4413      	add	r3, r2
    2792:	085b      	lsrs	r3, r3, #1
    2794:	600b      	str	r3, [r1, #0]
  } else {
    shake256_cyc = cnt2-cnt1;
  }
}
    2796:	b037      	add	sp, #220	@ 0xdc
    2798:	e8bd 8ff0 	ldmia.w	sp!, {r4, r5, r6, r7, r8, r9, sl, fp, pc}
  while(outlen) {
    279c:	ebb8 0301 	subs.w	r3, r8, r1
    27a0:	d1c6      	bne.n	2730 <pqcrystals_kyber_fips202_ref_shake256+0xb4>
    27a2:	e7ef      	b.n	2784 <pqcrystals_kyber_fips202_ref_shake256+0x108>
      KeccakF1600_StatePermute(s);
    27a4:	a802      	add	r0, sp, #8
    27a6:	f7fe fc49 	bl	103c <KeccakF1600_StatePermute>
      pos = 0;
    27aa:	2100      	movs	r1, #0
    27ac:	e7c6      	b.n	273c <pqcrystals_kyber_fips202_ref_shake256+0xc0>
    shake256_cyc = cnt2-cnt1;
    27ae:	1bd3      	subs	r3, r2, r7
    27b0:	600b      	str	r3, [r1, #0]
}
    27b2:	b037      	add	sp, #220	@ 0xdc
    27b4:	e8bd 8ff0 	ldmia.w	sp!, {r4, r5, r6, r7, r8, r9, sl, fp, pc}
    27b8:	461d      	mov	r5, r3
      KeccakF1600_StatePermute(s);
    27ba:	a802      	add	r0, sp, #8
    27bc:	f7fe fc3e 	bl	103c <KeccakF1600_StatePermute>
    for(i=pos;i < r && i < pos+outlen; i++)
    27c0:	46a8      	mov	r8, r5
      pos = 0;
    27c2:	2100      	movs	r1, #0
    27c4:	e7ba      	b.n	273c <pqcrystals_kyber_fips202_ref_shake256+0xc0>
  while(outlen) {
    27c6:	2d00      	cmp	r5, #0
    27c8:	d1f7      	bne.n	27ba <pqcrystals_kyber_fips202_ref_shake256+0x13e>
    27ca:	e7db      	b.n	2784 <pqcrystals_kyber_fips202_ref_shake256+0x108>
    27cc:	2000011c 	.word	0x2000011c
    27d0:	e0001000 	.word	0xe0001000
    27d4:	f0f0f0f1 	.word	0xf0f0f0f1
    27d8:	20000114 	.word	0x20000114

000027dc <pqcrystals_kyber_fips202_ref_sha3_256>:
* Arguments:   - uint8_t *h: pointer to output (32 bytes)
*              - const uint8_t *in: pointer to input
*              - size_t inlen: length of input in bytes
**************************************************/
void sha3_256(uint8_t h[32], const uint8_t *in, size_t inlen)
{
    27dc:	e92d 4ff0 	stmdb	sp!, {r4, r5, r6, r7, r8, r9, sl, fp, lr}
    x[i] = u >> 8*i;
    27e0:	f04f 0900 	mov.w	r9, #0
{
    27e4:	4604      	mov	r4, r0
  n_sha3_256++;
    27e6:	4834      	ldr	r0, [pc, #208]	@ (28b8 <pqcrystals_kyber_fips202_ref_sha3_256+0xdc>)
{
    27e8:	b0b3      	sub	sp, #204	@ 0xcc
  n_sha3_256++;
    27ea:	6803      	ldr	r3, [r0, #0]
    27ec:	4d33      	ldr	r5, [pc, #204]	@ (28bc <pqcrystals_kyber_fips202_ref_sha3_256+0xe0>)
    27ee:	3301      	adds	r3, #1
    27f0:	6003      	str	r3, [r0, #0]
  uint32_t cnt1 = cpucycles();
  unsigned int i;
  uint64_t s[25];

  keccak_absorb_once(s, SHA3_256_RATE, in, inlen, 0x06);
    27f2:	2306      	movs	r3, #6
    27f4:	4668      	mov	r0, sp
    x[i] = u >> 8*i;
    27f6:	46c8      	mov	r8, r9
    27f8:	f8d5 b004 	ldr.w	fp, [r5, #4]
  keccak_absorb_once(s, SHA3_256_RATE, in, inlen, 0x06);
    27fc:	f7ff fd52 	bl	22a4 <keccak_absorb_once.constprop.1>
  KeccakF1600_StatePermute(s);
    2800:	4668      	mov	r0, sp
    2802:	f7fe fc1b 	bl	103c <KeccakF1600_StatePermute>
    x[i] = u >> 8*i;
    2806:	46ce      	mov	lr, r9
    2808:	46cc      	mov	ip, r9
  for(i=0;i<4;i++)
    store64(h+8*i,s[i]);
    280a:	9801      	ldr	r0, [sp, #4]
    280c:	9903      	ldr	r1, [sp, #12]
    280e:	9a05      	ldr	r2, [sp, #20]
    x[i] = u >> 8*i;
    2810:	ea4f 2a10 	mov.w	sl, r0, lsr #8
    2814:	f360 0907 	bfi	r9, r0, #0, #8
    store64(h+8*i,s[i]);
    2818:	9b07      	ldr	r3, [sp, #28]
    x[i] = u >> 8*i;
    281a:	f361 0807 	bfi	r8, r1, #0, #8
    281e:	f36a 290f 	bfi	r9, sl, #8, #8
    2822:	ea4f 2a11 	mov.w	sl, r1, lsr #8
    2826:	f362 0e07 	bfi	lr, r2, #0, #8
    282a:	f36a 280f 	bfi	r8, sl, #8, #8
    282e:	ea4f 2a12 	mov.w	sl, r2, lsr #8
    2832:	f363 0c07 	bfi	ip, r3, #0, #8
    2836:	f36a 2e0f 	bfi	lr, sl, #8, #8
    283a:	ea4f 2a13 	mov.w	sl, r3, lsr #8
    283e:	f36a 2c0f 	bfi	ip, sl, #8, #8
    2842:	ea4f 4a10 	mov.w	sl, r0, lsr #16
    2846:	f36a 4917 	bfi	r9, sl, #16, #8
    284a:	0e00      	lsrs	r0, r0, #24
    284c:	f360 691f 	bfi	r9, r0, #24, #8
    2850:	0c08      	lsrs	r0, r1, #16
    2852:	f360 4817 	bfi	r8, r0, #16, #8
    2856:	0e09      	lsrs	r1, r1, #24
    2858:	f361 681f 	bfi	r8, r1, #24, #8
    285c:	0c11      	lsrs	r1, r2, #16
    285e:	f361 4e17 	bfi	lr, r1, #16, #8
    2862:	0e12      	lsrs	r2, r2, #24
    2864:	f362 6e1f 	bfi	lr, r2, #24, #8
    2868:	0c1a      	lsrs	r2, r3, #16
    286a:	f362 4c17 	bfi	ip, r2, #16, #8
    286e:	9a02      	ldr	r2, [sp, #8]
    2870:	9e00      	ldr	r6, [sp, #0]
    2872:	60a2      	str	r2, [r4, #8]
    2874:	9a04      	ldr	r2, [sp, #16]
  uint32_t cnt2 = cpucycles();
  if (sha3_256_cyc != 0){
    2876:	4f12      	ldr	r7, [pc, #72]	@ (28c0 <pqcrystals_kyber_fips202_ref_sha3_256+0xe4>)
    x[i] = u >> 8*i;
    2878:	6026      	str	r6, [r4, #0]
    287a:	0e1b      	lsrs	r3, r3, #24
    287c:	6122      	str	r2, [r4, #16]
    287e:	9a06      	ldr	r2, [sp, #24]
    2880:	f363 6c1f 	bfi	ip, r3, #24, #8
  if (sha3_256_cyc != 0){
    2884:	683b      	ldr	r3, [r7, #0]
    x[i] = u >> 8*i;
    2886:	f8c4 9004 	str.w	r9, [r4, #4]
    288a:	f8c4 800c 	str.w	r8, [r4, #12]
    288e:	f8c4 e014 	str.w	lr, [r4, #20]
    2892:	f8c4 c01c 	str.w	ip, [r4, #28]
    2896:	61a2      	str	r2, [r4, #24]
    2898:	686a      	ldr	r2, [r5, #4]
  if (sha3_256_cyc != 0){
    289a:	b13b      	cbz	r3, 28ac <pqcrystals_kyber_fips202_ref_sha3_256+0xd0>
    sha3_256_cyc = (sha3_256_cyc + cnt2-cnt1) / 2;
    289c:	eba3 030b 	sub.w	r3, r3, fp
    28a0:	4413      	add	r3, r2
    28a2:	085b      	lsrs	r3, r3, #1
    28a4:	603b      	str	r3, [r7, #0]
  } else {
    sha3_256_cyc = cnt2-cnt1;
  }

}
    28a6:	b033      	add	sp, #204	@ 0xcc
    28a8:	e8bd 8ff0 	ldmia.w	sp!, {r4, r5, r6, r7, r8, r9, sl, fp, pc}
    sha3_256_cyc = cnt2-cnt1;
    28ac:	eba2 030b 	sub.w	r3, r2, fp
    28b0:	603b      	str	r3, [r7, #0]
}
    28b2:	b033      	add	sp, #204	@ 0xcc
    28b4:	e8bd 8ff0 	ldmia.w	sp!, {r4, r5, r6, r7, r8, r9, sl, fp, pc}
    28b8:	20000108 	.word	0x20000108
    28bc:	e0001000 	.word	0xe0001000
    28c0:	2000010c 	.word	0x2000010c

000028c4 <pqcrystals_kyber_fips202_ref_sha3_512>:
* Arguments:   - uint8_t *h: pointer to output (64 bytes)
*              - const uint8_t *in: pointer to input
*              - size_t inlen: length of input in bytes
**************************************************/
void sha3_512(uint8_t h[64], const uint8_t *in, size_t inlen)
{
    28c4:	e92d 4ff0 	stmdb	sp!, {r4, r5, r6, r7, r8, r9, sl, fp, lr}
  n_sha3_512++;
    28c8:	4da2      	ldr	r5, [pc, #648]	@ (2b54 <pqcrystals_kyber_fips202_ref_sha3_512+0x290>)
{
    28ca:	b0b5      	sub	sp, #212	@ 0xd4
  n_sha3_512++;
    28cc:	682b      	ldr	r3, [r5, #0]
{
    28ce:	4604      	mov	r4, r0
  n_sha3_512++;
    28d0:	3301      	adds	r3, #1
    28d2:	602b      	str	r3, [r5, #0]
    28d4:	4ba0      	ldr	r3, [pc, #640]	@ (2b58 <pqcrystals_kyber_fips202_ref_sha3_512+0x294>)
{
    28d6:	460e      	mov	r6, r1
    28d8:	685b      	ldr	r3, [r3, #4]
    s[i] = 0;
    28da:	2000      	movs	r0, #0
    28dc:	9301      	str	r3, [sp, #4]
    28de:	2100      	movs	r1, #0
    28e0:	466b      	mov	r3, sp
{
    28e2:	4617      	mov	r7, r2
  for(i=0;i<25;i++)
    28e4:	aa32      	add	r2, sp, #200	@ 0xc8
    s[i] = 0;
    28e6:	e9e3 0102 	strd	r0, r1, [r3, #8]!
  for(i=0;i<25;i++)
    28ea:	4293      	cmp	r3, r2
    28ec:	d1fb      	bne.n	28e6 <pqcrystals_kyber_fips202_ref_sha3_512+0x22>
  while(inlen >= r) {
    28ee:	2f47      	cmp	r7, #71	@ 0x47
    28f0:	d930      	bls.n	2954 <pqcrystals_kyber_fips202_ref_sha3_512+0x90>
    28f2:	46a1      	mov	r9, r4
    28f4:	ad12      	add	r5, sp, #72	@ 0x48
    for(i=0;i<r/8;i++)
    28f6:	4633      	mov	r3, r6
    28f8:	4668      	mov	r0, sp
    r |= (uint64_t)x[i] << 8*i;
    28fa:	789a      	ldrb	r2, [r3, #2]
    28fc:	7859      	ldrb	r1, [r3, #1]
    28fe:	f893 e000 	ldrb.w	lr, [r3]
    2902:	0412      	lsls	r2, r2, #16
    2904:	ea42 2201 	orr.w	r2, r2, r1, lsl #8
    2908:	78d9      	ldrb	r1, [r3, #3]
      s[i] ^= load64(in+8*i);
    290a:	f850 4f08 	ldr.w	r4, [r0, #8]!
    r |= (uint64_t)x[i] << 8*i;
    290e:	ea42 020e 	orr.w	r2, r2, lr
    2912:	ea42 6201 	orr.w	r2, r2, r1, lsl #24
    2916:	f893 c004 	ldrb.w	ip, [r3, #4]
    291a:	f893 8005 	ldrb.w	r8, [r3, #5]
      s[i] ^= load64(in+8*i);
    291e:	4062      	eors	r2, r4
    2920:	6002      	str	r2, [r0, #0]
    r |= (uint64_t)x[i] << 8*i;
    2922:	799a      	ldrb	r2, [r3, #6]
    2924:	ea4c 2c08 	orr.w	ip, ip, r8, lsl #8
    2928:	f893 e007 	ldrb.w	lr, [r3, #7]
      s[i] ^= load64(in+8*i);
    292c:	6841      	ldr	r1, [r0, #4]
    r |= (uint64_t)x[i] << 8*i;
    292e:	ea4c 4202 	orr.w	r2, ip, r2, lsl #16
    2932:	ea42 620e 	orr.w	r2, r2, lr, lsl #24
      s[i] ^= load64(in+8*i);
    2936:	4051      	eors	r1, r2
    for(i=0;i<r/8;i++)
    2938:	4285      	cmp	r5, r0
    293a:	f103 0308 	add.w	r3, r3, #8
      s[i] ^= load64(in+8*i);
    293e:	6041      	str	r1, [r0, #4]
    for(i=0;i<r/8;i++)
    2940:	d1db      	bne.n	28fa <pqcrystals_kyber_fips202_ref_sha3_512+0x36>
    KeccakF1600_StatePermute(s);
    2942:	a802      	add	r0, sp, #8
    inlen -= r;
    2944:	3f48      	subs	r7, #72	@ 0x48
    KeccakF1600_StatePermute(s);
    2946:	f7fe fb79 	bl	103c <KeccakF1600_StatePermute>
  while(inlen >= r) {
    294a:	2f47      	cmp	r7, #71	@ 0x47
    in += r;
    294c:	f106 0648 	add.w	r6, r6, #72	@ 0x48
  while(inlen >= r) {
    2950:	d8d1      	bhi.n	28f6 <pqcrystals_kyber_fips202_ref_sha3_512+0x32>
    2952:	464c      	mov	r4, r9
  for(i=0;i<inlen;i++)
    2954:	2f00      	cmp	r7, #0
    2956:	f000 80fa 	beq.w	2b4e <pqcrystals_kyber_fips202_ref_sha3_512+0x28a>
    295a:	f107 3eff 	add.w	lr, r7, #4294967295	@ 0xffffffff
    295e:	44b6      	add	lr, r6
    2960:	f106 3cff 	add.w	ip, r6, #4294967295	@ 0xffffffff
    2964:	f1c6 0601 	rsb	r6, r6, #1
    2968:	eb06 030c 	add.w	r3, r6, ip
    s[i/8] ^= (uint64_t)in[i] << 8*(i%8);
    296c:	f003 0007 	and.w	r0, r3, #7
    2970:	f023 0307 	bic.w	r3, r3, #7
    2974:	f81c 1f01 	ldrb.w	r1, [ip, #1]!
    2978:	00c0      	lsls	r0, r0, #3
    297a:	f103 0208 	add.w	r2, r3, #8
    297e:	eb0d 0802 	add.w	r8, sp, r2
    2982:	f1c0 0520 	rsb	r5, r0, #32
    2986:	f1a0 0220 	sub.w	r2, r0, #32
    298a:	fa21 f505 	lsr.w	r5, r1, r5
    298e:	fa01 f202 	lsl.w	r2, r1, r2
    2992:	432a      	orrs	r2, r5
    2994:	ad02      	add	r5, sp, #8
    2996:	58ed      	ldr	r5, [r5, r3]
    2998:	4081      	lsls	r1, r0
    299a:	404d      	eors	r5, r1
    299c:	f8d8 1004 	ldr.w	r1, [r8, #4]
    29a0:	a802      	add	r0, sp, #8
    29a2:	404a      	eors	r2, r1
  for(i=0;i<inlen;i++)
    29a4:	45f4      	cmp	ip, lr
    s[i/8] ^= (uint64_t)in[i] << 8*(i%8);
    29a6:	50c5      	str	r5, [r0, r3]
    29a8:	f8c8 2004 	str.w	r2, [r8, #4]
  for(i=0;i<inlen;i++)
    29ac:	d1dc      	bne.n	2968 <pqcrystals_kyber_fips202_ref_sha3_512+0xa4>
  s[i/8] ^= (uint64_t)p << 8*(i%8);
    29ae:	2206      	movs	r2, #6
    29b0:	f007 0107 	and.w	r1, r7, #7
    29b4:	00c9      	lsls	r1, r1, #3
    29b6:	f027 0307 	bic.w	r3, r7, #7
    29ba:	4403      	add	r3, r0
    29bc:	f1a1 0720 	sub.w	r7, r1, #32
    29c0:	f1c1 0020 	rsb	r0, r1, #32
    29c4:	fa02 f707 	lsl.w	r7, r2, r7
    29c8:	fa22 f000 	lsr.w	r0, r2, r0
    29cc:	4307      	orrs	r7, r0
    29ce:	408a      	lsls	r2, r1
    x[i] = u >> 8*i;
    29d0:	f04f 0a00 	mov.w	sl, #0
  s[i/8] ^= (uint64_t)p << 8*(i%8);
    29d4:	6819      	ldr	r1, [r3, #0]
    x[i] = u >> 8*i;
    29d6:	4656      	mov	r6, sl
  s[i/8] ^= (uint64_t)p << 8*(i%8);
    29d8:	4051      	eors	r1, r2
    29da:	685a      	ldr	r2, [r3, #4]
    29dc:	6019      	str	r1, [r3, #0]
    29de:	407a      	eors	r2, r7
    x[i] = u >> 8*i;
    29e0:	4657      	mov	r7, sl
  s[i/8] ^= (uint64_t)p << 8*(i%8);
    29e2:	605a      	str	r2, [r3, #4]
  s[(r-1)/8] ^= 1ULL << 63;
    29e4:	9b13      	ldr	r3, [sp, #76]	@ 0x4c
    x[i] = u >> 8*i;
    29e6:	4655      	mov	r5, sl
  s[(r-1)/8] ^= 1ULL << 63;
    29e8:	f103 4300 	add.w	r3, r3, #2147483648	@ 0x80000000
  uint32_t cnt1 = cpucycles();
  unsigned int i;
  uint64_t s[25];

  keccak_absorb_once(s, SHA3_512_RATE, in, inlen, 0x06);
  KeccakF1600_StatePermute(s);
    29ec:	a802      	add	r0, sp, #8
  s[(r-1)/8] ^= 1ULL << 63;
    29ee:	9313      	str	r3, [sp, #76]	@ 0x4c
  KeccakF1600_StatePermute(s);
    29f0:	f7fe fb24 	bl	103c <KeccakF1600_StatePermute>
    x[i] = u >> 8*i;
    29f4:	46d6      	mov	lr, sl
    29f6:	46d1      	mov	r9, sl
    29f8:	46d4      	mov	ip, sl
    29fa:	46d0      	mov	r8, sl
    29fc:	9b09      	ldr	r3, [sp, #36]	@ 0x24
  for(i=0;i<8;i++)
    store64(h+8*i,s[i]);
    29fe:	9803      	ldr	r0, [sp, #12]
    x[i] = u >> 8*i;
    2a00:	f363 0707 	bfi	r7, r3, #0, #8
    2a04:	9b0b      	ldr	r3, [sp, #44]	@ 0x2c
    store64(h+8*i,s[i]);
    2a06:	9905      	ldr	r1, [sp, #20]
    x[i] = u >> 8*i;
    2a08:	f363 0607 	bfi	r6, r3, #0, #8
    2a0c:	9b0d      	ldr	r3, [sp, #52]	@ 0x34
    store64(h+8*i,s[i]);
    2a0e:	9a07      	ldr	r2, [sp, #28]
    x[i] = u >> 8*i;
    2a10:	f363 0507 	bfi	r5, r3, #0, #8
    2a14:	9b0f      	ldr	r3, [sp, #60]	@ 0x3c
    2a16:	ea4f 2b10 	mov.w	fp, r0, lsr #8
    2a1a:	f363 0e07 	bfi	lr, r3, #0, #8
    2a1e:	9b11      	ldr	r3, [sp, #68]	@ 0x44
    2a20:	f360 0a07 	bfi	sl, r0, #0, #8
    2a24:	f361 0907 	bfi	r9, r1, #0, #8
    2a28:	f363 0c07 	bfi	ip, r3, #0, #8
    2a2c:	f36b 2a0f 	bfi	sl, fp, #8, #8
    2a30:	9b09      	ldr	r3, [sp, #36]	@ 0x24
    2a32:	ea4f 2b11 	mov.w	fp, r1, lsr #8
    2a36:	f362 0807 	bfi	r8, r2, #0, #8
    2a3a:	f36b 290f 	bfi	r9, fp, #8, #8
    2a3e:	ea4f 2b12 	mov.w	fp, r2, lsr #8
    2a42:	f36b 280f 	bfi	r8, fp, #8, #8
    2a46:	ea4f 2b13 	mov.w	fp, r3, lsr #8
    2a4a:	9b0b      	ldr	r3, [sp, #44]	@ 0x2c
    2a4c:	f36b 270f 	bfi	r7, fp, #8, #8
    2a50:	ea4f 2b13 	mov.w	fp, r3, lsr #8
    2a54:	9b0d      	ldr	r3, [sp, #52]	@ 0x34
    2a56:	f36b 260f 	bfi	r6, fp, #8, #8
    2a5a:	ea4f 2b13 	mov.w	fp, r3, lsr #8
    2a5e:	9b0f      	ldr	r3, [sp, #60]	@ 0x3c
    2a60:	f36b 250f 	bfi	r5, fp, #8, #8
    2a64:	ea4f 2b13 	mov.w	fp, r3, lsr #8
    2a68:	9b11      	ldr	r3, [sp, #68]	@ 0x44
    2a6a:	f36b 2e0f 	bfi	lr, fp, #8, #8
    2a6e:	ea4f 2b13 	mov.w	fp, r3, lsr #8
    2a72:	f36b 2c0f 	bfi	ip, fp, #8, #8
    2a76:	ea4f 4b10 	mov.w	fp, r0, lsr #16
    2a7a:	f36b 4a17 	bfi	sl, fp, #16, #8
    2a7e:	0e00      	lsrs	r0, r0, #24
    2a80:	f360 6a1f 	bfi	sl, r0, #24, #8
    2a84:	0c08      	lsrs	r0, r1, #16
    2a86:	f360 4917 	bfi	r9, r0, #16, #8
    2a8a:	0e09      	lsrs	r1, r1, #24
    2a8c:	9b09      	ldr	r3, [sp, #36]	@ 0x24
    2a8e:	f361 691f 	bfi	r9, r1, #24, #8
    2a92:	0c11      	lsrs	r1, r2, #16
    2a94:	f361 4817 	bfi	r8, r1, #16, #8
    2a98:	0e12      	lsrs	r2, r2, #24
    2a9a:	f362 681f 	bfi	r8, r2, #24, #8
    2a9e:	0c1a      	lsrs	r2, r3, #16
    2aa0:	f362 4717 	bfi	r7, r2, #16, #8
    2aa4:	0e1b      	lsrs	r3, r3, #24
    2aa6:	f363 671f 	bfi	r7, r3, #24, #8
    2aaa:	9b0b      	ldr	r3, [sp, #44]	@ 0x2c
    2aac:	f8c4 a004 	str.w	sl, [r4, #4]
    2ab0:	0c1b      	lsrs	r3, r3, #16
    2ab2:	f363 4617 	bfi	r6, r3, #16, #8
    2ab6:	9b0b      	ldr	r3, [sp, #44]	@ 0x2c
    2ab8:	f8c4 900c 	str.w	r9, [r4, #12]
    2abc:	0e1b      	lsrs	r3, r3, #24
    2abe:	f363 661f 	bfi	r6, r3, #24, #8
    2ac2:	9b0d      	ldr	r3, [sp, #52]	@ 0x34
    2ac4:	f8c4 8014 	str.w	r8, [r4, #20]
    2ac8:	0c1b      	lsrs	r3, r3, #16
    2aca:	f363 4517 	bfi	r5, r3, #16, #8
    2ace:	9b0d      	ldr	r3, [sp, #52]	@ 0x34
    2ad0:	61e7      	str	r7, [r4, #28]
    2ad2:	0e1b      	lsrs	r3, r3, #24
    2ad4:	f363 651f 	bfi	r5, r3, #24, #8
    2ad8:	9b0f      	ldr	r3, [sp, #60]	@ 0x3c
    2ada:	6266      	str	r6, [r4, #36]	@ 0x24
    2adc:	0c1b      	lsrs	r3, r3, #16
    2ade:	f363 4e17 	bfi	lr, r3, #16, #8
    2ae2:	9b0f      	ldr	r3, [sp, #60]	@ 0x3c
    2ae4:	62e5      	str	r5, [r4, #44]	@ 0x2c
    2ae6:	0e1b      	lsrs	r3, r3, #24
    2ae8:	f363 6e1f 	bfi	lr, r3, #24, #8
    2aec:	9b11      	ldr	r3, [sp, #68]	@ 0x44
    2aee:	f8c4 e034 	str.w	lr, [r4, #52]	@ 0x34
    2af2:	0c1b      	lsrs	r3, r3, #16
    2af4:	f363 4c17 	bfi	ip, r3, #16, #8
    2af8:	9b11      	ldr	r3, [sp, #68]	@ 0x44
    2afa:	0e1b      	lsrs	r3, r3, #24
    2afc:	f363 6c1f 	bfi	ip, r3, #24, #8
    2b00:	9b04      	ldr	r3, [sp, #16]
    2b02:	f8c4 c03c 	str.w	ip, [r4, #60]	@ 0x3c
    2b06:	60a3      	str	r3, [r4, #8]
    2b08:	9b06      	ldr	r3, [sp, #24]
    2b0a:	6123      	str	r3, [r4, #16]
    2b0c:	9b08      	ldr	r3, [sp, #32]
    2b0e:	61a3      	str	r3, [r4, #24]
    2b10:	9b0a      	ldr	r3, [sp, #40]	@ 0x28
    2b12:	6223      	str	r3, [r4, #32]
    2b14:	9b0c      	ldr	r3, [sp, #48]	@ 0x30
    2b16:	62a3      	str	r3, [r4, #40]	@ 0x28
    2b18:	9b0e      	ldr	r3, [sp, #56]	@ 0x38
    2b1a:	6323      	str	r3, [r4, #48]	@ 0x30
    2b1c:	9b10      	ldr	r3, [sp, #64]	@ 0x40
    2b1e:	63a3      	str	r3, [r4, #56]	@ 0x38
    2b20:	9b02      	ldr	r3, [sp, #8]
    2b22:	6023      	str	r3, [r4, #0]
    2b24:	4b0c      	ldr	r3, [pc, #48]	@ (2b58 <pqcrystals_kyber_fips202_ref_sha3_512+0x294>)
    2b26:	685a      	ldr	r2, [r3, #4]
  uint32_t cnt2 = cpucycles();
  if (sha3_512_cyc != 0){
    2b28:	4b0c      	ldr	r3, [pc, #48]	@ (2b5c <pqcrystals_kyber_fips202_ref_sha3_512+0x298>)
    2b2a:	681b      	ldr	r3, [r3, #0]
    2b2c:	b143      	cbz	r3, 2b40 <pqcrystals_kyber_fips202_ref_sha3_512+0x27c>
    sha3_512_cyc = (sha3_512_cyc + cnt2-cnt1) / 2;
    2b2e:	9901      	ldr	r1, [sp, #4]
    2b30:	1a5b      	subs	r3, r3, r1
    2b32:	4413      	add	r3, r2
    2b34:	4a09      	ldr	r2, [pc, #36]	@ (2b5c <pqcrystals_kyber_fips202_ref_sha3_512+0x298>)
    2b36:	085b      	lsrs	r3, r3, #1
    2b38:	6013      	str	r3, [r2, #0]
  } else {
    sha3_512_cyc = cnt2-cnt1;
  }
}
    2b3a:	b035      	add	sp, #212	@ 0xd4
    2b3c:	e8bd 8ff0 	ldmia.w	sp!, {r4, r5, r6, r7, r8, r9, sl, fp, pc}
    sha3_512_cyc = cnt2-cnt1;
    2b40:	9b01      	ldr	r3, [sp, #4]
    2b42:	1ad3      	subs	r3, r2, r3
    2b44:	4a05      	ldr	r2, [pc, #20]	@ (2b5c <pqcrystals_kyber_fips202_ref_sha3_512+0x298>)
    2b46:	6013      	str	r3, [r2, #0]
}
    2b48:	b035      	add	sp, #212	@ 0xd4
    2b4a:	e8bd 8ff0 	ldmia.w	sp!, {r4, r5, r6, r7, r8, r9, sl, fp, pc}
  for(i=0;i<inlen;i++)
    2b4e:	2206      	movs	r2, #6
    2b50:	ab02      	add	r3, sp, #8
    2b52:	e73d      	b.n	29d0 <pqcrystals_kyber_fips202_ref_sha3_512+0x10c>
    2b54:	20000104 	.word	0x20000104
    2b58:	e0001000 	.word	0xe0001000
    2b5c:	20000100 	.word	0x20000100

00002b60 <pqcrystals_kyber512_ref_gen_matrix>:
#endif

#define GEN_MATRIX_NBLOCKS ((12*KYBER_N/8*(1 << 12)/KYBER_Q + XOF_BLOCKBYTES)/XOF_BLOCKBYTES)
// Not static for benchmarking
void gen_matrix(polyvec *a, const uint8_t seed[KYBER_SYMBYTES], int transposed)
{
    2b60:	e92d 4ff0 	stmdb	sp!, {r4, r5, r6, r7, r8, r9, sl, fp, lr}
  unsigned int ctr, i, j;
  unsigned int buflen;
  uint8_t buf[GEN_MATRIX_NBLOCKS*XOF_BLOCKBYTES];
  xof_state state;

  for(i=0;i<KYBER_K;i++) {
    2b64:	2700      	movs	r7, #0
{
    2b66:	4682      	mov	sl, r0
  n_gen_matrix++;
    2b68:	4c7d      	ldr	r4, [pc, #500]	@ (2d60 <pqcrystals_kyber512_ref_gen_matrix+0x200>)
    2b6a:	f8df b200 	ldr.w	fp, [pc, #512]	@ 2d6c <pqcrystals_kyber512_ref_gen_matrix+0x20c>
    2b6e:	6823      	ldr	r3, [r4, #0]
{
    2b70:	f5ad 7d3d 	sub.w	sp, sp, #756	@ 0x2f4
  n_gen_matrix++;
    2b74:	3301      	adds	r3, #1
    2b76:	6023      	str	r3, [r4, #0]
    2b78:	f8db 4004 	ldr.w	r4, [fp, #4]
  for(i=0;i<KYBER_K;i++) {
    2b7c:	4d79      	ldr	r5, [pc, #484]	@ (2d64 <pqcrystals_kyber512_ref_gen_matrix+0x204>)
    2b7e:	4e7a      	ldr	r6, [pc, #488]	@ (2d68 <pqcrystals_kyber512_ref_gen_matrix+0x208>)
{
    2b80:	9106      	str	r1, [sp, #24]
    2b82:	9204      	str	r2, [sp, #16]
    2b84:	9409      	str	r4, [sp, #36]	@ 0x24
    for(j=0;j<KYBER_K;j++) {
    2b86:	f04f 0800 	mov.w	r8, #0
      if(transposed)
    2b8a:	9a04      	ldr	r2, [sp, #16]
    2b8c:	b2fb      	uxtb	r3, r7
    2b8e:	eb0a 2987 	add.w	r9, sl, r7, lsl #10
    2b92:	9303      	str	r3, [sp, #12]
    2b94:	9707      	str	r7, [sp, #28]
    2b96:	f8cd 9008 	str.w	r9, [sp, #8]
    2b9a:	f8cd a020 	str.w	sl, [sp, #32]
    2b9e:	fa5f f388 	uxtb.w	r3, r8
    2ba2:	2a00      	cmp	r2, #0
    2ba4:	d048      	beq.n	2c38 <pqcrystals_kyber512_ref_gen_matrix+0xd8>
        xof_absorb(&state, seed, i, j);
    2ba6:	9a03      	ldr	r2, [sp, #12]
    2ba8:	9906      	ldr	r1, [sp, #24]
    2baa:	a80a      	add	r0, sp, #40	@ 0x28
    2bac:	f001 f922 	bl	3df4 <pqcrystals_kyber512_ref_kyber_shake128_absorb>
      else
        xof_absorb(&state, seed, j, i);

      xof_squeezeblocks(buf, GEN_MATRIX_NBLOCKS, &state);
    2bb0:	2103      	movs	r1, #3
    2bb2:	a83e      	add	r0, sp, #248	@ 0xf8
    2bb4:	aa0a      	add	r2, sp, #40	@ 0x28
    2bb6:	f7ff fca5 	bl	2504 <pqcrystals_kyber_fips202_ref_shake128_squeezeblocks>
  n_rej_uniform++;
    2bba:	682b      	ldr	r3, [r5, #0]
  ctr = pos = 0;
    2bbc:	2700      	movs	r7, #0
  n_rej_uniform++;
    2bbe:	3301      	adds	r3, #1
    2bc0:	602b      	str	r3, [r5, #0]
      buflen = GEN_MATRIX_NBLOCKS*XOF_BLOCKBYTES;
      ctr = rej_uniform(a[i].vec[j].coeffs, KYBER_N, buf, buflen);
    2bc2:	9b02      	ldr	r3, [sp, #8]
    2bc4:	f8db 0004 	ldr.w	r0, [fp, #4]
    2bc8:	a93e      	add	r1, sp, #248	@ 0xf8
    2bca:	eb03 2a48 	add.w	sl, r3, r8, lsl #9
  while(ctr < len && pos + 3 <= buflen) {
    2bce:	e00d      	b.n	2bec <pqcrystals_kyber512_ref_gen_matrix+0x8c>
    if(ctr < len && val1 < KYBER_Q)
    2bd0:	f5b3 6f50 	cmp.w	r3, #3328	@ 0xd00
    2bd4:	dc06      	bgt.n	2be4 <pqcrystals_kyber512_ref_gen_matrix+0x84>
    2bd6:	463c      	mov	r4, r7
  while(ctr < len && pos + 3 <= buflen) {
    2bd8:	2cff      	cmp	r4, #255	@ 0xff
      r[ctr++] = val1;
    2bda:	f82a 3014 	strh.w	r3, [sl, r4, lsl #1]
    2bde:	f104 0701 	add.w	r7, r4, #1
  while(ctr < len && pos + 3 <= buflen) {
    2be2:	d016      	beq.n	2c12 <pqcrystals_kyber512_ref_gen_matrix+0xb2>
    2be4:	3103      	adds	r1, #3
    2be6:	abbc      	add	r3, sp, #752	@ 0x2f0
    2be8:	428b      	cmp	r3, r1
    2bea:	d034      	beq.n	2c56 <pqcrystals_kyber512_ref_gen_matrix+0xf6>
    val0 = ((buf[pos+0] >> 0) | ((uint16_t)buf[pos+1] << 8)) & 0xFFF;
    2bec:	784b      	ldrb	r3, [r1, #1]
    2bee:	780a      	ldrb	r2, [r1, #0]
    val1 = ((buf[pos+1] >> 4) | ((uint16_t)buf[pos+2] << 4)) & 0xFFF;
    2bf0:	788c      	ldrb	r4, [r1, #2]
    val0 = ((buf[pos+0] >> 0) | ((uint16_t)buf[pos+1] << 8)) & 0xFFF;
    2bf2:	ea42 2203 	orr.w	r2, r2, r3, lsl #8
    2bf6:	f3c2 020b 	ubfx	r2, r2, #0, #12
    val1 = ((buf[pos+1] >> 4) | ((uint16_t)buf[pos+2] << 4)) & 0xFFF;
    2bfa:	091b      	lsrs	r3, r3, #4
    if(val0 < KYBER_Q)
    2bfc:	f5b2 6f50 	cmp.w	r2, #3328	@ 0xd00
    val1 = ((buf[pos+1] >> 4) | ((uint16_t)buf[pos+2] << 4)) & 0xFFF;
    2c00:	ea43 1304 	orr.w	r3, r3, r4, lsl #4
      r[ctr++] = val0;
    2c04:	f107 0401 	add.w	r4, r7, #1
    if(val0 < KYBER_Q)
    2c08:	dce2      	bgt.n	2bd0 <pqcrystals_kyber512_ref_gen_matrix+0x70>
    if(ctr < len && val1 < KYBER_Q)
    2c0a:	2fff      	cmp	r7, #255	@ 0xff
      r[ctr++] = val0;
    2c0c:	f82a 2017 	strh.w	r2, [sl, r7, lsl #1]
    if(ctr < len && val1 < KYBER_Q)
    2c10:	d119      	bne.n	2c46 <pqcrystals_kyber512_ref_gen_matrix+0xe6>
  if (rej_uniform_cyc != 0){
    2c12:	6833      	ldr	r3, [r6, #0]
    2c14:	f8db 2004 	ldr.w	r2, [fp, #4]
    2c18:	2b00      	cmp	r3, #0
    2c1a:	d06b      	beq.n	2cf4 <pqcrystals_kyber512_ref_gen_matrix+0x194>
    rej_uniform_cyc = (rej_uniform_cyc + (cnt2 - cnt1)) / 2;
    2c1c:	1a1b      	subs	r3, r3, r0
    2c1e:	4413      	add	r3, r2
    2c20:	085b      	lsrs	r3, r3, #1
    2c22:	6033      	str	r3, [r6, #0]
    for(j=0;j<KYBER_K;j++) {
    2c24:	f1b8 0f00 	cmp.w	r8, #0
    2c28:	d15f      	bne.n	2cea <pqcrystals_kyber512_ref_gen_matrix+0x18a>
    2c2a:	f04f 0801 	mov.w	r8, #1
      if(transposed)
    2c2e:	9a04      	ldr	r2, [sp, #16]
    2c30:	fa5f f388 	uxtb.w	r3, r8
    2c34:	2a00      	cmp	r2, #0
    2c36:	d1b6      	bne.n	2ba6 <pqcrystals_kyber512_ref_gen_matrix+0x46>
        xof_absorb(&state, seed, j, i);
    2c38:	461a      	mov	r2, r3
    2c3a:	9906      	ldr	r1, [sp, #24]
    2c3c:	9b03      	ldr	r3, [sp, #12]
    2c3e:	a80a      	add	r0, sp, #40	@ 0x28
    2c40:	f001 f8d8 	bl	3df4 <pqcrystals_kyber512_ref_kyber_shake128_absorb>
    2c44:	e7b4      	b.n	2bb0 <pqcrystals_kyber512_ref_gen_matrix+0x50>
    if(ctr < len && val1 < KYBER_Q)
    2c46:	f5b3 6f50 	cmp.w	r3, #3328	@ 0xd00
    2c4a:	ddc5      	ble.n	2bd8 <pqcrystals_kyber512_ref_gen_matrix+0x78>
  while(ctr < len && pos + 3 <= buflen) {
    2c4c:	3103      	adds	r1, #3
    2c4e:	abbc      	add	r3, sp, #752	@ 0x2f0
    2c50:	428b      	cmp	r3, r1
    if(ctr < len && val1 < KYBER_Q)
    2c52:	4627      	mov	r7, r4
  while(ctr < len && pos + 3 <= buflen) {
    2c54:	d1ca      	bne.n	2bec <pqcrystals_kyber512_ref_gen_matrix+0x8c>
    2c56:	4b45      	ldr	r3, [pc, #276]	@ (2d6c <pqcrystals_kyber512_ref_gen_matrix+0x20c>)
  if (rej_uniform_cyc != 0){
    2c58:	6832      	ldr	r2, [r6, #0]
    2c5a:	685b      	ldr	r3, [r3, #4]
    2c5c:	2a00      	cmp	r2, #0
    2c5e:	d07c      	beq.n	2d5a <pqcrystals_kyber512_ref_gen_matrix+0x1fa>
    rej_uniform_cyc = (rej_uniform_cyc + (cnt2 - cnt1)) / 2;
    2c60:	1a12      	subs	r2, r2, r0
    2c62:	4413      	add	r3, r2
    2c64:	085b      	lsrs	r3, r3, #1

      while(ctr < KYBER_N) {
    2c66:	6033      	str	r3, [r6, #0]
    2c68:	ac68      	add	r4, sp, #416	@ 0x1a0
    2c6a:	f8cd a004 	str.w	sl, [sp, #4]
    2c6e:	f8cd 8014 	str.w	r8, [sp, #20]
        xof_squeezeblocks(buf, 1, &state);
    2c72:	2101      	movs	r1, #1
    2c74:	aa0a      	add	r2, sp, #40	@ 0x28
    2c76:	a83e      	add	r0, sp, #248	@ 0xf8
    2c78:	f7ff fc44 	bl	2504 <pqcrystals_kyber_fips202_ref_shake128_squeezeblocks>
  ctr = pos = 0;
    2c7c:	f04f 0c00 	mov.w	ip, #0
  n_rej_uniform++;
    2c80:	682b      	ldr	r3, [r5, #0]
        buflen = XOF_BLOCKBYTES;
        ctr += rej_uniform(a[i].vec[j].coeffs + ctr, KYBER_N - ctr, buf, buflen);
    2c82:	9a01      	ldr	r2, [sp, #4]
  n_rej_uniform++;
    2c84:	3301      	adds	r3, #1
    2c86:	602b      	str	r3, [r5, #0]
    2c88:	f8db 3004 	ldr.w	r3, [fp, #4]
    2c8c:	a93e      	add	r1, sp, #248	@ 0xf8
        ctr += rej_uniform(a[i].vec[j].coeffs + ctr, KYBER_N - ctr, buf, buflen);
    2c8e:	eb02 0947 	add.w	r9, r2, r7, lsl #1
    2c92:	f5c7 7880 	rsb	r8, r7, #256	@ 0x100
    val0 = ((buf[pos+0] >> 0) | ((uint16_t)buf[pos+1] << 8)) & 0xFFF;
    2c96:	f891 a001 	ldrb.w	sl, [r1, #1]
    2c9a:	780a      	ldrb	r2, [r1, #0]
    val1 = ((buf[pos+1] >> 4) | ((uint16_t)buf[pos+2] << 4)) & 0xFFF;
    2c9c:	f891 e002 	ldrb.w	lr, [r1, #2]
    val0 = ((buf[pos+0] >> 0) | ((uint16_t)buf[pos+1] << 8)) & 0xFFF;
    2ca0:	ea42 220a 	orr.w	r2, r2, sl, lsl #8
    2ca4:	f3c2 020b 	ubfx	r2, r2, #0, #12
    if(val0 < KYBER_Q)
    2ca8:	f5b2 6f50 	cmp.w	r2, #3328	@ 0xd00
    2cac:	bfce      	itee	gt
    2cae:	4660      	movgt	r0, ip
      r[ctr++] = val0;
    2cb0:	f10c 0001 	addle.w	r0, ip, #1
    2cb4:	f829 201c 	strhle.w	r2, [r9, ip, lsl #1]
    val1 = ((buf[pos+1] >> 4) | ((uint16_t)buf[pos+2] << 4)) & 0xFFF;
    2cb8:	ea4f 1e0e 	mov.w	lr, lr, lsl #4
    if(ctr < len && val1 < KYBER_Q)
    2cbc:	4580      	cmp	r8, r0
    val1 = ((buf[pos+1] >> 4) | ((uint16_t)buf[pos+2] << 4)) & 0xFFF;
    2cbe:	ea4e 1e1a 	orr.w	lr, lr, sl, lsr #4
  while(ctr < len && pos + 3 <= buflen) {
    2cc2:	f101 0103 	add.w	r1, r1, #3
    if(ctr < len && val1 < KYBER_Q)
    2cc6:	d82c      	bhi.n	2d22 <pqcrystals_kyber512_ref_gen_matrix+0x1c2>
  if (rej_uniform_cyc != 0){
    2cc8:	6832      	ldr	r2, [r6, #0]
    2cca:	f8db 1004 	ldr.w	r1, [fp, #4]
    2cce:	2a00      	cmp	r2, #0
    2cd0:	d033      	beq.n	2d3a <pqcrystals_kyber512_ref_gen_matrix+0x1da>
    rej_uniform_cyc = (rej_uniform_cyc + (cnt2 - cnt1)) / 2;
    2cd2:	1ad3      	subs	r3, r2, r3
    2cd4:	440b      	add	r3, r1
        ctr += rej_uniform(a[i].vec[j].coeffs + ctr, KYBER_N - ctr, buf, buflen);
    2cd6:	4407      	add	r7, r0
    rej_uniform_cyc = (rej_uniform_cyc + (cnt2 - cnt1)) / 2;
    2cd8:	085b      	lsrs	r3, r3, #1
      while(ctr < KYBER_N) {
    2cda:	2fff      	cmp	r7, #255	@ 0xff
    2cdc:	6033      	str	r3, [r6, #0]
    2cde:	d9c8      	bls.n	2c72 <pqcrystals_kyber512_ref_gen_matrix+0x112>
    2ce0:	f8dd 8014 	ldr.w	r8, [sp, #20]
    for(j=0;j<KYBER_K;j++) {
    2ce4:	f1b8 0f00 	cmp.w	r8, #0
    2ce8:	d09f      	beq.n	2c2a <pqcrystals_kyber512_ref_gen_matrix+0xca>
  for(i=0;i<KYBER_K;i++) {
    2cea:	e9dd 7a07 	ldrd	r7, sl, [sp, #28]
    2cee:	b927      	cbnz	r7, 2cfa <pqcrystals_kyber512_ref_gen_matrix+0x19a>
    2cf0:	4647      	mov	r7, r8
    2cf2:	e748      	b.n	2b86 <pqcrystals_kyber512_ref_gen_matrix+0x26>
    rej_uniform_cyc = cnt2 - cnt1;
    2cf4:	1a12      	subs	r2, r2, r0
    2cf6:	6032      	str	r2, [r6, #0]
      while(ctr < KYBER_N) {
    2cf8:	e794      	b.n	2c24 <pqcrystals_kyber512_ref_gen_matrix+0xc4>
      }
    }
  }
  uint32_t cnt2 = cpucycles();
  if (gen_matrix_cyc != 0){
    2cfa:	491d      	ldr	r1, [pc, #116]	@ (2d70 <pqcrystals_kyber512_ref_gen_matrix+0x210>)
    2cfc:	4a1b      	ldr	r2, [pc, #108]	@ (2d6c <pqcrystals_kyber512_ref_gen_matrix+0x20c>)
    2cfe:	680b      	ldr	r3, [r1, #0]
    2d00:	9c09      	ldr	r4, [sp, #36]	@ 0x24
    2d02:	6852      	ldr	r2, [r2, #4]
    2d04:	b13b      	cbz	r3, 2d16 <pqcrystals_kyber512_ref_gen_matrix+0x1b6>
    gen_matrix_cyc = (gen_matrix_cyc + (cnt2 - cnt1)) / 2;
    2d06:	1b1b      	subs	r3, r3, r4
    2d08:	4413      	add	r3, r2
    2d0a:	085b      	lsrs	r3, r3, #1
    2d0c:	600b      	str	r3, [r1, #0]
  } else {
    gen_matrix_cyc = cnt2 - cnt1;
  }

}
    2d0e:	f50d 7d3d 	add.w	sp, sp, #756	@ 0x2f4
    2d12:	e8bd 8ff0 	ldmia.w	sp!, {r4, r5, r6, r7, r8, r9, sl, fp, pc}
    gen_matrix_cyc = cnt2 - cnt1;
    2d16:	1b13      	subs	r3, r2, r4
    2d18:	600b      	str	r3, [r1, #0]
}
    2d1a:	f50d 7d3d 	add.w	sp, sp, #756	@ 0x2f4
    2d1e:	e8bd 8ff0 	ldmia.w	sp!, {r4, r5, r6, r7, r8, r9, sl, fp, pc}
    if(ctr < len && val1 < KYBER_Q)
    2d22:	f5be 6f50 	cmp.w	lr, #3328	@ 0xd00
    2d26:	dd10      	ble.n	2d4a <pqcrystals_kyber512_ref_gen_matrix+0x1ea>
    2d28:	4684      	mov	ip, r0
  while(ctr < len && pos + 3 <= buflen) {
    2d2a:	428c      	cmp	r4, r1
    2d2c:	d1b3      	bne.n	2c96 <pqcrystals_kyber512_ref_gen_matrix+0x136>
    2d2e:	4660      	mov	r0, ip
  if (rej_uniform_cyc != 0){
    2d30:	6832      	ldr	r2, [r6, #0]
    2d32:	f8db 1004 	ldr.w	r1, [fp, #4]
    2d36:	2a00      	cmp	r2, #0
    2d38:	d1cb      	bne.n	2cd2 <pqcrystals_kyber512_ref_gen_matrix+0x172>
        ctr += rej_uniform(a[i].vec[j].coeffs + ctr, KYBER_N - ctr, buf, buflen);
    2d3a:	4407      	add	r7, r0
    rej_uniform_cyc = cnt2 - cnt1;
    2d3c:	1ac9      	subs	r1, r1, r3
      while(ctr < KYBER_N) {
    2d3e:	2fff      	cmp	r7, #255	@ 0xff
    2d40:	6031      	str	r1, [r6, #0]
    2d42:	d996      	bls.n	2c72 <pqcrystals_kyber512_ref_gen_matrix+0x112>
    2d44:	f8dd 8014 	ldr.w	r8, [sp, #20]
    2d48:	e7cc      	b.n	2ce4 <pqcrystals_kyber512_ref_gen_matrix+0x184>
      r[ctr++] = val1;
    2d4a:	f100 0c01 	add.w	ip, r0, #1
  while(ctr < len && pos + 3 <= buflen) {
    2d4e:	45e0      	cmp	r8, ip
      r[ctr++] = val1;
    2d50:	f829 e010 	strh.w	lr, [r9, r0, lsl #1]
  while(ctr < len && pos + 3 <= buflen) {
    2d54:	d8e9      	bhi.n	2d2a <pqcrystals_kyber512_ref_gen_matrix+0x1ca>
    2d56:	4660      	mov	r0, ip
    2d58:	e7ea      	b.n	2d30 <pqcrystals_kyber512_ref_gen_matrix+0x1d0>
    rej_uniform_cyc = cnt2 - cnt1;
    2d5a:	1a1b      	subs	r3, r3, r0
      while(ctr < KYBER_N) {
    2d5c:	e783      	b.n	2c66 <pqcrystals_kyber512_ref_gen_matrix+0x106>
    2d5e:	bf00      	nop
    2d60:	200000fc 	.word	0x200000fc
    2d64:	200000ec 	.word	0x200000ec
    2d68:	200000e8 	.word	0x200000e8
    2d6c:	e0001000 	.word	0xe0001000
    2d70:	200000f8 	.word	0x200000f8

00002d74 <pqcrystals_kyber512_ref_indcpa_keypair_derand>:
*                             (of length KYBER_SYMBYTES bytes)
**************************************************/
void indcpa_keypair_derand(uint8_t pk[KYBER_INDCPA_PUBLICKEYBYTES],
                           uint8_t sk[KYBER_INDCPA_SECRETKEYBYTES],
                           const uint8_t coins[KYBER_SYMBYTES])
{
    2d74:	4613      	mov	r3, r2
    2d76:	b570      	push	{r4, r5, r6, lr}
  const uint8_t *noiseseed = buf+KYBER_SYMBYTES;
  uint8_t nonce = 0;
  polyvec a[KYBER_K], e, pkpv, skpv;

  memcpy(buf, coins, KYBER_SYMBYTES);
  buf[KYBER_SYMBYTES] = KYBER_K;
    2d78:	2602      	movs	r6, #2
{
    2d7a:	460d      	mov	r5, r1
    2d7c:	4604      	mov	r4, r0
    2d7e:	f5ad 5da2 	sub.w	sp, sp, #5184	@ 0x1440
  memcpy(buf, coins, KYBER_SYMBYTES);
    2d82:	4619      	mov	r1, r3
    2d84:	2220      	movs	r2, #32
    2d86:	4668      	mov	r0, sp
    2d88:	f003 fd30 	bl	67ec <memcpy>
  hash_g(buf, buf, KYBER_SYMBYTES+1);
    2d8c:	4669      	mov	r1, sp
    2d8e:	4668      	mov	r0, sp
    2d90:	2221      	movs	r2, #33	@ 0x21
  buf[KYBER_SYMBYTES] = KYBER_K;
    2d92:	f88d 6020 	strb.w	r6, [sp, #32]
  hash_g(buf, buf, KYBER_SYMBYTES+1);
    2d96:	f7ff fd95 	bl	28c4 <pqcrystals_kyber_fips202_ref_sha3_512>

  gen_a(a, publicseed);
    2d9a:	4669      	mov	r1, sp
    2d9c:	f50d 6044 	add.w	r0, sp, #3136	@ 0xc40
    2da0:	2200      	movs	r2, #0
    2da2:	f7ff fedd 	bl	2b60 <pqcrystals_kyber512_ref_gen_matrix>

  for(i=0;i<KYBER_K;i++)
    poly_getnoise_eta1(&skpv.vec[i], noiseseed, nonce++);
    2da6:	a908      	add	r1, sp, #32
    2da8:	f50d 6004 	add.w	r0, sp, #2112	@ 0x840
    2dac:	2200      	movs	r2, #0
    2dae:	f000 fd0b 	bl	37c8 <pqcrystals_kyber512_ref_poly_getnoise_eta1>
    2db2:	a908      	add	r1, sp, #32
    2db4:	f50d 6024 	add.w	r0, sp, #2624	@ 0xa40
    2db8:	2201      	movs	r2, #1
    2dba:	f000 fd05 	bl	37c8 <pqcrystals_kyber512_ref_poly_getnoise_eta1>
  for(i=0;i<KYBER_K;i++)
    poly_getnoise_eta1(&e.vec[i], noiseseed, nonce++);
    2dbe:	4632      	mov	r2, r6
    2dc0:	a908      	add	r1, sp, #32
    2dc2:	a810      	add	r0, sp, #64	@ 0x40
    2dc4:	f000 fd00 	bl	37c8 <pqcrystals_kyber512_ref_poly_getnoise_eta1>
    2dc8:	a908      	add	r1, sp, #32
    2dca:	2203      	movs	r2, #3
    2dcc:	a890      	add	r0, sp, #576	@ 0x240
    2dce:	f000 fcfb 	bl	37c8 <pqcrystals_kyber512_ref_poly_getnoise_eta1>

  polyvec_ntt(&skpv);
    2dd2:	f50d 6004 	add.w	r0, sp, #2112	@ 0x840
    2dd6:	f000 fef1 	bl	3bbc <pqcrystals_kyber512_ref_polyvec_ntt>
  polyvec_ntt(&e);
    2dda:	a810      	add	r0, sp, #64	@ 0x40
    2ddc:	f000 feee 	bl	3bbc <pqcrystals_kyber512_ref_polyvec_ntt>

  // matrix-vector multiplication
  for(i=0;i<KYBER_K;i++) {
    polyvec_basemul_acc_montgomery(&pkpv.vec[i], &a[i], &skpv);
    2de0:	f50d 6204 	add.w	r2, sp, #2112	@ 0x840
    2de4:	f50d 6144 	add.w	r1, sp, #3136	@ 0xc40
    2de8:	f50d 6088 	add.w	r0, sp, #1088	@ 0x440
    2dec:	f000 fefa 	bl	3be4 <pqcrystals_kyber512_ref_polyvec_basemul_acc_montgomery>
    poly_tomont(&pkpv.vec[i]);
    2df0:	f50d 6088 	add.w	r0, sp, #1088	@ 0x440
    2df4:	f000 fd3e 	bl	3874 <pqcrystals_kyber512_ref_poly_tomont>
    polyvec_basemul_acc_montgomery(&pkpv.vec[i], &a[i], &skpv);
    2df8:	f50d 6204 	add.w	r2, sp, #2112	@ 0x840
    2dfc:	f50d 5182 	add.w	r1, sp, #4160	@ 0x1040
    2e00:	f50d 60c8 	add.w	r0, sp, #1600	@ 0x640
    2e04:	f000 feee 	bl	3be4 <pqcrystals_kyber512_ref_polyvec_basemul_acc_montgomery>
    poly_tomont(&pkpv.vec[i]);
    2e08:	f50d 60c8 	add.w	r0, sp, #1600	@ 0x640
    2e0c:	f000 fd32 	bl	3874 <pqcrystals_kyber512_ref_poly_tomont>
  }

  polyvec_add(&pkpv, &pkpv, &e);
    2e10:	f50d 6188 	add.w	r1, sp, #1088	@ 0x440
    2e14:	aa10      	add	r2, sp, #64	@ 0x40
    2e16:	4608      	mov	r0, r1
    2e18:	f000 ff08 	bl	3c2c <pqcrystals_kyber512_ref_polyvec_add>
  polyvec_reduce(&pkpv);
    2e1c:	f50d 6088 	add.w	r0, sp, #1088	@ 0x440
    2e20:	f000 fefa 	bl	3c18 <pqcrystals_kyber512_ref_polyvec_reduce>
  polyvec_tobytes(r, sk);
    2e24:	4628      	mov	r0, r5
    2e26:	f50d 6104 	add.w	r1, sp, #2112	@ 0x840
    2e2a:	f000 feab 	bl	3b84 <pqcrystals_kyber512_ref_polyvec_tobytes>
  polyvec_tobytes(r, pk);
    2e2e:	4620      	mov	r0, r4
    2e30:	f50d 6188 	add.w	r1, sp, #1088	@ 0x440
    2e34:	f000 fea6 	bl	3b84 <pqcrystals_kyber512_ref_polyvec_tobytes>
  memcpy(r+KYBER_POLYVECBYTES, seed, KYBER_SYMBYTES);
    2e38:	2220      	movs	r2, #32
    2e3a:	4669      	mov	r1, sp
    2e3c:	f504 7040 	add.w	r0, r4, #768	@ 0x300
    2e40:	f003 fcd4 	bl	67ec <memcpy>

  pack_sk(sk, &skpv);
  pack_pk(pk, &pkpv, publicseed);
}
    2e44:	f50d 5da2 	add.w	sp, sp, #5184	@ 0x1440
    2e48:	bd70      	pop	{r4, r5, r6, pc}
    2e4a:	bf00      	nop

00002e4c <pqcrystals_kyber512_ref_indcpa_enc>:
**************************************************/
void indcpa_enc(uint8_t c[KYBER_INDCPA_BYTES],
                const uint8_t m[KYBER_INDCPA_MSGBYTES],
                const uint8_t pk[KYBER_INDCPA_PUBLICKEYBYTES],
                const uint8_t coins[KYBER_SYMBYTES])
{
    2e4c:	b5f0      	push	{r4, r5, r6, r7, lr}
    2e4e:	4616      	mov	r6, r2
    2e50:	460f      	mov	r7, r1
    2e52:	461c      	mov	r4, r3
    2e54:	4605      	mov	r5, r0
    2e56:	f5ad 5df1 	sub.w	sp, sp, #7712	@ 0x1e20
    2e5a:	b081      	sub	sp, #4
  polyvec_frombytes(pk, packedpk);
    2e5c:	4611      	mov	r1, r2
    2e5e:	f50d 6022 	add.w	r0, sp, #2592	@ 0xa20
    2e62:	f000 fe9d 	bl	3ba0 <pqcrystals_kyber512_ref_polyvec_frombytes>
  memcpy(seed, packedpk+KYBER_POLYVECBYTES, KYBER_SYMBYTES);
    2e66:	2220      	movs	r2, #32
    2e68:	f506 7140 	add.w	r1, r6, #768	@ 0x300
    2e6c:	4668      	mov	r0, sp
    2e6e:	f003 fcbd 	bl	67ec <memcpy>
  uint8_t nonce = 0;
  polyvec sp, pkpv, ep, at[KYBER_K], b;
  poly v, k, epp;

  unpack_pk(&pkpv, seed, pk);
  poly_frommsg(&k, m);
    2e72:	4639      	mov	r1, r7
    2e74:	a888      	add	r0, sp, #544	@ 0x220
    2e76:	f000 fbe7 	bl	3648 <pqcrystals_kyber512_ref_poly_frommsg>
  gen_at(at, seed);
    2e7a:	4669      	mov	r1, sp
    2e7c:	f50d 50b1 	add.w	r0, sp, #5664	@ 0x1620
    2e80:	2201      	movs	r2, #1
    2e82:	f7ff fe6d 	bl	2b60 <pqcrystals_kyber512_ref_gen_matrix>
  
  for(i=0;i<KYBER_K;i++)
    poly_getnoise_eta1(sp.vec+i, coins, nonce++);
    2e86:	4621      	mov	r1, r4
    2e88:	f50d 60c4 	add.w	r0, sp, #1568	@ 0x620
    2e8c:	2200      	movs	r2, #0
    2e8e:	f000 fc9b 	bl	37c8 <pqcrystals_kyber512_ref_poly_getnoise_eta1>
    2e92:	4621      	mov	r1, r4
    2e94:	f50d 6002 	add.w	r0, sp, #2080	@ 0x820
    2e98:	2201      	movs	r2, #1
    2e9a:	f000 fc95 	bl	37c8 <pqcrystals_kyber512_ref_poly_getnoise_eta1>
  for(i=0;i<KYBER_K;i++)
    poly_getnoise_eta2(ep.vec+i, coins, nonce++);
    2e9e:	4621      	mov	r1, r4
    2ea0:	f50d 6062 	add.w	r0, sp, #3616	@ 0xe20
    2ea4:	2202      	movs	r2, #2
    2ea6:	f000 fc9f 	bl	37e8 <pqcrystals_kyber512_ref_poly_getnoise_eta2>
    2eaa:	4621      	mov	r1, r4
    2eac:	f50d 5081 	add.w	r0, sp, #4128	@ 0x1020
    2eb0:	2203      	movs	r2, #3
    2eb2:	f000 fc99 	bl	37e8 <pqcrystals_kyber512_ref_poly_getnoise_eta2>
  poly_getnoise_eta2(&epp, coins, nonce++);
    2eb6:	4621      	mov	r1, r4
    2eb8:	2204      	movs	r2, #4
    2eba:	f50d 6084 	add.w	r0, sp, #1056	@ 0x420
    2ebe:	f000 fc93 	bl	37e8 <pqcrystals_kyber512_ref_poly_getnoise_eta2>

  polyvec_ntt(&sp);
    2ec2:	f50d 60c4 	add.w	r0, sp, #1568	@ 0x620
    2ec6:	f000 fe79 	bl	3bbc <pqcrystals_kyber512_ref_polyvec_ntt>

  // matrix-vector multiplication
  for(i=0;i<KYBER_K;i++)
    polyvec_basemul_acc_montgomery(&b.vec[i], &at[i], &sp);
    2eca:	f50d 51b1 	add.w	r1, sp, #5664	@ 0x1620
    2ece:	f50d 62c4 	add.w	r2, sp, #1568	@ 0x620
    2ed2:	f50d 5091 	add.w	r0, sp, #4640	@ 0x1220
    2ed6:	f000 fe85 	bl	3be4 <pqcrystals_kyber512_ref_polyvec_basemul_acc_montgomery>
    2eda:	f50d 62c4 	add.w	r2, sp, #1568	@ 0x620
    2ede:	f50d 51d1 	add.w	r1, sp, #6688	@ 0x1a20
    2ee2:	f50d 50a1 	add.w	r0, sp, #5152	@ 0x1420
    2ee6:	f000 fe7d 	bl	3be4 <pqcrystals_kyber512_ref_polyvec_basemul_acc_montgomery>

  polyvec_basemul_acc_montgomery(&v, &pkpv, &sp);
    2eea:	f50d 62c4 	add.w	r2, sp, #1568	@ 0x620
    2eee:	f50d 6122 	add.w	r1, sp, #2592	@ 0xa20
    2ef2:	a808      	add	r0, sp, #32
    2ef4:	f000 fe76 	bl	3be4 <pqcrystals_kyber512_ref_polyvec_basemul_acc_montgomery>

  polyvec_invntt_tomont(&b);
    2ef8:	f50d 5091 	add.w	r0, sp, #4640	@ 0x1220
    2efc:	f000 fe68 	bl	3bd0 <pqcrystals_kyber512_ref_polyvec_invntt_tomont>
  poly_invntt_tomont(&v);
    2f00:	a808      	add	r0, sp, #32
    2f02:	f000 fc91 	bl	3828 <pqcrystals_kyber512_ref_poly_invntt_tomont>

  polyvec_add(&b, &b, &ep);
    2f06:	f50d 5191 	add.w	r1, sp, #4640	@ 0x1220
    2f0a:	4608      	mov	r0, r1
    2f0c:	f50d 6262 	add.w	r2, sp, #3616	@ 0xe20
    2f10:	f000 fe8c 	bl	3c2c <pqcrystals_kyber512_ref_polyvec_add>
  poly_add(&v, &v, &epp);
    2f14:	a908      	add	r1, sp, #32
    2f16:	4608      	mov	r0, r1
    2f18:	f50d 6284 	add.w	r2, sp, #1056	@ 0x420
    2f1c:	f000 fcc8 	bl	38b0 <pqcrystals_kyber512_ref_poly_add>
  poly_add(&v, &v, &k);
    2f20:	a908      	add	r1, sp, #32
    2f22:	aa88      	add	r2, sp, #544	@ 0x220
    2f24:	4608      	mov	r0, r1
    2f26:	f000 fcc3 	bl	38b0 <pqcrystals_kyber512_ref_poly_add>
  polyvec_reduce(&b);
    2f2a:	f50d 5091 	add.w	r0, sp, #4640	@ 0x1220
    2f2e:	f000 fe73 	bl	3c18 <pqcrystals_kyber512_ref_polyvec_reduce>
  poly_reduce(&v);
    2f32:	a808      	add	r0, sp, #32
    2f34:	f000 fcb0 	bl	3898 <pqcrystals_kyber512_ref_poly_reduce>
  polyvec_compress(r, b);
    2f38:	4628      	mov	r0, r5
    2f3a:	f50d 5191 	add.w	r1, sp, #4640	@ 0x1220
    2f3e:	f000 fd0b 	bl	3958 <pqcrystals_kyber512_ref_polyvec_compress>
  poly_compress(r+KYBER_POLYVECCOMPRESSEDBYTES, v);
    2f42:	a908      	add	r1, sp, #32
    2f44:	f505 7020 	add.w	r0, r5, #640	@ 0x280
    2f48:	f000 fa5e 	bl	3408 <pqcrystals_kyber512_ref_poly_compress>

  pack_ciphertext(c, &b, &v);
}
    2f4c:	f50d 5df1 	add.w	sp, sp, #7712	@ 0x1e20
    2f50:	b001      	add	sp, #4
    2f52:	bdf0      	pop	{r4, r5, r6, r7, pc}

00002f54 <pqcrystals_kyber512_ref_indcpa_dec>:
*                                   (of length KYBER_INDCPA_SECRETKEYBYTES)
**************************************************/
void indcpa_dec(uint8_t m[KYBER_INDCPA_MSGBYTES],
                const uint8_t c[KYBER_INDCPA_BYTES],
                const uint8_t sk[KYBER_INDCPA_SECRETKEYBYTES])
{
    2f54:	b570      	push	{r4, r5, r6, lr}
    2f56:	460e      	mov	r6, r1
    2f58:	4615      	mov	r5, r2
    2f5a:	4604      	mov	r4, r0
    2f5c:	f5ad 6d40 	sub.w	sp, sp, #3072	@ 0xc00
  polyvec_decompress(b, c);
    2f60:	f50d 6080 	add.w	r0, sp, #1024	@ 0x400
    2f64:	f000 fda2 	bl	3aac <pqcrystals_kyber512_ref_polyvec_decompress>
  poly_decompress(v, c+KYBER_POLYVECCOMPRESSEDBYTES);
    2f68:	4668      	mov	r0, sp
    2f6a:	f506 7120 	add.w	r1, r6, #640	@ 0x280
    2f6e:	f000 fb01 	bl	3574 <pqcrystals_kyber512_ref_poly_decompress>
  polyvec_frombytes(sk, packedsk);
    2f72:	4629      	mov	r1, r5
    2f74:	f50d 6000 	add.w	r0, sp, #2048	@ 0x800
    2f78:	f000 fe12 	bl	3ba0 <pqcrystals_kyber512_ref_polyvec_frombytes>
  poly v, mp;

  unpack_ciphertext(&b, &v, c);
  unpack_sk(&skpv, sk);

  polyvec_ntt(&b);
    2f7c:	f50d 6080 	add.w	r0, sp, #1024	@ 0x400
    2f80:	f000 fe1c 	bl	3bbc <pqcrystals_kyber512_ref_polyvec_ntt>
  polyvec_basemul_acc_montgomery(&mp, &skpv, &b);
    2f84:	f50d 6280 	add.w	r2, sp, #1024	@ 0x400
    2f88:	f50d 6100 	add.w	r1, sp, #2048	@ 0x800
    2f8c:	a880      	add	r0, sp, #512	@ 0x200
    2f8e:	f000 fe29 	bl	3be4 <pqcrystals_kyber512_ref_polyvec_basemul_acc_montgomery>
  poly_invntt_tomont(&mp);
    2f92:	a880      	add	r0, sp, #512	@ 0x200
    2f94:	f000 fc48 	bl	3828 <pqcrystals_kyber512_ref_poly_invntt_tomont>

  poly_sub(&mp, &v, &mp);
    2f98:	aa80      	add	r2, sp, #512	@ 0x200
    2f9a:	4610      	mov	r0, r2
    2f9c:	4669      	mov	r1, sp
    2f9e:	f000 fcb1 	bl	3904 <pqcrystals_kyber512_ref_poly_sub>
  poly_reduce(&mp);
    2fa2:	a880      	add	r0, sp, #512	@ 0x200
    2fa4:	f000 fc78 	bl	3898 <pqcrystals_kyber512_ref_poly_reduce>

  poly_tomsg(m, &mp);
    2fa8:	4620      	mov	r0, r4
    2faa:	a980      	add	r1, sp, #512	@ 0x200
    2fac:	f000 fb6e 	bl	368c <pqcrystals_kyber512_ref_poly_tomsg>
}
    2fb0:	f50d 6d40 	add.w	sp, sp, #3072	@ 0xc00
    2fb4:	bd70      	pop	{r4, r5, r6, pc}
    2fb6:	bf00      	nop

00002fb8 <pqcrystals_kyber512_ref_keypair_derand>:
* Returns 0 (success)
**************************************************/
int crypto_kem_keypair_derand(uint8_t *pk,
                              uint8_t *sk,
                              const uint8_t *coins)
{
    2fb8:	b570      	push	{r4, r5, r6, lr}
    2fba:	460c      	mov	r4, r1
    2fbc:	4605      	mov	r5, r0
    2fbe:	4616      	mov	r6, r2
  indcpa_keypair_derand(pk, sk, coins);
    2fc0:	f7ff fed8 	bl	2d74 <pqcrystals_kyber512_ref_indcpa_keypair_derand>
  memcpy(sk+KYBER_INDCPA_SECRETKEYBYTES, pk, KYBER_PUBLICKEYBYTES);
    2fc4:	4629      	mov	r1, r5
    2fc6:	f44f 7248 	mov.w	r2, #800	@ 0x320
    2fca:	f504 7040 	add.w	r0, r4, #768	@ 0x300
    2fce:	f003 fc0d 	bl	67ec <memcpy>
  hash_h(sk+KYBER_SECRETKEYBYTES-2*KYBER_SYMBYTES, pk, KYBER_PUBLICKEYBYTES);
    2fd2:	4629      	mov	r1, r5
    2fd4:	f504 60c4 	add.w	r0, r4, #1568	@ 0x620
    2fd8:	f44f 7248 	mov.w	r2, #800	@ 0x320
    2fdc:	f7ff fbfe 	bl	27dc <pqcrystals_kyber_fips202_ref_sha3_256>
  /* Value z for pseudo-random output on reject */
  memcpy(sk+KYBER_SECRETKEYBYTES-KYBER_SYMBYTES, coins+KYBER_SYMBYTES, KYBER_SYMBYTES);
    2fe0:	2220      	movs	r2, #32
    2fe2:	f504 60c8 	add.w	r0, r4, #1600	@ 0x640
    2fe6:	18b1      	adds	r1, r6, r2
    2fe8:	f003 fc00 	bl	67ec <memcpy>
  return 0;
}
    2fec:	2000      	movs	r0, #0
    2fee:	bd70      	pop	{r4, r5, r6, pc}

00002ff0 <pqcrystals_kyber512_ref_keypair>:
*
* Returns 0 (success)
**************************************************/
int crypto_kem_keypair(uint8_t *pk,
                       uint8_t *sk)
{
    2ff0:	b530      	push	{r4, r5, lr}
    2ff2:	460c      	mov	r4, r1
    2ff4:	4605      	mov	r5, r0
    2ff6:	b091      	sub	sp, #68	@ 0x44
  uint8_t coins[2*KYBER_SYMBYTES];
  randombytes(coins, 2*KYBER_SYMBYTES);
    2ff8:	4668      	mov	r0, sp
    2ffa:	2140      	movs	r1, #64	@ 0x40
    2ffc:	f000 ff60 	bl	3ec0 <randombytes>
  indcpa_keypair_derand(pk, sk, coins);
    3000:	466a      	mov	r2, sp
    3002:	4621      	mov	r1, r4
    3004:	4628      	mov	r0, r5
    3006:	f7ff feb5 	bl	2d74 <pqcrystals_kyber512_ref_indcpa_keypair_derand>
  memcpy(sk+KYBER_INDCPA_SECRETKEYBYTES, pk, KYBER_PUBLICKEYBYTES);
    300a:	4629      	mov	r1, r5
    300c:	f44f 7248 	mov.w	r2, #800	@ 0x320
    3010:	f504 7040 	add.w	r0, r4, #768	@ 0x300
    3014:	f003 fbea 	bl	67ec <memcpy>
  hash_h(sk+KYBER_SECRETKEYBYTES-2*KYBER_SYMBYTES, pk, KYBER_PUBLICKEYBYTES);
    3018:	4629      	mov	r1, r5
    301a:	f504 60c4 	add.w	r0, r4, #1568	@ 0x620
    301e:	f44f 7248 	mov.w	r2, #800	@ 0x320
    3022:	f7ff fbdb 	bl	27dc <pqcrystals_kyber_fips202_ref_sha3_256>
  memcpy(sk+KYBER_SECRETKEYBYTES-KYBER_SYMBYTES, coins+KYBER_SYMBYTES, KYBER_SYMBYTES);
    3026:	2220      	movs	r2, #32
    3028:	f504 60c8 	add.w	r0, r4, #1600	@ 0x640
    302c:	eb0d 0102 	add.w	r1, sp, r2
    3030:	f003 fbdc 	bl	67ec <memcpy>
  crypto_kem_keypair_derand(pk, sk, coins);
  return 0;
}
    3034:	2000      	movs	r0, #0
    3036:	b011      	add	sp, #68	@ 0x44
    3038:	bd30      	pop	{r4, r5, pc}
    303a:	bf00      	nop

0000303c <pqcrystals_kyber512_ref_enc_derand>:
**************************************************/
int crypto_kem_enc_derand(uint8_t *ct,
                          uint8_t *ss,
                          const uint8_t *pk,
                          const uint8_t *coins)
{
    303c:	b570      	push	{r4, r5, r6, lr}
    303e:	4614      	mov	r4, r2
    3040:	b0a0      	sub	sp, #128	@ 0x80
    3042:	4606      	mov	r6, r0
    3044:	460d      	mov	r5, r1
  uint8_t buf[2*KYBER_SYMBYTES];
  /* Will contain key, coins */
  uint8_t kr[2*KYBER_SYMBYTES];

  memcpy(buf, coins, KYBER_SYMBYTES);
    3046:	2220      	movs	r2, #32
    3048:	4619      	mov	r1, r3
    304a:	4668      	mov	r0, sp
    304c:	f003 fbce 	bl	67ec <memcpy>

  /* Multitarget countermeasure for coins + contributory KEM */
  hash_h(buf+KYBER_SYMBYTES, pk, KYBER_PUBLICKEYBYTES);
    3050:	4621      	mov	r1, r4
    3052:	a808      	add	r0, sp, #32
    3054:	f44f 7248 	mov.w	r2, #800	@ 0x320
    3058:	f7ff fbc0 	bl	27dc <pqcrystals_kyber_fips202_ref_sha3_256>
  hash_g(kr, buf, 2*KYBER_SYMBYTES);
    305c:	2240      	movs	r2, #64	@ 0x40
    305e:	4669      	mov	r1, sp
    3060:	eb0d 0002 	add.w	r0, sp, r2
    3064:	f7ff fc2e 	bl	28c4 <pqcrystals_kyber_fips202_ref_sha3_512>

  /* coins are in kr+KYBER_SYMBYTES */
  indcpa_enc(ct, buf, pk, kr+KYBER_SYMBYTES);
    3068:	4622      	mov	r2, r4
    306a:	4669      	mov	r1, sp
    306c:	4630      	mov	r0, r6
    306e:	ab18      	add	r3, sp, #96	@ 0x60
    3070:	f7ff feec 	bl	2e4c <pqcrystals_kyber512_ref_indcpa_enc>

  memcpy(ss,kr,KYBER_SYMBYTES);
    3074:	2220      	movs	r2, #32
    3076:	4628      	mov	r0, r5
    3078:	a910      	add	r1, sp, #64	@ 0x40
    307a:	f003 fbb7 	bl	67ec <memcpy>
  return 0;
}
    307e:	2000      	movs	r0, #0
    3080:	b020      	add	sp, #128	@ 0x80
    3082:	bd70      	pop	{r4, r5, r6, pc}

00003084 <pqcrystals_kyber512_ref_enc>:
* Returns 0 (success)
**************************************************/
int crypto_kem_enc(uint8_t *ct,
                   uint8_t *ss,
                   const uint8_t *pk)
{
    3084:	b570      	push	{r4, r5, r6, lr}
    3086:	b0a8      	sub	sp, #160	@ 0xa0
    3088:	4606      	mov	r6, r0
    308a:	460d      	mov	r5, r1
  uint8_t coins[KYBER_SYMBYTES];
  randombytes(coins, KYBER_SYMBYTES);
    308c:	4668      	mov	r0, sp
    308e:	2120      	movs	r1, #32
{
    3090:	4614      	mov	r4, r2
  randombytes(coins, KYBER_SYMBYTES);
    3092:	f000 ff15 	bl	3ec0 <randombytes>
  memcpy(buf, coins, KYBER_SYMBYTES);
    3096:	2220      	movs	r2, #32
    3098:	4669      	mov	r1, sp
    309a:	eb0d 0002 	add.w	r0, sp, r2
    309e:	f003 fba5 	bl	67ec <memcpy>
  hash_h(buf+KYBER_SYMBYTES, pk, KYBER_PUBLICKEYBYTES);
    30a2:	4621      	mov	r1, r4
    30a4:	a810      	add	r0, sp, #64	@ 0x40
    30a6:	f44f 7248 	mov.w	r2, #800	@ 0x320
    30aa:	f7ff fb97 	bl	27dc <pqcrystals_kyber_fips202_ref_sha3_256>
  hash_g(kr, buf, 2*KYBER_SYMBYTES);
    30ae:	a908      	add	r1, sp, #32
    30b0:	a818      	add	r0, sp, #96	@ 0x60
    30b2:	2240      	movs	r2, #64	@ 0x40
    30b4:	f7ff fc06 	bl	28c4 <pqcrystals_kyber_fips202_ref_sha3_512>
  indcpa_enc(ct, buf, pk, kr+KYBER_SYMBYTES);
    30b8:	4622      	mov	r2, r4
    30ba:	4630      	mov	r0, r6
    30bc:	a908      	add	r1, sp, #32
    30be:	ab20      	add	r3, sp, #128	@ 0x80
    30c0:	f7ff fec4 	bl	2e4c <pqcrystals_kyber512_ref_indcpa_enc>
  memcpy(ss,kr,KYBER_SYMBYTES);
    30c4:	2220      	movs	r2, #32
    30c6:	4628      	mov	r0, r5
    30c8:	a918      	add	r1, sp, #96	@ 0x60
    30ca:	f003 fb8f 	bl	67ec <memcpy>
  crypto_kem_enc_derand(ct, ss, pk, coins);
  return 0;
}
    30ce:	2000      	movs	r0, #0
    30d0:	b028      	add	sp, #160	@ 0xa0
    30d2:	bd70      	pop	{r4, r5, r6, pc}

000030d4 <pqcrystals_kyber512_ref_dec>:
* On failure, ss will contain a pseudo-random value.
**************************************************/
int crypto_kem_dec(uint8_t *ss,
                   const uint8_t *ct,
                   const uint8_t *sk)
{
    30d4:	b570      	push	{r4, r5, r6, lr}
    30d6:	f5ad 7d60 	sub.w	sp, sp, #896	@ 0x380
    30da:	4605      	mov	r5, r0
  uint8_t kr[2*KYBER_SYMBYTES];
//  uint8_t cmp[KYBER_CIPHERTEXTBYTES+KYBER_SYMBYTES];
  uint8_t cmp[KYBER_CIPHERTEXTBYTES];
  const uint8_t *pk = sk+KYBER_INDCPA_SECRETKEYBYTES;

  indcpa_dec(buf, ct, sk);
    30dc:	4668      	mov	r0, sp
{
    30de:	4614      	mov	r4, r2
    30e0:	460e      	mov	r6, r1
  indcpa_dec(buf, ct, sk);
    30e2:	f7ff ff37 	bl	2f54 <pqcrystals_kyber512_ref_indcpa_dec>

  /* Multitarget countermeasure for coins + contributory KEM */
  memcpy(buf+KYBER_SYMBYTES, sk+KYBER_SECRETKEYBYTES-2*KYBER_SYMBYTES, KYBER_SYMBYTES);
    30e6:	2220      	movs	r2, #32
    30e8:	f504 61c4 	add.w	r1, r4, #1568	@ 0x620
    30ec:	eb0d 0002 	add.w	r0, sp, r2
    30f0:	f003 fb7c 	bl	67ec <memcpy>
  hash_g(kr, buf, 2*KYBER_SYMBYTES);
    30f4:	2240      	movs	r2, #64	@ 0x40
    30f6:	4669      	mov	r1, sp
    30f8:	eb0d 0002 	add.w	r0, sp, r2
    30fc:	f7ff fbe2 	bl	28c4 <pqcrystals_kyber_fips202_ref_sha3_512>

  /* coins are in kr+KYBER_SYMBYTES */
  indcpa_enc(cmp, buf, pk, kr+KYBER_SYMBYTES);
    3100:	ab18      	add	r3, sp, #96	@ 0x60
    3102:	4669      	mov	r1, sp
    3104:	a820      	add	r0, sp, #128	@ 0x80
    3106:	f504 7240 	add.w	r2, r4, #768	@ 0x300
    310a:	f7ff fe9f 	bl	2e4c <pqcrystals_kyber512_ref_indcpa_enc>

  fail = verify(ct, cmp, KYBER_CIPHERTEXTBYTES);
    310e:	a920      	add	r1, sp, #128	@ 0x80
    3110:	f44f 7240 	mov.w	r2, #768	@ 0x300
    3114:	4630      	mov	r0, r6
    3116:	f000 fdb7 	bl	3c88 <pqcrystals_kyber512_ref_verify>

  /* Compute rejection key */
  rkprf(ss,sk+KYBER_SECRETKEYBYTES-KYBER_SYMBYTES,ct);
    311a:	f504 61c8 	add.w	r1, r4, #1600	@ 0x640
  fail = verify(ct, cmp, KYBER_CIPHERTEXTBYTES);
    311e:	4604      	mov	r4, r0
  rkprf(ss,sk+KYBER_SECRETKEYBYTES-KYBER_SYMBYTES,ct);
    3120:	4632      	mov	r2, r6
    3122:	4628      	mov	r0, r5
    3124:	f000 fe90 	bl	3e48 <pqcrystals_kyber512_ref_kyber_shake256_rkprf>

  /* Copy true key to return buffer if fail is false */
  cmov(ss,kr,KYBER_SYMBYTES,!fail);
    3128:	fab4 f384 	clz	r3, r4
    312c:	4628      	mov	r0, r5
    312e:	2220      	movs	r2, #32
    3130:	a910      	add	r1, sp, #64	@ 0x40
    3132:	095b      	lsrs	r3, r3, #5
    3134:	f000 fdf4 	bl	3d20 <pqcrystals_kyber512_ref_cmov>

  return 0;
}
    3138:	2000      	movs	r0, #0
    313a:	f50d 7d60 	add.w	sp, sp, #896	@ 0x380
    313e:	bd70      	pop	{r4, r5, r6, pc}

00003140 <pqcrystals_kyber512_ref_ntt>:
* Description: Inplace number-theoretic transform (NTT) in Rq.
*              input is in standard order, output is in bitreversed order
*
* Arguments:   - int16_t r[256]: pointer to input/output vector of elements of Zq
**************************************************/
void ntt(int16_t r[256]) {
    3140:	e92d 4ff0 	stmdb	sp!, {r4, r5, r6, r7, r8, r9, sl, fp, lr}
  n_ntt++;
  uint32_t cnt1 = cpucycles();
  unsigned int len, start, j, k;
  int16_t t, zeta;

  k = 1;
    3144:	f04f 0901 	mov.w	r9, #1
  n_ntt++;
    3148:	4a38      	ldr	r2, [pc, #224]	@ (322c <pqcrystals_kyber512_ref_ntt+0xec>)
    314a:	2507      	movs	r5, #7
    314c:	6813      	ldr	r3, [r2, #0]
    314e:	46cb      	mov	fp, r9
    3150:	3301      	adds	r3, #1
    3152:	6013      	str	r3, [r2, #0]
    3154:	4682      	mov	sl, r0
  for(len = 128; len >= 2; len >>= 1) {
    3156:	2280      	movs	r2, #128	@ 0x80
    3158:	4935      	ldr	r1, [pc, #212]	@ (3230 <pqcrystals_kyber512_ref_ntt+0xf0>)
void ntt(int16_t r[256]) {
    315a:	b087      	sub	sp, #28
    315c:	684c      	ldr	r4, [r1, #4]
    315e:	4f35      	ldr	r7, [pc, #212]	@ (3234 <pqcrystals_kyber512_ref_ntt+0xf4>)
    3160:	9405      	str	r4, [sp, #20]
    for(start = 0; start < 256; start = j + len) {
    3162:	f04f 0900 	mov.w	r9, #0
    3166:	4b34      	ldr	r3, [pc, #208]	@ (3238 <pqcrystals_kyber512_ref_ntt+0xf8>)
    3168:	46b8      	mov	r8, r7
    316a:	eb03 0e4b 	add.w	lr, r3, fp, lsl #1
    316e:	1e53      	subs	r3, r2, #1
    3170:	9302      	str	r3, [sp, #8]
    3172:	1c53      	adds	r3, r2, #1
    3174:	9303      	str	r3, [sp, #12]
    3176:	464b      	mov	r3, r9
    3178:	4677      	mov	r7, lr
    317a:	46d9      	mov	r9, fp
    317c:	46d4      	mov	ip, sl
    317e:	469b      	mov	fp, r3
    3180:	9201      	str	r2, [sp, #4]
    3182:	9504      	str	r5, [sp, #16]
      zeta = zetas[k++];
      for(j = start; j < start + len; j++) {
    3184:	9b01      	ldr	r3, [sp, #4]
    3186:	f10b 4400 	add.w	r4, fp, #2147483648	@ 0x80000000
    318a:	eb03 0a0b 	add.w	sl, r3, fp
    318e:	eb0c 054a 	add.w	r5, ip, sl, lsl #1
    3192:	462b      	mov	r3, r5
    3194:	3c01      	subs	r4, #1
    3196:	eb0c 0444 	add.w	r4, ip, r4, lsl #1
    319a:	4625      	mov	r5, r4
    319c:	465e      	mov	r6, fp
    319e:	461c      	mov	r4, r3
      zeta = zetas[k++];
    31a0:	f109 0901 	add.w	r9, r9, #1
      for(j = start; j < start + len; j++) {
    31a4:	f8cd c000 	str.w	ip, [sp]
        t = fqmul(zeta, r[j + len]);
    31a8:	f9b4 0000 	ldrsh.w	r0, [r4]
      for(j = start; j < start + len; j++) {
    31ac:	3601      	adds	r6, #1
  return montgomery_reduce((int32_t)a*b);
    31ae:	fb00 f008 	mul.w	r0, r0, r8
    31b2:	f000 fd4b 	bl	3c4c <pqcrystals_kyber512_ref_montgomery_reduce>
        r[j + len] = r[j] - t;
    31b6:	f835 2f02 	ldrh.w	r2, [r5, #2]!
    31ba:	b280      	uxth	r0, r0
    31bc:	1a12      	subs	r2, r2, r0
    31be:	f824 2b02 	strh.w	r2, [r4], #2
        r[j] = r[j] + t;
    31c2:	882a      	ldrh	r2, [r5, #0]
      for(j = start; j < start + len; j++) {
    31c4:	4556      	cmp	r6, sl
        r[j] = r[j] + t;
    31c6:	4410      	add	r0, r2
    31c8:	8028      	strh	r0, [r5, #0]
      for(j = start; j < start + len; j++) {
    31ca:	d3ed      	bcc.n	31a8 <pqcrystals_kyber512_ref_ntt+0x68>
    31cc:	9b02      	ldr	r3, [sp, #8]
    31ce:	f10b 0201 	add.w	r2, fp, #1
    31d2:	4592      	cmp	sl, r2
    31d4:	bf38      	it	cc
    31d6:	2300      	movcc	r3, #0
    31d8:	9a03      	ldr	r2, [sp, #12]
    31da:	f8dd c000 	ldr.w	ip, [sp]
    31de:	4493      	add	fp, r2
    for(start = 0; start < 256; start = j + len) {
    31e0:	449b      	add	fp, r3
    31e2:	f1bb 0fff 	cmp.w	fp, #255	@ 0xff
    31e6:	d802      	bhi.n	31ee <pqcrystals_kyber512_ref_ntt+0xae>
      zeta = zetas[k++];
    31e8:	f937 8f02 	ldrsh.w	r8, [r7, #2]!
    31ec:	e7ca      	b.n	3184 <pqcrystals_kyber512_ref_ntt+0x44>
  for(len = 128; len >= 2; len >>= 1) {
    31ee:	9d04      	ldr	r5, [sp, #16]
    31f0:	9a01      	ldr	r2, [sp, #4]
    31f2:	3d01      	subs	r5, #1
    31f4:	46cb      	mov	fp, r9
    31f6:	46e2      	mov	sl, ip
    31f8:	ea4f 0252 	mov.w	r2, r2, lsr #1
    31fc:	d003      	beq.n	3206 <pqcrystals_kyber512_ref_ntt+0xc6>
      zeta = zetas[k++];
    31fe:	4b0e      	ldr	r3, [pc, #56]	@ (3238 <pqcrystals_kyber512_ref_ntt+0xf8>)
    3200:	f933 7019 	ldrsh.w	r7, [r3, r9, lsl #1]
    3204:	e7ad      	b.n	3162 <pqcrystals_kyber512_ref_ntt+0x22>
      }
    }
  }
  uint32_t cnt2 = cpucycles();
  if (ntt_cyc != 0){
    3206:	490d      	ldr	r1, [pc, #52]	@ (323c <pqcrystals_kyber512_ref_ntt+0xfc>)
    3208:	4a09      	ldr	r2, [pc, #36]	@ (3230 <pqcrystals_kyber512_ref_ntt+0xf0>)
    320a:	680b      	ldr	r3, [r1, #0]
    320c:	9c05      	ldr	r4, [sp, #20]
    320e:	6852      	ldr	r2, [r2, #4]
    3210:	b133      	cbz	r3, 3220 <pqcrystals_kyber512_ref_ntt+0xe0>
    ntt_cyc = (ntt_cyc + cnt2-cnt1) / 2;
    3212:	1b1b      	subs	r3, r3, r4
    3214:	4413      	add	r3, r2
    3216:	085b      	lsrs	r3, r3, #1
    3218:	600b      	str	r3, [r1, #0]
  } else {
    ntt_cyc = cnt2-cnt1;
  }
}
    321a:	b007      	add	sp, #28
    321c:	e8bd 8ff0 	ldmia.w	sp!, {r4, r5, r6, r7, r8, r9, sl, fp, pc}
    ntt_cyc = cnt2-cnt1;
    3220:	1b13      	subs	r3, r2, r4
    3222:	600b      	str	r3, [r1, #0]
}
    3224:	b007      	add	sp, #28
    3226:	e8bd 8ff0 	ldmia.w	sp!, {r4, r5, r6, r7, r8, r9, sl, fp, pc}
    322a:	bf00      	nop
    322c:	20000188 	.word	0x20000188
    3230:	e0001000 	.word	0xe0001000
    3234:	fffffd0a 	.word	0xfffffd0a
    3238:	00000588 	.word	0x00000588
    323c:	2000017c 	.word	0x2000017c

00003240 <pqcrystals_kyber512_ref_invntt>:
*              Input is in bitreversed order, output is in standard order
*
* Arguments:   - int16_t r[256]: pointer to input/output vector of elements of Zq
**************************************************/
void invntt(int16_t r[256]) {
  n_invntt++;
    3240:	4a48      	ldr	r2, [pc, #288]	@ (3364 <pqcrystals_kyber512_ref_invntt+0x124>)
void invntt(int16_t r[256]) {
    3242:	e92d 4ff0 	stmdb	sp!, {r4, r5, r6, r7, r8, r9, sl, fp, lr}
  n_invntt++;
    3246:	6813      	ldr	r3, [r2, #0]
    3248:	2407      	movs	r4, #7
    324a:	3301      	adds	r3, #1
  unsigned int start, len, j, k;
  int16_t t, zeta;
  const int16_t f = 1441; // mont^2/128

  k = 127;
  for(len = 2; len <= 128; len <<= 1) {
    324c:	f04f 0902 	mov.w	r9, #2
  n_invntt++;
    3250:	6013      	str	r3, [r2, #0]
  k = 127;
    3252:	237f      	movs	r3, #127	@ 0x7f
    3254:	4944      	ldr	r1, [pc, #272]	@ (3368 <pqcrystals_kyber512_ref_invntt+0x128>)
void invntt(int16_t r[256]) {
    3256:	b087      	sub	sp, #28
    3258:	f8d1 8004 	ldr.w	r8, [r1, #4]
  for(len = 2; len <= 128; len <<= 1) {
    325c:	469b      	mov	fp, r3
    325e:	f8cd 8014 	str.w	r8, [sp, #20]
    3262:	f240 675c 	movw	r7, #1628	@ 0x65c
    3266:	46c8      	mov	r8, r9
    3268:	4625      	mov	r5, r4
    326a:	4603      	mov	r3, r0
    326c:	1e86      	subs	r6, r0, #2
    326e:	9603      	str	r6, [sp, #12]
    for(start = 0; start < 256; start = j + len) {
    3270:	f04f 0a00 	mov.w	sl, #0
    3274:	9504      	str	r5, [sp, #16]
    3276:	46d1      	mov	r9, sl
    3278:	4645      	mov	r5, r8
    327a:	46da      	mov	sl, fp
    327c:	4a3b      	ldr	r2, [pc, #236]	@ (336c <pqcrystals_kyber512_ref_invntt+0x12c>)
    327e:	46b8      	mov	r8, r7
      zeta = zetas[k--];
    3280:	eb02 024b 	add.w	r2, r2, fp, lsl #1
      for(j = start; j < start + len; j++) {
    3284:	eb09 0b05 	add.w	fp, r9, r5
    3288:	45cb      	cmp	fp, r9
      zeta = zetas[k--];
    328a:	f10a 3aff 	add.w	sl, sl, #4294967295	@ 0xffffffff
      for(j = start; j < start + len; j++) {
    328e:	d936      	bls.n	32fe <pqcrystals_kyber512_ref_invntt+0xbe>
    3290:	f109 4900 	add.w	r9, r9, #2147483648	@ 0x80000000
    3294:	f109 39ff 	add.w	r9, r9, #4294967295	@ 0xffffffff
    3298:	eb03 0949 	add.w	r9, r3, r9, lsl #1
    329c:	eb03 064b 	add.w	r6, r3, fp, lsl #1
    32a0:	e9cd 2501 	strd	r2, r5, [sp, #4]
    32a4:	4634      	mov	r4, r6
    32a6:	464d      	mov	r5, r9
    32a8:	4699      	mov	r9, r3
    32aa:	9903      	ldr	r1, [sp, #12]
    32ac:	eb01 074b 	add.w	r7, r1, fp, lsl #1
        t = r[j];
        r[j] = barrett_reduce(t + r[j + len]);
    32b0:	f835 6f02 	ldrh.w	r6, [r5, #2]!
    32b4:	f9b4 0000 	ldrsh.w	r0, [r4]
    32b8:	4430      	add	r0, r6
    32ba:	b200      	sxth	r0, r0
    32bc:	f000 fcd4 	bl	3c68 <pqcrystals_kyber512_ref_barrett_reduce>
    32c0:	8028      	strh	r0, [r5, #0]
        r[j + len] = r[j + len] - t;
    32c2:	f834 0b02 	ldrh.w	r0, [r4], #2
    32c6:	1b80      	subs	r0, r0, r6
    32c8:	b200      	sxth	r0, r0
    32ca:	f824 0c02 	strh.w	r0, [r4, #-2]
  return montgomery_reduce((int32_t)a*b);
    32ce:	fb00 f008 	mul.w	r0, r0, r8
    32d2:	f000 fcbb 	bl	3c4c <pqcrystals_kyber512_ref_montgomery_reduce>
      for(j = start; j < start + len; j++) {
    32d6:	42af      	cmp	r7, r5
        r[j + len] = fqmul(zeta, r[j + len]);
    32d8:	f824 0c02 	strh.w	r0, [r4, #-2]
      for(j = start; j < start + len; j++) {
    32dc:	d1e8      	bne.n	32b0 <pqcrystals_kyber512_ref_invntt+0x70>
    for(start = 0; start < 256; start = j + len) {
    32de:	e9dd 2501 	ldrd	r2, r5, [sp, #4]
    32e2:	464b      	mov	r3, r9
    32e4:	eb0b 0905 	add.w	r9, fp, r5
    32e8:	f1b9 0fff 	cmp.w	r9, #255	@ 0xff
    32ec:	d809      	bhi.n	3302 <pqcrystals_kyber512_ref_invntt+0xc2>
      for(j = start; j < start + len; j++) {
    32ee:	eb09 0b05 	add.w	fp, r9, r5
    32f2:	45cb      	cmp	fp, r9
      zeta = zetas[k--];
    32f4:	f932 8d02 	ldrsh.w	r8, [r2, #-2]!
    32f8:	f10a 3aff 	add.w	sl, sl, #4294967295	@ 0xffffffff
      for(j = start; j < start + len; j++) {
    32fc:	d8c8      	bhi.n	3290 <pqcrystals_kyber512_ref_invntt+0x50>
    32fe:	46d9      	mov	r9, fp
    3300:	e7f5      	b.n	32ee <pqcrystals_kyber512_ref_invntt+0xae>
  for(len = 2; len <= 128; len <<= 1) {
    3302:	46a8      	mov	r8, r5
    3304:	9d04      	ldr	r5, [sp, #16]
    3306:	46d3      	mov	fp, sl
    3308:	3d01      	subs	r5, #1
    330a:	ea4f 0848 	mov.w	r8, r8, lsl #1
    330e:	d003      	beq.n	3318 <pqcrystals_kyber512_ref_invntt+0xd8>
      zeta = zetas[k--];
    3310:	4a16      	ldr	r2, [pc, #88]	@ (336c <pqcrystals_kyber512_ref_invntt+0x12c>)
    3312:	f932 701a 	ldrsh.w	r7, [r2, sl, lsl #1]
    3316:	e7ab      	b.n	3270 <pqcrystals_kyber512_ref_invntt+0x30>
    3318:	f8dd 8014 	ldr.w	r8, [sp, #20]
    331c:	9e03      	ldr	r6, [sp, #12]
    331e:	f503 7bff 	add.w	fp, r3, #510	@ 0x1fe
  return montgomery_reduce((int32_t)a*b);
    3322:	f936 0f02 	ldrsh.w	r0, [r6, #2]!
    3326:	eb00 0340 	add.w	r3, r0, r0, lsl #1
    332a:	ebc3 1303 	rsb	r3, r3, r3, lsl #4
    332e:	eb00 1043 	add.w	r0, r0, r3, lsl #5
    3332:	f000 fc8b 	bl	3c4c <pqcrystals_kyber512_ref_montgomery_reduce>
      }
    }
  }

  for(j = 0; j < 256; j++)
    3336:	455e      	cmp	r6, fp
    r[j] = fqmul(r[j], f);
    3338:	8030      	strh	r0, [r6, #0]
  for(j = 0; j < 256; j++)
    333a:	d1f2      	bne.n	3322 <pqcrystals_kyber512_ref_invntt+0xe2>

  uint32_t cnt2 = cpucycles();
  if (inv_ntt_cyc != 0){
    333c:	490c      	ldr	r1, [pc, #48]	@ (3370 <pqcrystals_kyber512_ref_invntt+0x130>)
    333e:	4a0a      	ldr	r2, [pc, #40]	@ (3368 <pqcrystals_kyber512_ref_invntt+0x128>)
    3340:	680b      	ldr	r3, [r1, #0]
    3342:	6852      	ldr	r2, [r2, #4]
    3344:	b13b      	cbz	r3, 3356 <pqcrystals_kyber512_ref_invntt+0x116>
    inv_ntt_cyc = (inv_ntt_cyc + cnt2-cnt1) / 2;
    3346:	eba3 0308 	sub.w	r3, r3, r8
    334a:	4413      	add	r3, r2
    334c:	085b      	lsrs	r3, r3, #1
    334e:	600b      	str	r3, [r1, #0]
  } else {
    inv_ntt_cyc = cnt2-cnt1;
  } 
}
    3350:	b007      	add	sp, #28
    3352:	e8bd 8ff0 	ldmia.w	sp!, {r4, r5, r6, r7, r8, r9, sl, fp, pc}
    inv_ntt_cyc = cnt2-cnt1;
    3356:	eba2 0308 	sub.w	r3, r2, r8
    335a:	600b      	str	r3, [r1, #0]
}
    335c:	b007      	add	sp, #28
    335e:	e8bd 8ff0 	ldmia.w	sp!, {r4, r5, r6, r7, r8, r9, sl, fp, pc}
    3362:	bf00      	nop
    3364:	20000184 	.word	0x20000184
    3368:	e0001000 	.word	0xe0001000
    336c:	00000588 	.word	0x00000588
    3370:	20000178 	.word	0x20000178

00003374 <pqcrystals_kyber512_ref_basemul>:
*              - const int16_t a[2]: pointer to the first factor
*              - const int16_t b[2]: pointer to the second factor
*              - int16_t zeta: integer defining the reduction polynomial
**************************************************/
void basemul(int16_t r[2], const int16_t a[2], const int16_t b[2], int16_t zeta)
{
    3374:	e92d 43f8 	stmdb	sp!, {r3, r4, r5, r6, r7, r8, r9, lr}
  n_basemul++;
    3378:	4c20      	ldr	r4, [pc, #128]	@ (33fc <pqcrystals_kyber512_ref_basemul+0x88>)
{
    337a:	4699      	mov	r9, r3
  n_basemul++;
    337c:	6827      	ldr	r7, [r4, #0]
  return montgomery_reduce((int32_t)a*b);
    337e:	8853      	ldrh	r3, [r2, #2]
  n_basemul++;
    3380:	3701      	adds	r7, #1
    3382:	6027      	str	r7, [r4, #0]
{
    3384:	4604      	mov	r4, r0
  return montgomery_reduce((int32_t)a*b);
    3386:	8848      	ldrh	r0, [r1, #2]
    3388:	f8df 8078 	ldr.w	r8, [pc, #120]	@ 3404 <pqcrystals_kyber512_ref_basemul+0x90>
    338c:	fb10 f003 	smulbb	r0, r0, r3
{
    3390:	460e      	mov	r6, r1
    3392:	4615      	mov	r5, r2
    3394:	f8d8 7004 	ldr.w	r7, [r8, #4]
  return montgomery_reduce((int32_t)a*b);
    3398:	f000 fc58 	bl	3c4c <pqcrystals_kyber512_ref_montgomery_reduce>
    339c:	4602      	mov	r2, r0
    339e:	fb00 f009 	mul.w	r0, r0, r9
  uint32_t cnt1 = cpucycles();
  r[0]  = fqmul(a[1], b[1]);
    33a2:	8022      	strh	r2, [r4, #0]
  return montgomery_reduce((int32_t)a*b);
    33a4:	f000 fc52 	bl	3c4c <pqcrystals_kyber512_ref_montgomery_reduce>
  r[0]  = fqmul(r[0], zeta);
    33a8:	8020      	strh	r0, [r4, #0]
  return montgomery_reduce((int32_t)a*b);
    33aa:	882b      	ldrh	r3, [r5, #0]
    33ac:	8830      	ldrh	r0, [r6, #0]
    33ae:	fb10 f003 	smulbb	r0, r0, r3
    33b2:	f000 fc4b 	bl	3c4c <pqcrystals_kyber512_ref_montgomery_reduce>
  r[0] += fqmul(a[0], b[0]);
    33b6:	8823      	ldrh	r3, [r4, #0]
    33b8:	4418      	add	r0, r3
    33ba:	8020      	strh	r0, [r4, #0]
  return montgomery_reduce((int32_t)a*b);
    33bc:	886b      	ldrh	r3, [r5, #2]
    33be:	8830      	ldrh	r0, [r6, #0]
    33c0:	fb10 f003 	smulbb	r0, r0, r3
    33c4:	f000 fc42 	bl	3c4c <pqcrystals_kyber512_ref_montgomery_reduce>
  r[1]  = fqmul(a[0], b[1]);
    33c8:	8060      	strh	r0, [r4, #2]
  return montgomery_reduce((int32_t)a*b);
    33ca:	882b      	ldrh	r3, [r5, #0]
    33cc:	8870      	ldrh	r0, [r6, #2]
    33ce:	fb10 f003 	smulbb	r0, r0, r3
    33d2:	f000 fc3b 	bl	3c4c <pqcrystals_kyber512_ref_montgomery_reduce>
  r[1] += fqmul(a[1], b[0]);
  uint32_t cnt2 = cpucycles();
  if (basemul_cyc != 0){
    33d6:	490a      	ldr	r1, [pc, #40]	@ (3400 <pqcrystals_kyber512_ref_basemul+0x8c>)
  r[1] += fqmul(a[1], b[0]);
    33d8:	8862      	ldrh	r2, [r4, #2]
  if (basemul_cyc != 0){
    33da:	680b      	ldr	r3, [r1, #0]
  r[1] += fqmul(a[1], b[0]);
    33dc:	4410      	add	r0, r2
    33de:	8060      	strh	r0, [r4, #2]
    33e0:	f8d8 2004 	ldr.w	r2, [r8, #4]
  if (basemul_cyc != 0){
    33e4:	b12b      	cbz	r3, 33f2 <pqcrystals_kyber512_ref_basemul+0x7e>
    basemul_cyc = (basemul_cyc + cnt2-cnt1) / 2;
    33e6:	1bdb      	subs	r3, r3, r7
    33e8:	4413      	add	r3, r2
    33ea:	085b      	lsrs	r3, r3, #1
    33ec:	600b      	str	r3, [r1, #0]
  } else {
    basemul_cyc = cnt2-cnt1;
  }
}
    33ee:	e8bd 83f8 	ldmia.w	sp!, {r3, r4, r5, r6, r7, r8, r9, pc}
    basemul_cyc = cnt2-cnt1;
    33f2:	1bd3      	subs	r3, r2, r7
    33f4:	600b      	str	r3, [r1, #0]
}
    33f6:	e8bd 83f8 	ldmia.w	sp!, {r3, r4, r5, r6, r7, r8, r9, pc}
    33fa:	bf00      	nop
    33fc:	2000015c 	.word	0x2000015c
    3400:	20000158 	.word	0x20000158
    3404:	e0001000 	.word	0xe0001000

00003408 <pqcrystals_kyber512_ref_poly_compress>:
* Arguments:   - uint8_t *r: pointer to output byte array
*                            (of length KYBER_POLYCOMPRESSEDBYTES)
*              - const poly *a: pointer to input polynomial
**************************************************/
void poly_compress(uint8_t r[KYBER_POLYCOMPRESSEDBYTES], const poly *a)
{
    3408:	e92d 47f0 	stmdb	sp!, {r4, r5, r6, r7, r8, r9, sl, lr}

  for(i=0;i<KYBER_N/8;i++) {
    for(j=0;j<8;j++) {
      // map to positive standard representatives
      u  = a->coeffs[8*i+j];
      u += (u >> 15) & KYBER_Q;
    340c:	f640 5501 	movw	r5, #3329	@ 0xd01
    3410:	460c      	mov	r4, r1
  n_poly_compress++;
    3412:	4a56      	ldr	r2, [pc, #344]	@ (356c <pqcrystals_kyber512_ref_poly_compress+0x164>)
    3414:	1d06      	adds	r6, r0, #4
    3416:	6813      	ldr	r3, [r2, #0]
    3418:	f501 7700 	add.w	r7, r1, #512	@ 0x200
    341c:	3301      	adds	r3, #1
    341e:	6013      	str	r3, [r2, #0]
    3420:	4b53      	ldr	r3, [pc, #332]	@ (3570 <pqcrystals_kyber512_ref_poly_compress+0x168>)
    3422:	685b      	ldr	r3, [r3, #4]
      u  = a->coeffs[8*i+j];
    3424:	f9b4 9000 	ldrsh.w	r9, [r4]
    3428:	f9b4 8002 	ldrsh.w	r8, [r4, #2]
    342c:	f9b4 1004 	ldrsh.w	r1, [r4, #4]
      u += (u >> 15) & KYBER_Q;
    3430:	ea05 73e9 	and.w	r3, r5, r9, asr #31
      u  = a->coeffs[8*i+j];
    3434:	f9b4 e006 	ldrsh.w	lr, [r4, #6]
      u += (u >> 15) & KYBER_Q;
    3438:	444b      	add	r3, r9
    343a:	ea05 79e8 	and.w	r9, r5, r8, asr #31
      u  = a->coeffs[8*i+j];
    343e:	f9b4 2008 	ldrsh.w	r2, [r4, #8]
      u += (u >> 15) & KYBER_Q;
    3442:	44c1      	add	r9, r8
    3444:	ea05 78e1 	and.w	r8, r5, r1, asr #31
      u  = a->coeffs[8*i+j];
    3448:	f9b4 000a 	ldrsh.w	r0, [r4, #10]
      u += (u >> 15) & KYBER_Q;
    344c:	4488      	add	r8, r1
    344e:	ea05 71ee 	and.w	r1, r5, lr, asr #31
      u  = a->coeffs[8*i+j];
    3452:	f9b4 c00c 	ldrsh.w	ip, [r4, #12]
      u += (u >> 15) & KYBER_Q;
    3456:	4471      	add	r1, lr
    3458:	ea05 7ee2 	and.w	lr, r5, r2, asr #31
      u  = a->coeffs[8*i+j];
    345c:	f9b4 a00e 	ldrsh.w	sl, [r4, #14]
      u += (u >> 15) & KYBER_Q;
    3460:	4496      	add	lr, r2
/*    t[j] = ((((uint16_t)u << 4) + KYBER_Q/2)/KYBER_Q) & 15; */
      d0 = u << 4;
    3462:	b21b      	sxth	r3, r3
      u += (u >> 15) & KYBER_Q;
    3464:	ea05 72e0 	and.w	r2, r5, r0, asr #31
    3468:	4402      	add	r2, r0
      d0 = u << 4;
    346a:	fa0f f989 	sxth.w	r9, r9
      u += (u >> 15) & KYBER_Q;
    346e:	ea05 70ec 	and.w	r0, r5, ip, asr #31
      d0 = u << 4;
    3472:	011b      	lsls	r3, r3, #4
      u += (u >> 15) & KYBER_Q;
    3474:	4460      	add	r0, ip
      d0 += 1665;
    3476:	f203 6381 	addw	r3, r3, #1665	@ 0x681
      u += (u >> 15) & KYBER_Q;
    347a:	ea05 7cea 	and.w	ip, r5, sl, asr #31
      d0 = u << 4;
    347e:	fa0f f888 	sxth.w	r8, r8
    3482:	ea4f 1909 	mov.w	r9, r9, lsl #4
      u += (u >> 15) & KYBER_Q;
    3486:	44d4      	add	ip, sl
      d0 += 1665;
    3488:	f209 6981 	addw	r9, r9, #1665	@ 0x681
      d0 *= 80635;
    348c:	ebc3 1a83 	rsb	sl, r3, r3, lsl #6
      d0 = u << 4;
    3490:	b209      	sxth	r1, r1
    3492:	ea4f 1808 	mov.w	r8, r8, lsl #4
      d0 += 1665;
    3496:	f208 6881 	addw	r8, r8, #1665	@ 0x681
      d0 *= 80635;
    349a:	ebc3 230a 	rsb	r3, r3, sl, lsl #8
      d0 = u << 4;
    349e:	fa0f fe8e 	sxth.w	lr, lr
      d0 *= 80635;
    34a2:	ebc9 1a89 	rsb	sl, r9, r9, lsl #6
      d0 = u << 4;
    34a6:	0109      	lsls	r1, r1, #4
      d0 += 1665;
    34a8:	f201 6181 	addw	r1, r1, #1665	@ 0x681
      d0 *= 80635;
    34ac:	ebc9 290a 	rsb	r9, r9, sl, lsl #8
      d0 = u << 4;
    34b0:	b212      	sxth	r2, r2
      d0 *= 80635;
    34b2:	ebc8 1a88 	rsb	sl, r8, r8, lsl #6
      d0 = u << 4;
    34b6:	ea4f 1e0e 	mov.w	lr, lr, lsl #4
      d0 += 1665;
    34ba:	f20e 6e81 	addw	lr, lr, #1665	@ 0x681
      d0 *= 80635;
    34be:	ebc8 280a 	rsb	r8, r8, sl, lsl #8
      d0 = u << 4;
    34c2:	b200      	sxth	r0, r0
      d0 *= 80635;
    34c4:	ebc1 1a81 	rsb	sl, r1, r1, lsl #6
      d0 = u << 4;
    34c8:	0112      	lsls	r2, r2, #4
      d0 += 1665;
    34ca:	f202 6281 	addw	r2, r2, #1665	@ 0x681
      d0 *= 80635;
    34ce:	ebc1 210a 	rsb	r1, r1, sl, lsl #8
      d0 = u << 4;
    34d2:	fa0f fc8c 	sxth.w	ip, ip
      d0 *= 80635;
    34d6:	ebce 1a8e 	rsb	sl, lr, lr, lsl #6
      d0 = u << 4;
    34da:	0100      	lsls	r0, r0, #4
      d0 += 1665;
    34dc:	f200 6081 	addw	r0, r0, #1665	@ 0x681
      d0 *= 80635;
    34e0:	ebce 2e0a 	rsb	lr, lr, sl, lsl #8
      d0 = u << 4;
    34e4:	ea4f 1c0c 	mov.w	ip, ip, lsl #4
      d0 *= 80635;
    34e8:	ebc2 1a82 	rsb	sl, r2, r2, lsl #6
      d0 += 1665;
    34ec:	f20c 6c81 	addw	ip, ip, #1665	@ 0x681
      d0 *= 80635;
    34f0:	ebc2 2a0a 	rsb	sl, r2, sl, lsl #8
    34f4:	ebc0 1280 	rsb	r2, r0, r0, lsl #6
    34f8:	ebc0 2202 	rsb	r2, r0, r2, lsl #8
    34fc:	ebcc 108c 	rsb	r0, ip, ip, lsl #6
    3500:	ebcc 2000 	rsb	r0, ip, r0, lsl #8
    3504:	eb03 0383 	add.w	r3, r3, r3, lsl #2
    3508:	eb09 0989 	add.w	r9, r9, r9, lsl #2
    350c:	eb08 0888 	add.w	r8, r8, r8, lsl #2
    3510:	eb01 0181 	add.w	r1, r1, r1, lsl #2
    3514:	eb0e 0e8e 	add.w	lr, lr, lr, lsl #2
    3518:	eb0a 0a8a 	add.w	sl, sl, sl, lsl #2
    351c:	eb02 0282 	add.w	r2, r2, r2, lsl #2
    3520:	eb00 0080 	add.w	r0, r0, r0, lsl #2
      d0 >>= 28;
    3524:	0f1b      	lsrs	r3, r3, #28
  for(i=0;i<KYBER_N/8;i++) {
    3526:	3410      	adds	r4, #16
      d0 >>= 28;
    3528:	ea4f 7919 	mov.w	r9, r9, lsr #28
    352c:	0f09      	lsrs	r1, r1, #28
    352e:	ea4f 7818 	mov.w	r8, r8, lsr #28
    3532:	ea4f 7a1a 	mov.w	sl, sl, lsr #28
    3536:	ea4f 7e1e 	mov.w	lr, lr, lsr #28
    353a:	0f00      	lsrs	r0, r0, #28
    353c:	0f12      	lsrs	r2, r2, #28
      t[j] = d0 & 0xf;
    }

    r[0] = t[0] | (t[1] << 4);
    353e:	ea43 1309 	orr.w	r3, r3, r9, lsl #4
    r[1] = t[2] | (t[3] << 4);
    3542:	ea48 1801 	orr.w	r8, r8, r1, lsl #4
    r[2] = t[4] | (t[5] << 4);
    3546:	ea4e 1e0a 	orr.w	lr, lr, sl, lsl #4
    r[3] = t[6] | (t[7] << 4);
    354a:	ea42 1200 	orr.w	r2, r2, r0, lsl #4
  for(i=0;i<KYBER_N/8;i++) {
    354e:	42a7      	cmp	r7, r4
    r[0] = t[0] | (t[1] << 4);
    3550:	f806 3c04 	strb.w	r3, [r6, #-4]
    r[1] = t[2] | (t[3] << 4);
    3554:	f806 8c03 	strb.w	r8, [r6, #-3]
    r[2] = t[4] | (t[5] << 4);
    3558:	f806 ec02 	strb.w	lr, [r6, #-2]
    r[3] = t[6] | (t[7] << 4);
    355c:	f806 2c01 	strb.w	r2, [r6, #-1]
  for(i=0;i<KYBER_N/8;i++) {
    3560:	f106 0604 	add.w	r6, r6, #4
    3564:	f47f af5e 	bne.w	3424 <pqcrystals_kyber512_ref_poly_compress+0x1c>
    poly_compress_cyc = cnt2-cnt1;
  }
#else
#error "KYBER_POLYCOMPRESSEDBYTES needs to be in {128, 160}"
#endif
}
    3568:	e8bd 87f0 	ldmia.w	sp!, {r4, r5, r6, r7, r8, r9, sl, pc}
    356c:	20000174 	.word	0x20000174
    3570:	e0001000 	.word	0xe0001000

00003574 <pqcrystals_kyber512_ref_poly_decompress>:
  n_poly_decompress++;
  uint32_t cnt1 = cpucycles();
  unsigned int i;

#if (KYBER_POLYCOMPRESSEDBYTES == 128)
  for(i=0;i<KYBER_N/2;i++) {
    3574:	2200      	movs	r2, #0
    r->coeffs[2*i+0] = (((uint16_t)(a[0] & 15)*KYBER_Q) + 8) >> 4;
    3576:	f640 5c01 	movw	ip, #3329	@ 0xd01
{
    357a:	b530      	push	{r4, r5, lr}
  n_poly_decompress++;
    357c:	4c0f      	ldr	r4, [pc, #60]	@ (35bc <pqcrystals_kyber512_ref_poly_decompress+0x48>)
    357e:	4d10      	ldr	r5, [pc, #64]	@ (35c0 <pqcrystals_kyber512_ref_poly_decompress+0x4c>)
    3580:	6823      	ldr	r3, [r4, #0]
    3582:	3901      	subs	r1, #1
    3584:	3301      	adds	r3, #1
    3586:	6023      	str	r3, [r4, #0]
    3588:	686b      	ldr	r3, [r5, #4]
  for(i=0;i<KYBER_N/2;i++) {
    358a:	f100 0e02 	add.w	lr, r0, #2
    r->coeffs[2*i+0] = (((uint16_t)(a[0] & 15)*KYBER_Q) + 8) >> 4;
    358e:	f811 3f01 	ldrb.w	r3, [r1, #1]!
    3592:	f003 030f 	and.w	r3, r3, #15
    3596:	fb0c f303 	mul.w	r3, ip, r3
    359a:	3308      	adds	r3, #8
    359c:	111b      	asrs	r3, r3, #4
    359e:	f820 3022 	strh.w	r3, [r0, r2, lsl #2]
    r->coeffs[2*i+1] = (((uint16_t)(a[0] >> 4)*KYBER_Q) + 8) >> 4;
    35a2:	780b      	ldrb	r3, [r1, #0]
    35a4:	091b      	lsrs	r3, r3, #4
    35a6:	fb0c f303 	mul.w	r3, ip, r3
    35aa:	3308      	adds	r3, #8
    35ac:	111b      	asrs	r3, r3, #4
    35ae:	f82e 3022 	strh.w	r3, [lr, r2, lsl #2]
  for(i=0;i<KYBER_N/2;i++) {
    35b2:	3201      	adds	r2, #1
    35b4:	2a80      	cmp	r2, #128	@ 0x80
    35b6:	d1ea      	bne.n	358e <pqcrystals_kyber512_ref_poly_decompress+0x1a>
    poly_decompress_cyc = cnt2-cnt1;
  }
#else
#error "KYBER_POLYCOMPRESSEDBYTES needs to be in {128, 160}"
#endif
}
    35b8:	bd30      	pop	{r4, r5, pc}
    35ba:	bf00      	nop
    35bc:	20000170 	.word	0x20000170
    35c0:	e0001000 	.word	0xe0001000

000035c4 <pqcrystals_kyber512_ref_poly_tobytes>:
* Arguments:   - uint8_t *r: pointer to output byte array
*                            (needs space for KYBER_POLYBYTES bytes)
*              - const poly *a: pointer to input polynomial
**************************************************/
void poly_tobytes(uint8_t r[KYBER_POLYBYTES], const poly *a)
{
    35c4:	b570      	push	{r4, r5, r6, lr}
  unsigned int i;
  uint16_t t0, t1;

  for(i=0;i<KYBER_N/2;i++) {
    35c6:	f04f 0c00 	mov.w	ip, #0
    // map to positive standard representatives
    t0  = a->coeffs[2*i];
    t0 += ((int16_t)t0 >> 15) & KYBER_Q;
    35ca:	f640 5401 	movw	r4, #3329	@ 0xd01
    35ce:	1c8d      	adds	r5, r1, #2
    t1 = a->coeffs[2*i+1];
    35d0:	f935 302c 	ldrsh.w	r3, [r5, ip, lsl #2]
    t0  = a->coeffs[2*i];
    35d4:	f931 202c 	ldrsh.w	r2, [r1, ip, lsl #2]
    t1 += ((int16_t)t1 >> 15) & KYBER_Q;
    35d8:	ea04 76e3 	and.w	r6, r4, r3, asr #31
    t0 += ((int16_t)t0 >> 15) & KYBER_Q;
    35dc:	ea04 7ee2 	and.w	lr, r4, r2, asr #31
    t1 += ((int16_t)t1 >> 15) & KYBER_Q;
    35e0:	fa16 f383 	uxtah	r3, r6, r3
    35e4:	b29b      	uxth	r3, r3
    t0 += ((int16_t)t0 >> 15) & KYBER_Q;
    35e6:	fa1e f282 	uxtah	r2, lr, r2
    35ea:	b292      	uxth	r2, r2
    r[3*i+0] = (t0 >> 0);
    r[3*i+1] = (t0 >> 8) | (t1 << 4);
    35ec:	ea4f 1e03 	mov.w	lr, r3, lsl #4
  for(i=0;i<KYBER_N/2;i++) {
    35f0:	f10c 0c01 	add.w	ip, ip, #1
    r[3*i+1] = (t0 >> 8) | (t1 << 4);
    35f4:	ea4e 2e12 	orr.w	lr, lr, r2, lsr #8
    r[3*i+2] = (t1 >> 4);
    35f8:	091b      	lsrs	r3, r3, #4
  for(i=0;i<KYBER_N/2;i++) {
    35fa:	f1bc 0f80 	cmp.w	ip, #128	@ 0x80
    r[3*i+0] = (t0 >> 0);
    35fe:	7002      	strb	r2, [r0, #0]
    r[3*i+1] = (t0 >> 8) | (t1 << 4);
    3600:	f880 e001 	strb.w	lr, [r0, #1]
    r[3*i+2] = (t1 >> 4);
    3604:	7083      	strb	r3, [r0, #2]
  for(i=0;i<KYBER_N/2;i++) {
    3606:	f100 0003 	add.w	r0, r0, #3
    360a:	d1e1      	bne.n	35d0 <pqcrystals_kyber512_ref_poly_tobytes+0xc>
  }
}
    360c:	bd70      	pop	{r4, r5, r6, pc}
    360e:	bf00      	nop

00003610 <pqcrystals_kyber512_ref_poly_frombytes>:
*                                  (of KYBER_POLYBYTES bytes)
**************************************************/
void poly_frombytes(poly *r, const uint8_t a[KYBER_POLYBYTES])
{
  unsigned int i;
  for(i=0;i<KYBER_N/2;i++) {
    3610:	2200      	movs	r2, #0
{
    3612:	b500      	push	{lr}
    3614:	f100 0e02 	add.w	lr, r0, #2
    r->coeffs[2*i]   = ((a[3*i+0] >> 0) | ((uint16_t)a[3*i+1] << 8)) & 0xFFF;
    3618:	f891 c001 	ldrb.w	ip, [r1, #1]
    361c:	780b      	ldrb	r3, [r1, #0]
  for(i=0;i<KYBER_N/2;i++) {
    361e:	3103      	adds	r1, #3
    r->coeffs[2*i]   = ((a[3*i+0] >> 0) | ((uint16_t)a[3*i+1] << 8)) & 0xFFF;
    3620:	ea43 230c 	orr.w	r3, r3, ip, lsl #8
    3624:	f3c3 030b 	ubfx	r3, r3, #0, #12
    3628:	f820 3022 	strh.w	r3, [r0, r2, lsl #2]
    r->coeffs[2*i+1] = ((a[3*i+1] >> 4) | ((uint16_t)a[3*i+2] << 4)) & 0xFFF;
    362c:	f811 3c01 	ldrb.w	r3, [r1, #-1]
    3630:	f811 cc02 	ldrb.w	ip, [r1, #-2]
    3634:	011b      	lsls	r3, r3, #4
    3636:	ea43 131c 	orr.w	r3, r3, ip, lsr #4
    363a:	f82e 3022 	strh.w	r3, [lr, r2, lsl #2]
  for(i=0;i<KYBER_N/2;i++) {
    363e:	3201      	adds	r2, #1
    3640:	2a80      	cmp	r2, #128	@ 0x80
    3642:	d1e9      	bne.n	3618 <pqcrystals_kyber512_ref_poly_frombytes+0x8>
  }
}
    3644:	f85d fb04 	ldr.w	pc, [sp], #4

00003648 <pqcrystals_kyber512_ref_poly_frommsg>:
*
* Arguments:   - poly *r: pointer to output polynomial
*              - const uint8_t *msg: pointer to input message
**************************************************/
void poly_frommsg(poly *r, const uint8_t msg[KYBER_INDCPA_MSGBYTES])
{
    3648:	e92d 43f8 	stmdb	sp!, {r3, r4, r5, r6, r7, r8, r9, lr}
#if (KYBER_INDCPA_MSGBYTES != KYBER_N/8)
#error "KYBER_INDCPA_MSGBYTES must be equal to KYBER_N/8 bytes!"
#endif

  for(i=0;i<KYBER_N/8;i++) {
    for(j=0;j<8;j++) {
    364c:	f04f 0800 	mov.w	r8, #0
    3650:	460e      	mov	r6, r1
      r->coeffs[8*i+j] = 0;
    3652:	46c1      	mov	r9, r8
    3654:	1e87      	subs	r7, r0, #2
{
    3656:	463d      	mov	r5, r7
    for(j=0;j<8;j++) {
    3658:	2400      	movs	r4, #0
      r->coeffs[8*i+j] = 0;
    365a:	f825 9f02 	strh.w	r9, [r5, #2]!
      cmov_int16(r->coeffs+8*i+j, ((KYBER_Q+1)/2), (msg[i] >> j)&1);
    365e:	7832      	ldrb	r2, [r6, #0]
    3660:	f240 6181 	movw	r1, #1665	@ 0x681
    3664:	4122      	asrs	r2, r4
    3666:	4628      	mov	r0, r5
    3668:	f002 0201 	and.w	r2, r2, #1
    for(j=0;j<8;j++) {
    366c:	3401      	adds	r4, #1
      cmov_int16(r->coeffs+8*i+j, ((KYBER_Q+1)/2), (msg[i] >> j)&1);
    366e:	f000 fbb9 	bl	3de4 <pqcrystals_kyber512_ref_cmov_int16>
    for(j=0;j<8;j++) {
    3672:	2c08      	cmp	r4, #8
    3674:	d1f1      	bne.n	365a <pqcrystals_kyber512_ref_poly_frommsg+0x12>
  for(i=0;i<KYBER_N/8;i++) {
    3676:	f108 0808 	add.w	r8, r8, #8
    367a:	f5b8 7f80 	cmp.w	r8, #256	@ 0x100
    367e:	f107 0710 	add.w	r7, r7, #16
    3682:	f106 0601 	add.w	r6, r6, #1
    3686:	d1e6      	bne.n	3656 <pqcrystals_kyber512_ref_poly_frommsg+0xe>
    }
  }
}
    3688:	e8bd 83f8 	ldmia.w	sp!, {r3, r4, r5, r6, r7, r8, r9, pc}

0000368c <pqcrystals_kyber512_ref_poly_tomsg>:
{
  unsigned int i,j;
  uint32_t t;

  for(i=0;i<KYBER_N/8;i++) {
    msg[i] = 0;
    368c:	f04f 0c00 	mov.w	ip, #0
{
    3690:	b510      	push	{r4, lr}
    3692:	1e42      	subs	r2, r0, #1
    3694:	f501 7000 	add.w	r0, r1, #512	@ 0x200
    msg[i] = 0;
    3698:	f802 cf01 	strb.w	ip, [r2, #1]!
    for(j=0;j<8;j++) {
      t  = a->coeffs[8*i+j];
    369c:	f9b1 3000 	ldrsh.w	r3, [r1]
  for(i=0;i<KYBER_N/8;i++) {
    36a0:	3110      	adds	r1, #16
      // t += ((int16_t)t >> 15) & KYBER_Q;
      // t  = (((t << 1) + KYBER_Q/2)/KYBER_Q) & 1;
      t <<= 1;
    36a2:	005b      	lsls	r3, r3, #1
      t += 1665;
    36a4:	f203 6381 	addw	r3, r3, #1665	@ 0x681
      t *= 80635;
    36a8:	ebc3 1483 	rsb	r4, r3, r3, lsl #6
    36ac:	ebc3 2304 	rsb	r3, r3, r4, lsl #8
    36b0:	eb03 0383 	add.w	r3, r3, r3, lsl #2
      t >>= 28;
      t &= 1;
      msg[i] |= t << j;
    36b4:	f3c3 7300 	ubfx	r3, r3, #28, #1
    36b8:	7013      	strb	r3, [r2, #0]
      t  = a->coeffs[8*i+j];
    36ba:	f931 ec0e 	ldrsh.w	lr, [r1, #-14]
      t <<= 1;
    36be:	ea4f 0e4e 	mov.w	lr, lr, lsl #1
      t += 1665;
    36c2:	f20e 6e81 	addw	lr, lr, #1665	@ 0x681
      t *= 80635;
    36c6:	ebce 148e 	rsb	r4, lr, lr, lsl #6
    36ca:	ebce 2e04 	rsb	lr, lr, r4, lsl #8
    36ce:	eb0e 0e8e 	add.w	lr, lr, lr, lsl #2
      msg[i] |= t << j;
    36d2:	ea4f 6ede 	mov.w	lr, lr, lsr #27
    36d6:	f00e 0e02 	and.w	lr, lr, #2
    36da:	ea43 030e 	orr.w	r3, r3, lr
    36de:	7013      	strb	r3, [r2, #0]
      t  = a->coeffs[8*i+j];
    36e0:	f931 ec0c 	ldrsh.w	lr, [r1, #-12]
      t <<= 1;
    36e4:	ea4f 0e4e 	mov.w	lr, lr, lsl #1
      t += 1665;
    36e8:	f20e 6e81 	addw	lr, lr, #1665	@ 0x681
      t *= 80635;
    36ec:	ebce 148e 	rsb	r4, lr, lr, lsl #6
    36f0:	ebce 2e04 	rsb	lr, lr, r4, lsl #8
    36f4:	eb0e 0e8e 	add.w	lr, lr, lr, lsl #2
      msg[i] |= t << j;
    36f8:	ea4f 6e9e 	mov.w	lr, lr, lsr #26
    36fc:	f00e 0e04 	and.w	lr, lr, #4
    3700:	ea43 030e 	orr.w	r3, r3, lr
    3704:	7013      	strb	r3, [r2, #0]
      t  = a->coeffs[8*i+j];
    3706:	f931 ec0a 	ldrsh.w	lr, [r1, #-10]
      t <<= 1;
    370a:	ea4f 0e4e 	mov.w	lr, lr, lsl #1
      t += 1665;
    370e:	f20e 6e81 	addw	lr, lr, #1665	@ 0x681
      t *= 80635;
    3712:	ebce 148e 	rsb	r4, lr, lr, lsl #6
    3716:	ebce 2e04 	rsb	lr, lr, r4, lsl #8
    371a:	eb0e 0e8e 	add.w	lr, lr, lr, lsl #2
      msg[i] |= t << j;
    371e:	ea4f 6e5e 	mov.w	lr, lr, lsr #25
    3722:	f00e 0e08 	and.w	lr, lr, #8
    3726:	ea43 030e 	orr.w	r3, r3, lr
    372a:	7013      	strb	r3, [r2, #0]
      t  = a->coeffs[8*i+j];
    372c:	f931 ec08 	ldrsh.w	lr, [r1, #-8]
      t <<= 1;
    3730:	ea4f 0e4e 	mov.w	lr, lr, lsl #1
      t += 1665;
    3734:	f20e 6e81 	addw	lr, lr, #1665	@ 0x681
      t *= 80635;
    3738:	ebce 148e 	rsb	r4, lr, lr, lsl #6
    373c:	ebce 2e04 	rsb	lr, lr, r4, lsl #8
    3740:	eb0e 0e8e 	add.w	lr, lr, lr, lsl #2
      msg[i] |= t << j;
    3744:	ea4f 6e1e 	mov.w	lr, lr, lsr #24
    3748:	f00e 0e10 	and.w	lr, lr, #16
    374c:	ea43 030e 	orr.w	r3, r3, lr
    3750:	7013      	strb	r3, [r2, #0]
      t  = a->coeffs[8*i+j];
    3752:	f931 ec06 	ldrsh.w	lr, [r1, #-6]
  for(i=0;i<KYBER_N/8;i++) {
    3756:	4288      	cmp	r0, r1
      t <<= 1;
    3758:	ea4f 0e4e 	mov.w	lr, lr, lsl #1
      t += 1665;
    375c:	f20e 6e81 	addw	lr, lr, #1665	@ 0x681
      t *= 80635;
    3760:	ebce 148e 	rsb	r4, lr, lr, lsl #6
    3764:	ebce 2e04 	rsb	lr, lr, r4, lsl #8
    3768:	eb0e 0e8e 	add.w	lr, lr, lr, lsl #2
      msg[i] |= t << j;
    376c:	ea4f 5ede 	mov.w	lr, lr, lsr #23
    3770:	f00e 0e20 	and.w	lr, lr, #32
    3774:	ea43 030e 	orr.w	r3, r3, lr
    3778:	7013      	strb	r3, [r2, #0]
      t  = a->coeffs[8*i+j];
    377a:	f931 ec04 	ldrsh.w	lr, [r1, #-4]
      t <<= 1;
    377e:	ea4f 0e4e 	mov.w	lr, lr, lsl #1
      t += 1665;
    3782:	f20e 6e81 	addw	lr, lr, #1665	@ 0x681
      t *= 80635;
    3786:	ebce 148e 	rsb	r4, lr, lr, lsl #6
    378a:	ebce 2e04 	rsb	lr, lr, r4, lsl #8
    378e:	eb0e 0e8e 	add.w	lr, lr, lr, lsl #2
      msg[i] |= t << j;
    3792:	ea4f 5e9e 	mov.w	lr, lr, lsr #22
    3796:	f00e 0e40 	and.w	lr, lr, #64	@ 0x40
    379a:	ea43 030e 	orr.w	r3, r3, lr
    379e:	7013      	strb	r3, [r2, #0]
      t  = a->coeffs[8*i+j];
    37a0:	f931 ec02 	ldrsh.w	lr, [r1, #-2]
      t <<= 1;
    37a4:	ea4f 0e4e 	mov.w	lr, lr, lsl #1
      t += 1665;
    37a8:	f20e 6e81 	addw	lr, lr, #1665	@ 0x681
      t *= 80635;
    37ac:	ebce 148e 	rsb	r4, lr, lr, lsl #6
    37b0:	ebce 2e04 	rsb	lr, lr, r4, lsl #8
    37b4:	eb0e 0e8e 	add.w	lr, lr, lr, lsl #2
      t >>= 28;
    37b8:	ea4f 7e1e 	mov.w	lr, lr, lsr #28
      msg[i] |= t << j;
    37bc:	ea43 13ce 	orr.w	r3, r3, lr, lsl #7
    37c0:	7013      	strb	r3, [r2, #0]
  for(i=0;i<KYBER_N/8;i++) {
    37c2:	f47f af69 	bne.w	3698 <pqcrystals_kyber512_ref_poly_tomsg+0xc>
    }
  }
}
    37c6:	bd10      	pop	{r4, pc}

000037c8 <pqcrystals_kyber512_ref_poly_getnoise_eta1>:
*              - const uint8_t *seed: pointer to input seed
*                                     (of length KYBER_SYMBYTES bytes)
*              - uint8_t nonce: one-byte input nonce
**************************************************/
void poly_getnoise_eta1(poly *r, const uint8_t seed[KYBER_SYMBYTES], uint8_t nonce)
{
    37c8:	468c      	mov	ip, r1
    37ca:	b510      	push	{r4, lr}
    37cc:	4604      	mov	r4, r0
    37ce:	b0b0      	sub	sp, #192	@ 0xc0
    37d0:	4613      	mov	r3, r2
  uint8_t buf[KYBER_ETA1*KYBER_N/4];
  prf(buf, sizeof(buf), seed, nonce);
    37d2:	4668      	mov	r0, sp
    37d4:	4662      	mov	r2, ip
    37d6:	21c0      	movs	r1, #192	@ 0xc0
    37d8:	f000 fb20 	bl	3e1c <pqcrystals_kyber512_ref_kyber_shake256_prf>
  poly_cbd_eta1(r, buf);
    37dc:	4669      	mov	r1, sp
    37de:	4620      	mov	r0, r4
    37e0:	f7fd fb66 	bl	eb0 <pqcrystals_kyber512_ref_poly_cbd_eta1>
}
    37e4:	b030      	add	sp, #192	@ 0xc0
    37e6:	bd10      	pop	{r4, pc}

000037e8 <pqcrystals_kyber512_ref_poly_getnoise_eta2>:
*              - const uint8_t *seed: pointer to input seed
*                                     (of length KYBER_SYMBYTES bytes)
*              - uint8_t nonce: one-byte input nonce
**************************************************/
void poly_getnoise_eta2(poly *r, const uint8_t seed[KYBER_SYMBYTES], uint8_t nonce)
{
    37e8:	468c      	mov	ip, r1
    37ea:	b510      	push	{r4, lr}
    37ec:	4604      	mov	r4, r0
    37ee:	b0a0      	sub	sp, #128	@ 0x80
    37f0:	4613      	mov	r3, r2
  uint8_t buf[KYBER_ETA2*KYBER_N/4];
  prf(buf, sizeof(buf), seed, nonce);
    37f2:	4668      	mov	r0, sp
    37f4:	4662      	mov	r2, ip
    37f6:	2180      	movs	r1, #128	@ 0x80
    37f8:	f000 fb10 	bl	3e1c <pqcrystals_kyber512_ref_kyber_shake256_prf>
  poly_cbd_eta2(r, buf);
    37fc:	4669      	mov	r1, sp
    37fe:	4620      	mov	r0, r4
    3800:	f7fd fbac 	bl	f5c <pqcrystals_kyber512_ref_poly_cbd_eta2>
}
    3804:	b020      	add	sp, #128	@ 0x80
    3806:	bd10      	pop	{r4, pc}

00003808 <pqcrystals_kyber512_ref_poly_ntt>:
*              inputs assumed to be in normal order, output in bitreversed order
*
* Arguments:   - uint16_t *r: pointer to in/output polynomial
**************************************************/
void poly_ntt(poly *r)
{
    3808:	b538      	push	{r3, r4, r5, lr}
    380a:	4605      	mov	r5, r0
  ntt(r->coeffs);
    380c:	f7ff fc98 	bl	3140 <pqcrystals_kyber512_ref_ntt>
* Arguments:   - poly *r: pointer to input/output polynomial
**************************************************/
void poly_reduce(poly *r)
{
  unsigned int i;
  for(i=0;i<KYBER_N;i++)
    3810:	1eac      	subs	r4, r5, #2
    3812:	f505 75ff 	add.w	r5, r5, #510	@ 0x1fe
    r->coeffs[i] = barrett_reduce(r->coeffs[i]);
    3816:	f934 0f02 	ldrsh.w	r0, [r4, #2]!
    381a:	f000 fa25 	bl	3c68 <pqcrystals_kyber512_ref_barrett_reduce>
  for(i=0;i<KYBER_N;i++)
    381e:	42ac      	cmp	r4, r5
    r->coeffs[i] = barrett_reduce(r->coeffs[i]);
    3820:	8020      	strh	r0, [r4, #0]
  for(i=0;i<KYBER_N;i++)
    3822:	d1f8      	bne.n	3816 <pqcrystals_kyber512_ref_poly_ntt+0xe>
}
    3824:	bd38      	pop	{r3, r4, r5, pc}
    3826:	bf00      	nop

00003828 <pqcrystals_kyber512_ref_poly_invntt_tomont>:
  invntt(r->coeffs);
    3828:	f7ff bd0a 	b.w	3240 <pqcrystals_kyber512_ref_invntt>

0000382c <pqcrystals_kyber512_ref_poly_basemul_montgomery>:
{
    382c:	e92d 43f8 	stmdb	sp!, {r3, r4, r5, r6, r7, r8, r9, lr}
    3830:	4607      	mov	r7, r0
    3832:	460e      	mov	r6, r1
    3834:	4615      	mov	r5, r2
    3836:	f8df 8038 	ldr.w	r8, [pc, #56]	@ 3870 <pqcrystals_kyber512_ref_poly_basemul_montgomery+0x44>
    383a:	f108 0980 	add.w	r9, r8, #128	@ 0x80
    basemul(&r->coeffs[4*i], &a->coeffs[4*i], &b->coeffs[4*i], zetas[64+i]);
    383e:	f938 4f02 	ldrsh.w	r4, [r8, #2]!
    3842:	462a      	mov	r2, r5
    3844:	4631      	mov	r1, r6
    3846:	4638      	mov	r0, r7
    3848:	4623      	mov	r3, r4
    384a:	f7ff fd93 	bl	3374 <pqcrystals_kyber512_ref_basemul>
    basemul(&r->coeffs[4*i+2], &a->coeffs[4*i+2], &b->coeffs[4*i+2], -zetas[64+i]);
    384e:	4263      	negs	r3, r4
    3850:	1d2a      	adds	r2, r5, #4
    3852:	1d31      	adds	r1, r6, #4
    3854:	1d38      	adds	r0, r7, #4
    3856:	b21b      	sxth	r3, r3
    3858:	f7ff fd8c 	bl	3374 <pqcrystals_kyber512_ref_basemul>
  for(i=0;i<KYBER_N/4;i++) {
    385c:	45c8      	cmp	r8, r9
    385e:	f107 0708 	add.w	r7, r7, #8
    3862:	f106 0608 	add.w	r6, r6, #8
    3866:	f105 0508 	add.w	r5, r5, #8
    386a:	d1e8      	bne.n	383e <pqcrystals_kyber512_ref_poly_basemul_montgomery+0x12>
}
    386c:	e8bd 83f8 	ldmia.w	sp!, {r3, r4, r5, r6, r7, r8, r9, pc}
    3870:	00000606 	.word	0x00000606

00003874 <pqcrystals_kyber512_ref_poly_tomont>:
{
    3874:	b538      	push	{r3, r4, r5, lr}
    3876:	1e84      	subs	r4, r0, #2
    3878:	f500 75ff 	add.w	r5, r0, #510	@ 0x1fe
    r->coeffs[i] = montgomery_reduce((int32_t)r->coeffs[i]*f);
    387c:	f934 0f02 	ldrsh.w	r0, [r4, #2]!
    3880:	eb00 0380 	add.w	r3, r0, r0, lsl #2
    3884:	eb00 00c3 	add.w	r0, r0, r3, lsl #3
    3888:	eb00 1040 	add.w	r0, r0, r0, lsl #5
    388c:	f000 f9de 	bl	3c4c <pqcrystals_kyber512_ref_montgomery_reduce>
  for(i=0;i<KYBER_N;i++)
    3890:	42ac      	cmp	r4, r5
    r->coeffs[i] = montgomery_reduce((int32_t)r->coeffs[i]*f);
    3892:	8020      	strh	r0, [r4, #0]
  for(i=0;i<KYBER_N;i++)
    3894:	d1f2      	bne.n	387c <pqcrystals_kyber512_ref_poly_tomont+0x8>
}
    3896:	bd38      	pop	{r3, r4, r5, pc}

00003898 <pqcrystals_kyber512_ref_poly_reduce>:
{
    3898:	b538      	push	{r3, r4, r5, lr}
    389a:	1e84      	subs	r4, r0, #2
    389c:	f500 75ff 	add.w	r5, r0, #510	@ 0x1fe
    r->coeffs[i] = barrett_reduce(r->coeffs[i]);
    38a0:	f934 0f02 	ldrsh.w	r0, [r4, #2]!
    38a4:	f000 f9e0 	bl	3c68 <pqcrystals_kyber512_ref_barrett_reduce>
  for(i=0;i<KYBER_N;i++)
    38a8:	42ac      	cmp	r4, r5
    r->coeffs[i] = barrett_reduce(r->coeffs[i]);
    38aa:	8020      	strh	r0, [r4, #0]
  for(i=0;i<KYBER_N;i++)
    38ac:	d1f8      	bne.n	38a0 <pqcrystals_kyber512_ref_poly_reduce+0x8>
}
    38ae:	bd38      	pop	{r3, r4, r5, pc}

000038b0 <pqcrystals_kyber512_ref_poly_add>:
* Arguments: - poly *r: pointer to output polynomial
*            - const poly *a: pointer to first input polynomial
*            - const poly *b: pointer to second input polynomial
**************************************************/
void poly_add(poly *r, const poly *a, const poly *b)
{
    38b0:	b510      	push	{r4, lr}
  n_poly_add++;
    38b2:	4c11      	ldr	r4, [pc, #68]	@ (38f8 <pqcrystals_kyber512_ref_poly_add+0x48>)
    38b4:	f1a0 0c02 	sub.w	ip, r0, #2
    38b8:	6823      	ldr	r3, [r4, #0]
    38ba:	1e90      	subs	r0, r2, #2
    38bc:	3301      	adds	r3, #1
    38be:	6023      	str	r3, [r4, #0]
    38c0:	4b0e      	ldr	r3, [pc, #56]	@ (38fc <pqcrystals_kyber512_ref_poly_add+0x4c>)
    38c2:	1e8a      	subs	r2, r1, #2
    38c4:	685c      	ldr	r4, [r3, #4]
  uint32_t cnt1 = cpucycles();
  unsigned int i;
  for(i=0;i<KYBER_N;i++)
    38c6:	f501 7eff 	add.w	lr, r1, #510	@ 0x1fe
    r->coeffs[i] = a->coeffs[i] + b->coeffs[i];
    38ca:	f832 3f02 	ldrh.w	r3, [r2, #2]!
    38ce:	f830 1f02 	ldrh.w	r1, [r0, #2]!
  for(i=0;i<KYBER_N;i++)
    38d2:	4572      	cmp	r2, lr
    r->coeffs[i] = a->coeffs[i] + b->coeffs[i];
    38d4:	440b      	add	r3, r1
    38d6:	f82c 3f02 	strh.w	r3, [ip, #2]!
  for(i=0;i<KYBER_N;i++)
    38da:	d1f6      	bne.n	38ca <pqcrystals_kyber512_ref_poly_add+0x1a>
  uint32_t cnt2 = cpucycles();
  if (poly_add_cyc != 0){
    38dc:	4908      	ldr	r1, [pc, #32]	@ (3900 <pqcrystals_kyber512_ref_poly_add+0x50>)
    38de:	4a07      	ldr	r2, [pc, #28]	@ (38fc <pqcrystals_kyber512_ref_poly_add+0x4c>)
    38e0:	680b      	ldr	r3, [r1, #0]
    38e2:	6852      	ldr	r2, [r2, #4]
    38e4:	b123      	cbz	r3, 38f0 <pqcrystals_kyber512_ref_poly_add+0x40>
    poly_add_cyc = (poly_add_cyc + cnt2-cnt1) / 2;
    38e6:	1b1b      	subs	r3, r3, r4
    38e8:	4413      	add	r3, r2
    38ea:	085b      	lsrs	r3, r3, #1
    38ec:	600b      	str	r3, [r1, #0]
  } else {
    poly_add_cyc = cnt2-cnt1;
  }
}
    38ee:	bd10      	pop	{r4, pc}
    poly_add_cyc = cnt2-cnt1;
    38f0:	1b13      	subs	r3, r2, r4
    38f2:	600b      	str	r3, [r1, #0]
}
    38f4:	bd10      	pop	{r4, pc}
    38f6:	bf00      	nop
    38f8:	20000164 	.word	0x20000164
    38fc:	e0001000 	.word	0xe0001000
    3900:	20000150 	.word	0x20000150

00003904 <pqcrystals_kyber512_ref_poly_sub>:
* Arguments: - poly *r:       pointer to output polynomial
*            - const poly *a: pointer to first input polynomial
*            - const poly *b: pointer to second input polynomial
**************************************************/
void poly_sub(poly *r, const poly *a, const poly *b)
{
    3904:	b510      	push	{r4, lr}
  n_poly_sub++;
    3906:	4c11      	ldr	r4, [pc, #68]	@ (394c <pqcrystals_kyber512_ref_poly_sub+0x48>)
    3908:	f1a0 0c02 	sub.w	ip, r0, #2
    390c:	6823      	ldr	r3, [r4, #0]
    390e:	1e90      	subs	r0, r2, #2
    3910:	3301      	adds	r3, #1
    3912:	6023      	str	r3, [r4, #0]
    3914:	4b0e      	ldr	r3, [pc, #56]	@ (3950 <pqcrystals_kyber512_ref_poly_sub+0x4c>)
    3916:	1e8a      	subs	r2, r1, #2
    3918:	685c      	ldr	r4, [r3, #4]
  uint32_t cnt1 = cpucycles();
  unsigned int i;
  for(i=0;i<KYBER_N;i++)
    391a:	f501 7eff 	add.w	lr, r1, #510	@ 0x1fe
    r->coeffs[i] = a->coeffs[i] - b->coeffs[i];
    391e:	f832 3f02 	ldrh.w	r3, [r2, #2]!
    3922:	f830 1f02 	ldrh.w	r1, [r0, #2]!
  for(i=0;i<KYBER_N;i++)
    3926:	4572      	cmp	r2, lr
    r->coeffs[i] = a->coeffs[i] - b->coeffs[i];
    3928:	eba3 0301 	sub.w	r3, r3, r1
    392c:	f82c 3f02 	strh.w	r3, [ip, #2]!
  for(i=0;i<KYBER_N;i++)
    3930:	d1f5      	bne.n	391e <pqcrystals_kyber512_ref_poly_sub+0x1a>
  uint32_t cnt2 = cpucycles(); 
  if (poly_sub_cyc != 0){
    3932:	4908      	ldr	r1, [pc, #32]	@ (3954 <pqcrystals_kyber512_ref_poly_sub+0x50>)
    3934:	4a06      	ldr	r2, [pc, #24]	@ (3950 <pqcrystals_kyber512_ref_poly_sub+0x4c>)
    3936:	680b      	ldr	r3, [r1, #0]
    3938:	6852      	ldr	r2, [r2, #4]
    393a:	b123      	cbz	r3, 3946 <pqcrystals_kyber512_ref_poly_sub+0x42>
    poly_sub_cyc = (poly_sub_cyc + cnt2-cnt1) / 2;
    393c:	1b1b      	subs	r3, r3, r4
    393e:	4413      	add	r3, r2
    3940:	085b      	lsrs	r3, r3, #1
    3942:	600b      	str	r3, [r1, #0]
  } else {
    poly_sub_cyc = cnt2-cnt1;
  }
}
    3944:	bd10      	pop	{r4, pc}
    poly_sub_cyc = cnt2-cnt1;
    3946:	1b13      	subs	r3, r2, r4
    3948:	600b      	str	r3, [r1, #0]
}
    394a:	bd10      	pop	{r4, pc}
    394c:	20000160 	.word	0x20000160
    3950:	e0001000 	.word	0xe0001000
    3954:	20000154 	.word	0x20000154

00003958 <pqcrystals_kyber512_ref_polyvec_compress>:
* Arguments:   - uint8_t *r: pointer to output byte array
*                            (needs space for KYBER_POLYVECCOMPRESSEDBYTES)
*              - const polyvec *a: pointer to input vector of polynomials
**************************************************/
void polyvec_compress(uint8_t r[KYBER_POLYVECCOMPRESSEDBYTES], const polyvec *a)
{
    3958:	e92d 4ff0 	stmdb	sp!, {r4, r5, r6, r7, r8, r9, sl, fp, lr}
    395c:	460f      	mov	r7, r1
  uint16_t t[4];
  for(i=0;i<KYBER_K;i++) {
    for(j=0;j<KYBER_N/4;j++) {
      for(k=0;k<4;k++) {
        t[k]  = a->vec[i].coeffs[4*j+k];
        t[k] += ((int16_t)t[k] >> 15) & KYBER_Q;
    395e:	f640 5501 	movw	r5, #3329	@ 0xd01
/*      t[k]  = ((((uint32_t)t[k] << 10) + KYBER_Q/2)/ KYBER_Q) & 0x3ff; */
        d0 = t[k];
        d0 <<= 10;
        d0 += 1665;
    3962:	f240 6c81 	movw	ip, #1665	@ 0x681
    3966:	46be      	mov	lr, r7
  n_polyvec_compress++;
    3968:	4a4c      	ldr	r2, [pc, #304]	@ (3a9c <pqcrystals_kyber512_ref_polyvec_compress+0x144>)
    396a:	4c4d      	ldr	r4, [pc, #308]	@ (3aa0 <pqcrystals_kyber512_ref_polyvec_compress+0x148>)
    396c:	6813      	ldr	r3, [r2, #0]
    396e:	6866      	ldr	r6, [r4, #4]
    3970:	3301      	adds	r3, #1
{
    3972:	b085      	sub	sp, #20
  n_polyvec_compress++;
    3974:	6013      	str	r3, [r2, #0]
  for(i=0;i<KYBER_K;i++) {
    3976:	f500 71a0 	add.w	r1, r0, #320	@ 0x140
    397a:	f500 7870 	add.w	r8, r0, #960	@ 0x3c0
        d0 *= 1290167;
    397e:	4a49      	ldr	r2, [pc, #292]	@ (3aa4 <pqcrystals_kyber512_ref_polyvec_compress+0x14c>)
  for(i=0;i<KYBER_K;i++) {
    3980:	9100      	str	r1, [sp, #0]
    3982:	9603      	str	r6, [sp, #12]
    3984:	f8cd 8008 	str.w	r8, [sp, #8]
{
    3988:	4670      	mov	r0, lr
    398a:	9b00      	ldr	r3, [sp, #0]
    398c:	f8cd e004 	str.w	lr, [sp, #4]
    3990:	f5a3 76a0 	sub.w	r6, r3, #320	@ 0x140
        d0 <<= 10;
    3994:	2300      	movs	r3, #0
    3996:	469a      	mov	sl, r3
    3998:	469e      	mov	lr, r3
        t[k]  = a->vec[i].coeffs[4*j+k];
    399a:	f9b0 4000 	ldrsh.w	r4, [r0]
        d0 <<= 10;
    399e:	461f      	mov	r7, r3
        t[k] += ((int16_t)t[k] >> 15) & KYBER_Q;
    39a0:	ea05 71e4 	and.w	r1, r5, r4, asr #31
    39a4:	4421      	add	r1, r4
        d0 = t[k];
    39a6:	b289      	uxth	r1, r1
        d0 <<= 10;
    39a8:	0289      	lsls	r1, r1, #10
        d0 += 1665;
    39aa:	eb11 010c 	adds.w	r1, r1, ip
        d0 *= 1290167;
    39ae:	fba1 4102 	umull	r4, r1, r1, r2
        d0 >>= 32;
        t[k] = d0 & 0x3ff;
      }

      r[0] = (t[0] >> 0);
    39b2:	4654      	mov	r4, sl
        t[k]  = a->vec[i].coeffs[4*j+k];
    39b4:	f9b0 b002 	ldrsh.w	fp, [r0, #2]
        d0 += 1665;
    39b8:	f143 0300 	adc.w	r3, r3, #0
        d0 *= 1290167;
    39bc:	fb02 1103 	mla	r1, r2, r3, r1
        t[k] += ((int16_t)t[k] >> 15) & KYBER_Q;
    39c0:	ea05 73eb 	and.w	r3, r5, fp, asr #31
    39c4:	445b      	add	r3, fp
        d0 = t[k];
    39c6:	b29b      	uxth	r3, r3
        t[k]  = a->vec[i].coeffs[4*j+k];
    39c8:	f9b0 9004 	ldrsh.w	r9, [r0, #4]
        d0 <<= 10;
    39cc:	029b      	lsls	r3, r3, #10
        d0 += 1665;
    39ce:	eb13 030c 	adds.w	r3, r3, ip
        d0 *= 1290167;
    39d2:	fba3 3b02 	umull	r3, fp, r3, r2
        t[k] += ((int16_t)t[k] >> 15) & KYBER_Q;
    39d6:	ea05 73e9 	and.w	r3, r5, r9, asr #31
    39da:	444b      	add	r3, r9
        d0 = t[k];
    39dc:	b29b      	uxth	r3, r3
        t[k]  = a->vec[i].coeffs[4*j+k];
    39de:	f9b0 8006 	ldrsh.w	r8, [r0, #6]
        d0 <<= 10;
    39e2:	ea4f 2383 	mov.w	r3, r3, lsl #10
        d0 += 1665;
    39e6:	f14a 0a00 	adc.w	sl, sl, #0
    39ea:	eb13 030c 	adds.w	r3, r3, ip
        d0 *= 1290167;
    39ee:	fba3 3902 	umull	r3, r9, r3, r2
        t[k] += ((int16_t)t[k] >> 15) & KYBER_Q;
    39f2:	ea05 73e8 	and.w	r3, r5, r8, asr #31
    39f6:	4443      	add	r3, r8
        d0 = t[k];
    39f8:	b29b      	uxth	r3, r3
        d0 <<= 10;
    39fa:	ea4f 2383 	mov.w	r3, r3, lsl #10
        d0 += 1665;
    39fe:	f14e 0e00 	adc.w	lr, lr, #0
    3a02:	eb13 030c 	adds.w	r3, r3, ip
        d0 *= 1290167;
    3a06:	fb02 990e 	mla	r9, r2, lr, r9
    3a0a:	fba3 e302 	umull	lr, r3, r3, r2
    3a0e:	fb02 bb0a 	mla	fp, r2, sl, fp
        d0 += 1665;
    3a12:	f147 0700 	adc.w	r7, r7, #0
        d0 *= 1290167;
    3a16:	fb02 3307 	mla	r3, r2, r7, r3
        t[k] = d0 & 0x3ff;
    3a1a:	f3cb 0b09 	ubfx	fp, fp, #0, #10
    3a1e:	f3c1 0109 	ubfx	r1, r1, #0, #10
    3a22:	f3c9 0909 	ubfx	r9, r9, #0, #10
      r[1] = (t[0] >> 8) | (t[1] << 2);
    3a26:	ea4f 078b 	mov.w	r7, fp, lsl #2
      r[0] = (t[0] >> 0);
    3a2a:	f361 0407 	bfi	r4, r1, #0, #8
      r[1] = (t[0] >> 8) | (t[1] << 2);
    3a2e:	ea47 2711 	orr.w	r7, r7, r1, lsr #8
      r[2] = (t[1] >> 6) | (t[2] << 4);
    3a32:	ea4f 1109 	mov.w	r1, r9, lsl #4
        t[k] = d0 & 0x3ff;
    3a36:	f3c3 0309 	ubfx	r3, r3, #0, #10
      r[2] = (t[1] >> 6) | (t[2] << 4);
    3a3a:	ea41 119b 	orr.w	r1, r1, fp, lsr #6
      r[0] = (t[0] >> 0);
    3a3e:	f367 240f 	bfi	r4, r7, #8, #8
    3a42:	f361 4417 	bfi	r4, r1, #16, #8
      r[3] = (t[2] >> 4) | (t[3] << 6);
    3a46:	0199      	lsls	r1, r3, #6
    3a48:	ea41 1119 	orr.w	r1, r1, r9, lsr #4
      r[4] = (t[3] >> 2);
    3a4c:	089b      	lsrs	r3, r3, #2
    3a4e:	7133      	strb	r3, [r6, #4]
      r[0] = (t[0] >> 0);
    3a50:	f361 641f 	bfi	r4, r1, #24, #8
    for(j=0;j<KYBER_N/4;j++) {
    3a54:	9b00      	ldr	r3, [sp, #0]
      r[0] = (t[0] >> 0);
    3a56:	6034      	str	r4, [r6, #0]
      r += 5;
    3a58:	3605      	adds	r6, #5
    for(j=0;j<KYBER_N/4;j++) {
    3a5a:	429e      	cmp	r6, r3
    3a5c:	f100 0008 	add.w	r0, r0, #8
    3a60:	d198      	bne.n	3994 <pqcrystals_kyber512_ref_polyvec_compress+0x3c>
  for(i=0;i<KYBER_K;i++) {
    3a62:	9902      	ldr	r1, [sp, #8]
    3a64:	f506 73a0 	add.w	r3, r6, #320	@ 0x140
    3a68:	f8dd e004 	ldr.w	lr, [sp, #4]
    3a6c:	428b      	cmp	r3, r1
    3a6e:	9300      	str	r3, [sp, #0]
    3a70:	f50e 7e00 	add.w	lr, lr, #512	@ 0x200
    3a74:	d188      	bne.n	3988 <pqcrystals_kyber512_ref_polyvec_compress+0x30>
  }
#else
#error "KYBER_POLYVECCOMPRESSEDBYTES needs to be in {320*KYBER_K, 352*KYBER_K}"
#endif
  uint32_t cnt2 = cpucycles();
  if (polyvec_compress_cyc != 0){
    3a76:	490c      	ldr	r1, [pc, #48]	@ (3aa8 <pqcrystals_kyber512_ref_polyvec_compress+0x150>)
    3a78:	4a09      	ldr	r2, [pc, #36]	@ (3aa0 <pqcrystals_kyber512_ref_polyvec_compress+0x148>)
    3a7a:	680b      	ldr	r3, [r1, #0]
    3a7c:	9e03      	ldr	r6, [sp, #12]
    3a7e:	6852      	ldr	r2, [r2, #4]
    3a80:	b133      	cbz	r3, 3a90 <pqcrystals_kyber512_ref_polyvec_compress+0x138>
    polyvec_compress_cyc = (polyvec_compress_cyc + cnt2-cnt1) / 2;
    3a82:	1b9b      	subs	r3, r3, r6
    3a84:	4413      	add	r3, r2
    3a86:	085b      	lsrs	r3, r3, #1
    3a88:	600b      	str	r3, [r1, #0]
  } else {
    polyvec_compress_cyc = cnt2-cnt1;
  } 
}
    3a8a:	b005      	add	sp, #20
    3a8c:	e8bd 8ff0 	ldmia.w	sp!, {r4, r5, r6, r7, r8, r9, sl, fp, pc}
    polyvec_compress_cyc = cnt2-cnt1;
    3a90:	1b93      	subs	r3, r2, r6
    3a92:	600b      	str	r3, [r1, #0]
}
    3a94:	b005      	add	sp, #20
    3a96:	e8bd 8ff0 	ldmia.w	sp!, {r4, r5, r6, r7, r8, r9, sl, fp, pc}
    3a9a:	bf00      	nop
    3a9c:	2000012c 	.word	0x2000012c
    3aa0:	e0001000 	.word	0xe0001000
    3aa4:	0013afb7 	.word	0x0013afb7
    3aa8:	20000124 	.word	0x20000124

00003aac <pqcrystals_kyber512_ref_polyvec_decompress>:
* Arguments:   - polyvec *r:       pointer to output vector of polynomials
*              - const uint8_t *a: pointer to input byte array
*                                  (of length KYBER_POLYVECCOMPRESSEDBYTES)
**************************************************/
void polyvec_decompress(polyvec *r, const uint8_t a[KYBER_POLYVECCOMPRESSEDBYTES])
{
    3aac:	e92d 4ff0 	stmdb	sp!, {r4, r5, r6, r7, r8, r9, sl, fp, lr}
    3ab0:	4c31      	ldr	r4, [pc, #196]	@ (3b78 <pqcrystals_kyber512_ref_polyvec_decompress+0xcc>)
      t[2] = (a[2] >> 4) | ((uint16_t)a[3] << 4);
      t[3] = (a[3] >> 6) | ((uint16_t)a[4] << 2);
      a += 5;

      for(k=0;k<4;k++)
        r->vec[i].coeffs[4*j+k] = ((uint32_t)(t[k] & 0x3FF)*KYBER_Q + 512) >> 10;
    3ab2:	f44f 7500 	mov.w	r5, #512	@ 0x200
    3ab6:	f8d4 9004 	ldr.w	r9, [r4, #4]
    3aba:	4607      	mov	r7, r0
    3abc:	f640 5401 	movw	r4, #3329	@ 0xd01
  n_polyvec_decompress++;
    3ac0:	4a2e      	ldr	r2, [pc, #184]	@ (3b7c <pqcrystals_kyber512_ref_polyvec_decompress+0xd0>)
    3ac2:	f501 76a0 	add.w	r6, r1, #320	@ 0x140
    3ac6:	6813      	ldr	r3, [r2, #0]
    3ac8:	f501 7870 	add.w	r8, r1, #960	@ 0x3c0
    3acc:	3301      	adds	r3, #1
    3ace:	6013      	str	r3, [r2, #0]
{
    3ad0:	46be      	mov	lr, r7
    3ad2:	f5a6 70a0 	sub.w	r0, r6, #320	@ 0x140
        r->vec[i].coeffs[4*j+k] = ((uint32_t)(t[k] & 0x3FF)*KYBER_Q + 512) >> 10;
    3ad6:	f04f 0c00 	mov.w	ip, #0
      t[2] = (a[2] >> 4) | ((uint16_t)a[3] << 4);
    3ada:	78c2      	ldrb	r2, [r0, #3]
      t[1] = (a[1] >> 2) | ((uint16_t)a[2] << 6);
    3adc:	7883      	ldrb	r3, [r0, #2]
    3ade:	f890 b001 	ldrb.w	fp, [r0, #1]
      t[2] = (a[2] >> 4) | ((uint16_t)a[3] << 4);
    3ae2:	ea4f 1a02 	mov.w	sl, r2, lsl #4
    3ae6:	ea4a 1a13 	orr.w	sl, sl, r3, lsr #4
      t[1] = (a[1] >> 2) | ((uint16_t)a[2] << 6);
    3aea:	019b      	lsls	r3, r3, #6
    3aec:	ea43 039b 	orr.w	r3, r3, fp, lsr #2
      t[3] = (a[3] >> 6) | ((uint16_t)a[4] << 2);
    3af0:	f890 b004 	ldrb.w	fp, [r0, #4]
    3af4:	0992      	lsrs	r2, r2, #6
    3af6:	ea42 028b 	orr.w	r2, r2, fp, lsl #2
        r->vec[i].coeffs[4*j+k] = ((uint32_t)(t[k] & 0x3FF)*KYBER_Q + 512) >> 10;
    3afa:	46e3      	mov	fp, ip
    3afc:	8801      	ldrh	r1, [r0, #0]
    3afe:	f3ca 0a09 	ubfx	sl, sl, #0, #10
    3b02:	f3c1 0109 	ubfx	r1, r1, #0, #10
    3b06:	fb04 f101 	mul.w	r1, r4, r1
    3b0a:	f3c3 0309 	ubfx	r3, r3, #0, #10
    3b0e:	fb1a 5a04 	smlabb	sl, sl, r4, r5
    3b12:	fb13 5304 	smlabb	r3, r3, r4, r5
    3b16:	fb12 5204 	smlabb	r2, r2, r4, r5
    3b1a:	f501 7100 	add.w	r1, r1, #512	@ 0x200
    3b1e:	0a89      	lsrs	r1, r1, #10
    3b20:	ea4f 2a9a 	mov.w	sl, sl, lsr #10
    3b24:	0a9b      	lsrs	r3, r3, #10
    3b26:	f361 0c0f 	bfi	ip, r1, #0, #16
      a += 5;
    3b2a:	3005      	adds	r0, #5
        r->vec[i].coeffs[4*j+k] = ((uint32_t)(t[k] & 0x3FF)*KYBER_Q + 512) >> 10;
    3b2c:	0a92      	lsrs	r2, r2, #10
    3b2e:	f363 4c1f 	bfi	ip, r3, #16, #16
    3b32:	f36a 0b0f 	bfi	fp, sl, #0, #16
    3b36:	f8ce c000 	str.w	ip, [lr]
    3b3a:	f362 4b1f 	bfi	fp, r2, #16, #16
    for(j=0;j<KYBER_N/4;j++) {
    3b3e:	42b0      	cmp	r0, r6
    3b40:	f10e 0e08 	add.w	lr, lr, #8
        r->vec[i].coeffs[4*j+k] = ((uint32_t)(t[k] & 0x3FF)*KYBER_Q + 512) >> 10;
    3b44:	f84e bc04 	str.w	fp, [lr, #-4]
    for(j=0;j<KYBER_N/4;j++) {
    3b48:	d1c5      	bne.n	3ad6 <pqcrystals_kyber512_ref_polyvec_decompress+0x2a>
  for(i=0;i<KYBER_K;i++) {
    3b4a:	f500 76a0 	add.w	r6, r0, #320	@ 0x140
    3b4e:	45b0      	cmp	r8, r6
    3b50:	f507 7700 	add.w	r7, r7, #512	@ 0x200
    3b54:	d1bc      	bne.n	3ad0 <pqcrystals_kyber512_ref_polyvec_decompress+0x24>
  }
#else
#error "KYBER_POLYVECCOMPRESSEDBYTES needs to be in {320*KYBER_K, 352*KYBER_K}"
#endif
    uint32_t cnt2 = cpucycles();
  if (polyvec_decompress_cyc != 0){
    3b56:	490a      	ldr	r1, [pc, #40]	@ (3b80 <pqcrystals_kyber512_ref_polyvec_decompress+0xd4>)
    3b58:	4a07      	ldr	r2, [pc, #28]	@ (3b78 <pqcrystals_kyber512_ref_polyvec_decompress+0xcc>)
    3b5a:	680b      	ldr	r3, [r1, #0]
    3b5c:	6852      	ldr	r2, [r2, #4]
    3b5e:	b133      	cbz	r3, 3b6e <pqcrystals_kyber512_ref_polyvec_decompress+0xc2>
    polyvec_decompress_cyc = (polyvec_decompress_cyc + cnt2-cnt1) / 2;
    3b60:	eba3 0309 	sub.w	r3, r3, r9
    3b64:	4413      	add	r3, r2
    3b66:	085b      	lsrs	r3, r3, #1
    3b68:	600b      	str	r3, [r1, #0]
  } else {
    polyvec_decompress_cyc = cnt2-cnt1;
  }
}
    3b6a:	e8bd 8ff0 	ldmia.w	sp!, {r4, r5, r6, r7, r8, r9, sl, fp, pc}
    polyvec_decompress_cyc = cnt2-cnt1;
    3b6e:	eba2 0309 	sub.w	r3, r2, r9
    3b72:	600b      	str	r3, [r1, #0]
}
    3b74:	e8bd 8ff0 	ldmia.w	sp!, {r4, r5, r6, r7, r8, r9, sl, fp, pc}
    3b78:	e0001000 	.word	0xe0001000
    3b7c:	20000128 	.word	0x20000128
    3b80:	20000120 	.word	0x20000120

00003b84 <pqcrystals_kyber512_ref_polyvec_tobytes>:
* Arguments:   - uint8_t *r: pointer to output byte array
*                            (needs space for KYBER_POLYVECBYTES)
*              - const polyvec *a: pointer to input vector of polynomials
**************************************************/
void polyvec_tobytes(uint8_t r[KYBER_POLYVECBYTES], const polyvec *a)
{
    3b84:	b538      	push	{r3, r4, r5, lr}
    3b86:	4604      	mov	r4, r0
    3b88:	460d      	mov	r5, r1
  unsigned int i;
  for(i=0;i<KYBER_K;i++)
    poly_tobytes(r+i*KYBER_POLYBYTES, &a->vec[i]);
    3b8a:	f7ff fd1b 	bl	35c4 <pqcrystals_kyber512_ref_poly_tobytes>
    3b8e:	f505 7100 	add.w	r1, r5, #512	@ 0x200
    3b92:	f504 70c0 	add.w	r0, r4, #384	@ 0x180
}
    3b96:	e8bd 4038 	ldmia.w	sp!, {r3, r4, r5, lr}
    poly_tobytes(r+i*KYBER_POLYBYTES, &a->vec[i]);
    3b9a:	f7ff bd13 	b.w	35c4 <pqcrystals_kyber512_ref_poly_tobytes>
    3b9e:	bf00      	nop

00003ba0 <pqcrystals_kyber512_ref_polyvec_frombytes>:
* Arguments:   - uint8_t *r:       pointer to output byte array
*              - const polyvec *a: pointer to input vector of polynomials
*                                  (of length KYBER_POLYVECBYTES)
**************************************************/
void polyvec_frombytes(polyvec *r, const uint8_t a[KYBER_POLYVECBYTES])
{
    3ba0:	b538      	push	{r3, r4, r5, lr}
    3ba2:	4604      	mov	r4, r0
    3ba4:	460d      	mov	r5, r1
  unsigned int i;
  for(i=0;i<KYBER_K;i++)
    poly_frombytes(&r->vec[i], a+i*KYBER_POLYBYTES);
    3ba6:	f7ff fd33 	bl	3610 <pqcrystals_kyber512_ref_poly_frombytes>
    3baa:	f505 71c0 	add.w	r1, r5, #384	@ 0x180
    3bae:	f504 7000 	add.w	r0, r4, #512	@ 0x200
}
    3bb2:	e8bd 4038 	ldmia.w	sp!, {r3, r4, r5, lr}
    poly_frombytes(&r->vec[i], a+i*KYBER_POLYBYTES);
    3bb6:	f7ff bd2b 	b.w	3610 <pqcrystals_kyber512_ref_poly_frombytes>
    3bba:	bf00      	nop

00003bbc <pqcrystals_kyber512_ref_polyvec_ntt>:
* Description: Apply forward NTT to all elements of a vector of polynomials
*
* Arguments:   - polyvec *r: pointer to in/output vector of polynomials
**************************************************/
void polyvec_ntt(polyvec *r)
{
    3bbc:	b510      	push	{r4, lr}
    3bbe:	4604      	mov	r4, r0
  unsigned int i;
  for(i=0;i<KYBER_K;i++)
    poly_ntt(&r->vec[i]);
    3bc0:	f7ff fe22 	bl	3808 <pqcrystals_kyber512_ref_poly_ntt>
    3bc4:	f504 7000 	add.w	r0, r4, #512	@ 0x200
}
    3bc8:	e8bd 4010 	ldmia.w	sp!, {r4, lr}
    poly_ntt(&r->vec[i]);
    3bcc:	f7ff be1c 	b.w	3808 <pqcrystals_kyber512_ref_poly_ntt>

00003bd0 <pqcrystals_kyber512_ref_polyvec_invntt_tomont>:
*              and multiply by Montgomery factor 2^16
*
* Arguments:   - polyvec *r: pointer to in/output vector of polynomials
**************************************************/
void polyvec_invntt_tomont(polyvec *r)
{
    3bd0:	b510      	push	{r4, lr}
    3bd2:	4604      	mov	r4, r0
  unsigned int i;
  for(i=0;i<KYBER_K;i++)
    poly_invntt_tomont(&r->vec[i]);
    3bd4:	f7ff fe28 	bl	3828 <pqcrystals_kyber512_ref_poly_invntt_tomont>
    3bd8:	f504 7000 	add.w	r0, r4, #512	@ 0x200
}
    3bdc:	e8bd 4010 	ldmia.w	sp!, {r4, lr}
    poly_invntt_tomont(&r->vec[i]);
    3be0:	f7ff be22 	b.w	3828 <pqcrystals_kyber512_ref_poly_invntt_tomont>

00003be4 <pqcrystals_kyber512_ref_polyvec_basemul_acc_montgomery>:
* Arguments: - poly *r: pointer to output polynomial
*            - const polyvec *a: pointer to first input vector of polynomials
*            - const polyvec *b: pointer to second input vector of polynomials
**************************************************/
void polyvec_basemul_acc_montgomery(poly *r, const polyvec *a, const polyvec *b)
{
    3be4:	b570      	push	{r4, r5, r6, lr}
    3be6:	460d      	mov	r5, r1
    3be8:	4616      	mov	r6, r2
    3bea:	4604      	mov	r4, r0
    3bec:	f5ad 7d00 	sub.w	sp, sp, #512	@ 0x200
  unsigned int i;
  poly t;

  poly_basemul_montgomery(r, &a->vec[0], &b->vec[0]);
    3bf0:	f7ff fe1c 	bl	382c <pqcrystals_kyber512_ref_poly_basemul_montgomery>
  for(i=1;i<KYBER_K;i++) {
    poly_basemul_montgomery(&t, &a->vec[i], &b->vec[i]);
    3bf4:	4668      	mov	r0, sp
    3bf6:	f506 7200 	add.w	r2, r6, #512	@ 0x200
    3bfa:	f505 7100 	add.w	r1, r5, #512	@ 0x200
    3bfe:	f7ff fe15 	bl	382c <pqcrystals_kyber512_ref_poly_basemul_montgomery>
    poly_add(r, r, &t);
    3c02:	466a      	mov	r2, sp
    3c04:	4621      	mov	r1, r4
    3c06:	4620      	mov	r0, r4
    3c08:	f7ff fe52 	bl	38b0 <pqcrystals_kyber512_ref_poly_add>
  }

  poly_reduce(r);
    3c0c:	4620      	mov	r0, r4
    3c0e:	f7ff fe43 	bl	3898 <pqcrystals_kyber512_ref_poly_reduce>
}
    3c12:	f50d 7d00 	add.w	sp, sp, #512	@ 0x200
    3c16:	bd70      	pop	{r4, r5, r6, pc}

00003c18 <pqcrystals_kyber512_ref_polyvec_reduce>:
*              for details of the Barrett reduction see comments in reduce.c
*
* Arguments:   - polyvec *r: pointer to input/output polynomial
**************************************************/
void polyvec_reduce(polyvec *r)
{
    3c18:	b510      	push	{r4, lr}
    3c1a:	4604      	mov	r4, r0
  unsigned int i;
  for(i=0;i<KYBER_K;i++)
    poly_reduce(&r->vec[i]);
    3c1c:	f7ff fe3c 	bl	3898 <pqcrystals_kyber512_ref_poly_reduce>
    3c20:	f504 7000 	add.w	r0, r4, #512	@ 0x200
}
    3c24:	e8bd 4010 	ldmia.w	sp!, {r4, lr}
    poly_reduce(&r->vec[i]);
    3c28:	f7ff be36 	b.w	3898 <pqcrystals_kyber512_ref_poly_reduce>

00003c2c <pqcrystals_kyber512_ref_polyvec_add>:
* Arguments: - polyvec *r: pointer to output vector of polynomials
*            - const polyvec *a: pointer to first input vector of polynomials
*            - const polyvec *b: pointer to second input vector of polynomials
**************************************************/
void polyvec_add(polyvec *r, const polyvec *a, const polyvec *b)
{
    3c2c:	b570      	push	{r4, r5, r6, lr}
    3c2e:	4604      	mov	r4, r0
    3c30:	460d      	mov	r5, r1
    3c32:	4616      	mov	r6, r2
  unsigned int i;
  for(i=0;i<KYBER_K;i++)
    poly_add(&r->vec[i], &a->vec[i], &b->vec[i]);
    3c34:	f7ff fe3c 	bl	38b0 <pqcrystals_kyber512_ref_poly_add>
    3c38:	f506 7200 	add.w	r2, r6, #512	@ 0x200
    3c3c:	f505 7100 	add.w	r1, r5, #512	@ 0x200
    3c40:	f504 7000 	add.w	r0, r4, #512	@ 0x200
}
    3c44:	e8bd 4070 	ldmia.w	sp!, {r4, r5, r6, lr}
    poly_add(&r->vec[i], &a->vec[i], &b->vec[i]);
    3c48:	f7ff be32 	b.w	38b0 <pqcrystals_kyber512_ref_poly_add>

00003c4c <pqcrystals_kyber512_ref_montgomery_reduce>:
{
  //uint32_t cnt1 = cpucycles();
  int16_t t;

  t = (int16_t)a*QINV;
  t = (a - (int32_t)t*KYBER_Q) >> 16;
    3c4c:	f24f 22ff 	movw	r2, #62207	@ 0xf2ff
  t = (int16_t)a*QINV;
    3c50:	eb00 0340 	add.w	r3, r0, r0, lsl #1
    3c54:	eb03 03c3 	add.w	r3, r3, r3, lsl #3
    3c58:	eb03 03c3 	add.w	r3, r3, r3, lsl #3
    3c5c:	eb00 2303 	add.w	r3, r0, r3, lsl #8
  t = (a - (int32_t)t*KYBER_Q) >> 16;
    3c60:	fb13 0002 	smlabb	r0, r3, r2, r0
  } else {
    montgomery_cyc = cnt2-cnt1;
  }
  */
  return t;
}
    3c64:	1400      	asrs	r0, r0, #16
    3c66:	4770      	bx	lr

00003c68 <pqcrystals_kyber512_ref_barrett_reduce>:
int16_t barrett_reduce(int16_t a) {
  //uint32_t cnt1 = cpucycles();
  int16_t t;
  const int16_t v = ((1<<26) + KYBER_Q/2)/KYBER_Q;

  t  = ((int32_t)v*a + (1<<25)) >> 26;
    3c68:	f04f 7200 	mov.w	r2, #33554432	@ 0x2000000
    3c6c:	f644 63bf 	movw	r3, #20159	@ 0x4ebf
    3c70:	fb10 2303 	smlabb	r3, r0, r3, r2
    3c74:	169b      	asrs	r3, r3, #26
  t *= KYBER_Q;
    3c76:	eb03 0243 	add.w	r2, r3, r3, lsl #1
    3c7a:	eb03 0282 	add.w	r2, r3, r2, lsl #2
    3c7e:	eb03 2302 	add.w	r3, r3, r2, lsl #8
    barrett_cyc = (montgomery_cyc + cnt2-cnt1) / 2;
  } else {
    barrett_cyc = cnt2-cnt1;
  }
  */
  return a - t;
    3c82:	1ac0      	subs	r0, r0, r3
}
    3c84:	b200      	sxth	r0, r0
    3c86:	4770      	bx	lr

00003c88 <pqcrystals_kyber512_ref_verify>:
int verify(const uint8_t *a, const uint8_t *b, size_t len)
{
  size_t i;
  uint8_t r = 0;

  for(i=0;i<len;i++)
    3c88:	2a00      	cmp	r2, #0
    3c8a:	d043      	beq.n	3d14 <pqcrystals_kyber512_ref_verify+0x8c>
    3c8c:	1e53      	subs	r3, r2, #1
    3c8e:	2b03      	cmp	r3, #3
{
    3c90:	b5f0      	push	{r4, r5, r6, r7, lr}
    3c92:	4606      	mov	r6, r0
    3c94:	d940      	bls.n	3d18 <pqcrystals_kyber512_ref_verify+0x90>
    3c96:	468c      	mov	ip, r1
  for(i=0;i<len;i++)
    3c98:	f04f 0e00 	mov.w	lr, #0
    3c9c:	4604      	mov	r4, r0
    3c9e:	f022 0003 	bic.w	r0, r2, #3
    3ca2:	180f      	adds	r7, r1, r0
    r |= a[i] ^ b[i];
    3ca4:	f85c 3b04 	ldr.w	r3, [ip], #4
    3ca8:	f854 5b04 	ldr.w	r5, [r4], #4
    3cac:	45bc      	cmp	ip, r7
    3cae:	ea83 0305 	eor.w	r3, r3, r5
    3cb2:	ea43 0e0e 	orr.w	lr, r3, lr
  for(i=0;i<len;i++)
    3cb6:	d1f5      	bne.n	3ca4 <pqcrystals_kyber512_ref_verify+0x1c>
    3cb8:	f3ce 2307 	ubfx	r3, lr, #8, #8
    3cbc:	ea4e 0303 	orr.w	r3, lr, r3
    3cc0:	f3ce 4407 	ubfx	r4, lr, #16, #8
    3cc4:	4323      	orrs	r3, r4
    3cc6:	ea43 631e 	orr.w	r3, r3, lr, lsr #24
    3cca:	4282      	cmp	r2, r0
    3ccc:	b2db      	uxtb	r3, r3
    3cce:	d01c      	beq.n	3d0a <pqcrystals_kyber512_ref_verify+0x82>
    r |= a[i] ^ b[i];
    3cd0:	5c0d      	ldrb	r5, [r1, r0]
    3cd2:	5c34      	ldrb	r4, [r6, r0]
    3cd4:	406c      	eors	r4, r5
  for(i=0;i<len;i++)
    3cd6:	1c45      	adds	r5, r0, #1
    3cd8:	42aa      	cmp	r2, r5
    r |= a[i] ^ b[i];
    3cda:	ea43 0304 	orr.w	r3, r3, r4
  for(i=0;i<len;i++)
    3cde:	d914      	bls.n	3d0a <pqcrystals_kyber512_ref_verify+0x82>
    r |= a[i] ^ b[i];
    3ce0:	5d74      	ldrb	r4, [r6, r5]
    3ce2:	5d4d      	ldrb	r5, [r1, r5]
    3ce4:	406c      	eors	r4, r5
  for(i=0;i<len;i++)
    3ce6:	1c85      	adds	r5, r0, #2
    r |= a[i] ^ b[i];
    3ce8:	4323      	orrs	r3, r4
  for(i=0;i<len;i++)
    3cea:	42aa      	cmp	r2, r5
    r |= a[i] ^ b[i];
    3cec:	b2db      	uxtb	r3, r3
  for(i=0;i<len;i++)
    3cee:	d90c      	bls.n	3d0a <pqcrystals_kyber512_ref_verify+0x82>
    3cf0:	1cc4      	adds	r4, r0, #3
    r |= a[i] ^ b[i];
    3cf2:	5d70      	ldrb	r0, [r6, r5]
    3cf4:	5d4d      	ldrb	r5, [r1, r5]
  for(i=0;i<len;i++)
    3cf6:	42a2      	cmp	r2, r4
    r |= a[i] ^ b[i];
    3cf8:	ea80 0005 	eor.w	r0, r0, r5
    3cfc:	ea43 0300 	orr.w	r3, r3, r0
  for(i=0;i<len;i++)
    3d00:	d903      	bls.n	3d0a <pqcrystals_kyber512_ref_verify+0x82>
    r |= a[i] ^ b[i];
    3d02:	5d0a      	ldrb	r2, [r1, r4]
    3d04:	5d31      	ldrb	r1, [r6, r4]
    3d06:	404a      	eors	r2, r1
    3d08:	4313      	orrs	r3, r2

  return (-(uint64_t)r) >> 63;
    3d0a:	425b      	negs	r3, r3
    3d0c:	eb60 0000 	sbc.w	r0, r0, r0
    3d10:	0fc0      	lsrs	r0, r0, #31
}
    3d12:	bdf0      	pop	{r4, r5, r6, r7, pc}
  for(i=0;i<len;i++)
    3d14:	4610      	mov	r0, r2
}
    3d16:	4770      	bx	lr
  uint8_t r = 0;
    3d18:	2300      	movs	r3, #0
  for(i=0;i<len;i++)
    3d1a:	4618      	mov	r0, r3
    3d1c:	e7d8      	b.n	3cd0 <pqcrystals_kyber512_ref_verify+0x48>
    3d1e:	bf00      	nop

00003d20 <pqcrystals_kyber512_ref_cmov>:
  // change how it is built.
  __asm__("" : "+r"(b) : /* no inputs */);
#endif

  b = -b;
  for(i=0;i<len;i++)
    3d20:	2a00      	cmp	r2, #0
    3d22:	d05e      	beq.n	3de2 <pqcrystals_kyber512_ref_cmov+0xc2>
    3d24:	425b      	negs	r3, r3
{
    3d26:	e92d 43f0 	stmdb	sp!, {r4, r5, r6, r7, r8, r9, lr}
    3d2a:	fa5f fe83 	uxtb.w	lr, r3
    3d2e:	1e53      	subs	r3, r2, #1
    3d30:	2b02      	cmp	r3, #2
    3d32:	d903      	bls.n	3d3c <pqcrystals_kyber512_ref_cmov+0x1c>
    3d34:	1c4b      	adds	r3, r1, #1
    3d36:	1ac3      	subs	r3, r0, r3
    3d38:	2b02      	cmp	r3, #2
    3d3a:	d813      	bhi.n	3d64 <pqcrystals_kyber512_ref_cmov+0x44>
    3d3c:	4402      	add	r2, r0
    3d3e:	3901      	subs	r1, #1
    3d40:	3801      	subs	r0, #1
    3d42:	3a01      	subs	r2, #1
    r[i] ^= b & (r[i] ^ x[i]);
    3d44:	f810 cf01 	ldrb.w	ip, [r0, #1]!
    3d48:	f811 3f01 	ldrb.w	r3, [r1, #1]!
  for(i=0;i<len;i++)
    3d4c:	4290      	cmp	r0, r2
    r[i] ^= b & (r[i] ^ x[i]);
    3d4e:	ea8c 0303 	eor.w	r3, ip, r3
    3d52:	ea0e 0303 	and.w	r3, lr, r3
    3d56:	ea8c 0c03 	eor.w	ip, ip, r3
    3d5a:	f880 c000 	strb.w	ip, [r0]
  for(i=0;i<len;i++)
    3d5e:	d1f1      	bne.n	3d44 <pqcrystals_kyber512_ref_cmov+0x24>
}
    3d60:	e8bd 83f0 	ldmia.w	sp!, {r4, r5, r6, r7, r8, r9, pc}
    3d64:	2500      	movs	r5, #0
    3d66:	4684      	mov	ip, r0
    3d68:	460c      	mov	r4, r1
    3d6a:	f36e 0507 	bfi	r5, lr, #0, #8
    3d6e:	f36e 250f 	bfi	r5, lr, #8, #8
    3d72:	f022 0603 	bic.w	r6, r2, #3
    3d76:	f36e 4517 	bfi	r5, lr, #16, #8
    3d7a:	ea4f 0892 	mov.w	r8, r2, lsr #2
    3d7e:	1987      	adds	r7, r0, r6
    3d80:	f36e 651f 	bfi	r5, lr, #24, #8
    r[i] ^= b & (r[i] ^ x[i]);
    3d84:	f8dc 9000 	ldr.w	r9, [ip]
    3d88:	f854 3b04 	ldr.w	r3, [r4], #4
    3d8c:	ea83 0309 	eor.w	r3, r3, r9
    3d90:	402b      	ands	r3, r5
    3d92:	ea83 0309 	eor.w	r3, r3, r9
    3d96:	f84c 3b04 	str.w	r3, [ip], #4
  for(i=0;i<len;i++)
    3d9a:	45bc      	cmp	ip, r7
    3d9c:	d1f2      	bne.n	3d84 <pqcrystals_kyber512_ref_cmov+0x64>
    3d9e:	42b2      	cmp	r2, r6
    3da0:	d0de      	beq.n	3d60 <pqcrystals_kyber512_ref_cmov+0x40>
    r[i] ^= b & (r[i] ^ x[i]);
    3da2:	f810 4028 	ldrb.w	r4, [r0, r8, lsl #2]
    3da6:	f811 3028 	ldrb.w	r3, [r1, r8, lsl #2]
    3daa:	4063      	eors	r3, r4
    3dac:	ea0e 0303 	and.w	r3, lr, r3
    3db0:	405c      	eors	r4, r3
    3db2:	f800 4028 	strb.w	r4, [r0, r8, lsl #2]
  for(i=0;i<len;i++)
    3db6:	1c74      	adds	r4, r6, #1
    3db8:	42a2      	cmp	r2, r4
    3dba:	d9d1      	bls.n	3d60 <pqcrystals_kyber512_ref_cmov+0x40>
    r[i] ^= b & (r[i] ^ x[i]);
    3dbc:	5d05      	ldrb	r5, [r0, r4]
    3dbe:	5d0b      	ldrb	r3, [r1, r4]
  for(i=0;i<len;i++)
    3dc0:	3602      	adds	r6, #2
    r[i] ^= b & (r[i] ^ x[i]);
    3dc2:	406b      	eors	r3, r5
    3dc4:	ea0e 0303 	and.w	r3, lr, r3
    3dc8:	405d      	eors	r5, r3
  for(i=0;i<len;i++)
    3dca:	42b2      	cmp	r2, r6
    r[i] ^= b & (r[i] ^ x[i]);
    3dcc:	5505      	strb	r5, [r0, r4]
  for(i=0;i<len;i++)
    3dce:	d9c7      	bls.n	3d60 <pqcrystals_kyber512_ref_cmov+0x40>
    r[i] ^= b & (r[i] ^ x[i]);
    3dd0:	5d82      	ldrb	r2, [r0, r6]
    3dd2:	5d8b      	ldrb	r3, [r1, r6]
    3dd4:	4053      	eors	r3, r2
    3dd6:	ea0e 0303 	and.w	r3, lr, r3
    3dda:	405a      	eors	r2, r3
    3ddc:	5582      	strb	r2, [r0, r6]
}
    3dde:	e8bd 83f0 	ldmia.w	sp!, {r4, r5, r6, r7, r8, r9, pc}
    3de2:	4770      	bx	lr

00003de4 <pqcrystals_kyber512_ref_cmov_int16>:
*              uint8_t b:        Condition bit; has to be in {0,1}
**************************************************/
void cmov_int16(int16_t *r, int16_t v, uint16_t b)
{
  b = -b;
  *r ^= b & ((*r) ^ v);
    3de4:	f9b0 3000 	ldrsh.w	r3, [r0]
  b = -b;
    3de8:	4252      	negs	r2, r2
  *r ^= b & ((*r) ^ v);
    3dea:	4059      	eors	r1, r3
    3dec:	4011      	ands	r1, r2
    3dee:	404b      	eors	r3, r1
    3df0:	8003      	strh	r3, [r0, #0]
}
    3df2:	4770      	bx	lr

00003df4 <pqcrystals_kyber512_ref_kyber_shake128_absorb>:
**************************************************/
void kyber_shake128_absorb(keccak_state *state,
                           const uint8_t seed[KYBER_SYMBYTES],
                           uint8_t x,
                           uint8_t y)
{
    3df4:	b570      	push	{r4, r5, r6, lr}
    3df6:	4606      	mov	r6, r0
    3df8:	461c      	mov	r4, r3
    3dfa:	4615      	mov	r5, r2
    3dfc:	b08a      	sub	sp, #40	@ 0x28
  uint8_t extseed[KYBER_SYMBYTES+2];

  memcpy(extseed, seed, KYBER_SYMBYTES);
    3dfe:	2220      	movs	r2, #32
    3e00:	a801      	add	r0, sp, #4
    3e02:	f002 fcf3 	bl	67ec <memcpy>
  extseed[KYBER_SYMBYTES+0] = x;
  extseed[KYBER_SYMBYTES+1] = y;

  shake128_absorb_once(state, extseed, sizeof(extseed));
    3e06:	2222      	movs	r2, #34	@ 0x22
    3e08:	4630      	mov	r0, r6
    3e0a:	a901      	add	r1, sp, #4
  extseed[KYBER_SYMBYTES+0] = x;
    3e0c:	f88d 5024 	strb.w	r5, [sp, #36]	@ 0x24
  extseed[KYBER_SYMBYTES+1] = y;
    3e10:	f88d 4025 	strb.w	r4, [sp, #37]	@ 0x25
  shake128_absorb_once(state, extseed, sizeof(extseed));
    3e14:	f7fe fb6e 	bl	24f4 <pqcrystals_kyber_fips202_ref_shake128_absorb_once>
}
    3e18:	b00a      	add	sp, #40	@ 0x28
    3e1a:	bd70      	pop	{r4, r5, r6, pc}

00003e1c <pqcrystals_kyber512_ref_kyber_shake256_prf>:
*              - size_t outlen: number of requested output bytes
*              - const uint8_t *key: pointer to the key (of length KYBER_SYMBYTES)
*              - uint8_t nonce: single-byte nonce (public PRF input)
**************************************************/
void kyber_shake256_prf(uint8_t *out, size_t outlen, const uint8_t key[KYBER_SYMBYTES], uint8_t nonce)
{
    3e1c:	b570      	push	{r4, r5, r6, lr}
    3e1e:	4614      	mov	r4, r2
    3e20:	4605      	mov	r5, r0
    3e22:	460e      	mov	r6, r1
  uint8_t extkey[KYBER_SYMBYTES+1];

  memcpy(extkey, key, KYBER_SYMBYTES);
    3e24:	4621      	mov	r1, r4
{
    3e26:	461c      	mov	r4, r3
    3e28:	b08a      	sub	sp, #40	@ 0x28
  memcpy(extkey, key, KYBER_SYMBYTES);
    3e2a:	2220      	movs	r2, #32
    3e2c:	a801      	add	r0, sp, #4
    3e2e:	f002 fcdd 	bl	67ec <memcpy>
  extkey[KYBER_SYMBYTES] = nonce;

  shake256(out, outlen, extkey, sizeof(extkey));
    3e32:	2321      	movs	r3, #33	@ 0x21
    3e34:	4631      	mov	r1, r6
    3e36:	4628      	mov	r0, r5
    3e38:	aa01      	add	r2, sp, #4
  extkey[KYBER_SYMBYTES] = nonce;
    3e3a:	f88d 4024 	strb.w	r4, [sp, #36]	@ 0x24
  shake256(out, outlen, extkey, sizeof(extkey));
    3e3e:	f7fe fc1d 	bl	267c <pqcrystals_kyber_fips202_ref_shake256>
}
    3e42:	b00a      	add	sp, #40	@ 0x28
    3e44:	bd70      	pop	{r4, r5, r6, pc}
    3e46:	bf00      	nop

00003e48 <pqcrystals_kyber512_ref_kyber_shake256_rkprf>:
*              - size_t outlen: number of requested output bytes
*              - const uint8_t *key: pointer to the key (of length KYBER_SYMBYTES)
*              - uint8_t nonce: single-byte nonce (public PRF input)
**************************************************/
void kyber_shake256_rkprf(uint8_t out[KYBER_SSBYTES], const uint8_t key[KYBER_SYMBYTES], const uint8_t input[KYBER_CIPHERTEXTBYTES])
{
    3e48:	e92d 41f0 	stmdb	sp!, {r4, r5, r6, r7, r8, lr}
  n_rkprf++;
    3e4c:	4c19      	ldr	r4, [pc, #100]	@ (3eb4 <pqcrystals_kyber512_ref_kyber_shake256_rkprf+0x6c>)
{
    3e4e:	460e      	mov	r6, r1
  n_rkprf++;
    3e50:	6823      	ldr	r3, [r4, #0]
{
    3e52:	4615      	mov	r5, r2
  n_rkprf++;
    3e54:	3301      	adds	r3, #1
    3e56:	6023      	str	r3, [r4, #0]
{
    3e58:	4604      	mov	r4, r0
    3e5a:	b0b4      	sub	sp, #208	@ 0xd0
    3e5c:	f8df 805c 	ldr.w	r8, [pc, #92]	@ 3ebc <pqcrystals_kyber512_ref_kyber_shake256_rkprf+0x74>
  uint32_t cnt1 = cpucycles();
  keccak_state s;

  shake256_init(&s);
    3e60:	4668      	mov	r0, sp
    3e62:	f8d8 7004 	ldr.w	r7, [r8, #4]
    3e66:	f7fe fb7f 	bl	2568 <pqcrystals_kyber_fips202_ref_shake256_init>
  shake256_absorb(&s, key, KYBER_SYMBYTES);
    3e6a:	2220      	movs	r2, #32
    3e6c:	4631      	mov	r1, r6
    3e6e:	4668      	mov	r0, sp
    3e70:	f7fe fb8e 	bl	2590 <pqcrystals_kyber_fips202_ref_shake256_absorb>
  shake256_absorb(&s, input, KYBER_CIPHERTEXTBYTES);
    3e74:	f44f 7240 	mov.w	r2, #768	@ 0x300
    3e78:	4629      	mov	r1, r5
    3e7a:	4668      	mov	r0, sp
    3e7c:	f7fe fb88 	bl	2590 <pqcrystals_kyber_fips202_ref_shake256_absorb>
  shake256_finalize(&s);
    3e80:	4668      	mov	r0, sp
    3e82:	f7fe fb95 	bl	25b0 <pqcrystals_kyber_fips202_ref_shake256_finalize>
  shake256_squeeze(out, KYBER_SSBYTES, &s);
    3e86:	466a      	mov	r2, sp
    3e88:	2120      	movs	r1, #32
    3e8a:	4620      	mov	r0, r4
    3e8c:	f7fe fbb8 	bl	2600 <pqcrystals_kyber_fips202_ref_shake256_squeeze>
  uint32_t cnt2 = cpucycles();
  if (rkprf_cyc != 0){
    3e90:	4909      	ldr	r1, [pc, #36]	@ (3eb8 <pqcrystals_kyber512_ref_kyber_shake256_rkprf+0x70>)
    3e92:	f8d8 2004 	ldr.w	r2, [r8, #4]
    3e96:	680b      	ldr	r3, [r1, #0]
    3e98:	b133      	cbz	r3, 3ea8 <pqcrystals_kyber512_ref_kyber_shake256_rkprf+0x60>
    rkprf_cyc = (rkprf_cyc + (cnt2 - cnt1)) / 2;
    3e9a:	1bdb      	subs	r3, r3, r7
    3e9c:	4413      	add	r3, r2
    3e9e:	085b      	lsrs	r3, r3, #1
    3ea0:	600b      	str	r3, [r1, #0]
  } else {
    rkprf_cyc = cnt2 - cnt1;
  }
}
    3ea2:	b034      	add	sp, #208	@ 0xd0
    3ea4:	e8bd 81f0 	ldmia.w	sp!, {r4, r5, r6, r7, r8, pc}
    rkprf_cyc = cnt2 - cnt1;
    3ea8:	1bd3      	subs	r3, r2, r7
    3eaa:	600b      	str	r3, [r1, #0]
}
    3eac:	b034      	add	sp, #208	@ 0xd0
    3eae:	e8bd 81f0 	ldmia.w	sp!, {r4, r5, r6, r7, r8, pc}
    3eb2:	bf00      	nop
    3eb4:	200000f0 	.word	0x200000f0
    3eb8:	200000f4 	.word	0x200000f4
    3ebc:	e0001000 	.word	0xe0001000

00003ec0 <randombytes>:
  }
}
#else
void randombytes(uint8_t *out, size_t outlen) {
  //printf("randombytes(%d, %d)\n", out, outlen);
  while(outlen--) *out++ = 0x29;
    3ec0:	b1e1      	cbz	r1, 3efc <randombytes+0x3c>
void randombytes(uint8_t *out, size_t outlen) {
    3ec2:	b410      	push	{r4}
    3ec4:	1e4c      	subs	r4, r1, #1
    3ec6:	2c02      	cmp	r4, #2
    3ec8:	d90e      	bls.n	3ee8 <randombytes+0x28>
  while(outlen--) *out++ = 0x29;
    3eca:	f04f 3229 	mov.w	r2, #690563369	@ 0x29292929
    3ece:	f021 0c03 	bic.w	ip, r1, #3
    3ed2:	eb00 030c 	add.w	r3, r0, ip
    3ed6:	f840 2b04 	str.w	r2, [r0], #4
    3eda:	4283      	cmp	r3, r0
    3edc:	d1fb      	bne.n	3ed6 <randombytes+0x16>
    3ede:	4561      	cmp	r1, ip
    3ee0:	d009      	beq.n	3ef6 <randombytes+0x36>
    3ee2:	4618      	mov	r0, r3
    3ee4:	eba4 040c 	sub.w	r4, r4, ip
    3ee8:	2329      	movs	r3, #41	@ 0x29
    3eea:	7003      	strb	r3, [r0, #0]
    3eec:	b11c      	cbz	r4, 3ef6 <randombytes+0x36>
    3eee:	2c01      	cmp	r4, #1
    3ef0:	7043      	strb	r3, [r0, #1]
    3ef2:	bf18      	it	ne
    3ef4:	7083      	strbne	r3, [r0, #2]
}
    3ef6:	f85d 4b04 	ldr.w	r4, [sp], #4
    3efa:	4770      	bx	lr
    3efc:	4770      	bx	lr
    3efe:	bf00      	nop

00003f00 <reset_vals>:
}

void reset_vals()
{
/* ---- Reset all counters ---- */
    n_statepermute = 0;
    3f00:	2300      	movs	r3, #0
    n_ntt = 0;
    3f02:	4a27      	ldr	r2, [pc, #156]	@ (3fa0 <reset_vals+0xa0>)
{
    3f04:	b430      	push	{r4, r5}
    n_invntt = 0;
    3f06:	4827      	ldr	r0, [pc, #156]	@ (3fa4 <reset_vals+0xa4>)
    n_ntt = 0;
    3f08:	6013      	str	r3, [r2, #0]
    n_statepermute = 0;
    3f0a:	4c27      	ldr	r4, [pc, #156]	@ (3fa8 <reset_vals+0xa8>)
    statepermute_cyc = 0;
    3f0c:	4927      	ldr	r1, [pc, #156]	@ (3fac <reset_vals+0xac>)
    ntt_cyc = 0;
    inv_ntt_cyc = 0;
    3f0e:	4a28      	ldr	r2, [pc, #160]	@ (3fb0 <reset_vals+0xb0>)
    n_statepermute = 0;
    3f10:	6023      	str	r3, [r4, #0]
    n_invntt = 0;
    3f12:	6003      	str	r3, [r0, #0]
    statepermute_cyc = 0;
    3f14:	600b      	str	r3, [r1, #0]
    inv_ntt_cyc = 0;
    3f16:	6013      	str	r3, [r2, #0]

    n_poly_compress = 0;
    3f18:	4c26      	ldr	r4, [pc, #152]	@ (3fb4 <reset_vals+0xb4>)
    n_poly_decompress = 0;
    3f1a:	4827      	ldr	r0, [pc, #156]	@ (3fb8 <reset_vals+0xb8>)
    poly_compress_cyc = 0;
    3f1c:	4927      	ldr	r1, [pc, #156]	@ (3fbc <reset_vals+0xbc>)
    poly_decompress_cyc = 0;
    3f1e:	4a28      	ldr	r2, [pc, #160]	@ (3fc0 <reset_vals+0xc0>)
    n_poly_compress = 0;
    3f20:	6023      	str	r3, [r4, #0]
    n_poly_decompress = 0;
    3f22:	6003      	str	r3, [r0, #0]
    poly_compress_cyc = 0;
    3f24:	600b      	str	r3, [r1, #0]
    poly_decompress_cyc = 0;
    3f26:	6013      	str	r3, [r2, #0]

    n_poly_add = 0;
    3f28:	4c26      	ldr	r4, [pc, #152]	@ (3fc4 <reset_vals+0xc4>)
    n_poly_sub = 0;
    3f2a:	4827      	ldr	r0, [pc, #156]	@ (3fc8 <reset_vals+0xc8>)

    n_poly_cbd_eta1 = 0;
    3f2c:	4927      	ldr	r1, [pc, #156]	@ (3fcc <reset_vals+0xcc>)
    n_poly_cbd_eta2 = 0;
    3f2e:	4a28      	ldr	r2, [pc, #160]	@ (3fd0 <reset_vals+0xd0>)
    n_poly_add = 0;
    3f30:	6023      	str	r3, [r4, #0]
    n_poly_sub = 0;
    3f32:	6003      	str	r3, [r0, #0]
    n_poly_cbd_eta1 = 0;
    3f34:	600b      	str	r3, [r1, #0]
    n_poly_cbd_eta2 = 0;
    3f36:	6013      	str	r3, [r2, #0]
    n_basemul = 0;
    3f38:	4c26      	ldr	r4, [pc, #152]	@ (3fd4 <reset_vals+0xd4>)
    poly_cbd_eta1_cyc = 0;
    3f3a:	4827      	ldr	r0, [pc, #156]	@ (3fd8 <reset_vals+0xd8>)
    poly_cbd_eta2_cyc = 0;
    3f3c:	4927      	ldr	r1, [pc, #156]	@ (3fdc <reset_vals+0xdc>)
    basemul_cyc = 0;
    3f3e:	4a28      	ldr	r2, [pc, #160]	@ (3fe0 <reset_vals+0xe0>)
    n_basemul = 0;
    3f40:	6023      	str	r3, [r4, #0]
    poly_cbd_eta1_cyc = 0;
    3f42:	6003      	str	r3, [r0, #0]
    poly_cbd_eta2_cyc = 0;
    3f44:	600b      	str	r3, [r1, #0]
    basemul_cyc = 0;
    3f46:	6013      	str	r3, [r2, #0]

    n_barrett = 0;
    3f48:	4c26      	ldr	r4, [pc, #152]	@ (3fe4 <reset_vals+0xe4>)
    n_montgomery = 0;
    3f4a:	4827      	ldr	r0, [pc, #156]	@ (3fe8 <reset_vals+0xe8>)
    barrett_cyc = 0;
    3f4c:	4927      	ldr	r1, [pc, #156]	@ (3fec <reset_vals+0xec>)
    montgomery_cyc = 0;
    3f4e:	4a28      	ldr	r2, [pc, #160]	@ (3ff0 <reset_vals+0xf0>)
    n_barrett = 0;
    3f50:	6023      	str	r3, [r4, #0]
    n_montgomery = 0;
    3f52:	6003      	str	r3, [r0, #0]
    barrett_cyc = 0;
    3f54:	600b      	str	r3, [r1, #0]
    montgomery_cyc = 0;
    3f56:	6013      	str	r3, [r2, #0]

    n_polyvec_compress = 0;
    3f58:	4c26      	ldr	r4, [pc, #152]	@ (3ff4 <reset_vals+0xf4>)
    n_polyvec_decompress = 0;
    3f5a:	4827      	ldr	r0, [pc, #156]	@ (3ff8 <reset_vals+0xf8>)
    polyvec_compress_cyc = 0;
    3f5c:	4927      	ldr	r1, [pc, #156]	@ (3ffc <reset_vals+0xfc>)
    polyvec_decompress_cyc = 0;
    3f5e:	4a28      	ldr	r2, [pc, #160]	@ (4000 <reset_vals+0x100>)
    n_polyvec_compress = 0;
    3f60:	6023      	str	r3, [r4, #0]
    n_polyvec_decompress = 0;
    3f62:	6003      	str	r3, [r0, #0]
    polyvec_compress_cyc = 0;
    3f64:	600b      	str	r3, [r1, #0]
    polyvec_decompress_cyc = 0;
    3f66:	6013      	str	r3, [r2, #0]

    n_shake256 = 0;
    3f68:	4c26      	ldr	r4, [pc, #152]	@ (4004 <reset_vals+0x104>)
    n_shake128 = 0;
    3f6a:	4827      	ldr	r0, [pc, #156]	@ (4008 <reset_vals+0x108>)
    shake256_cyc = 0;
    3f6c:	4927      	ldr	r1, [pc, #156]	@ (400c <reset_vals+0x10c>)
    shake128_cyc = 0;
    3f6e:	4a28      	ldr	r2, [pc, #160]	@ (4010 <reset_vals+0x110>)
    n_shake256 = 0;
    3f70:	6023      	str	r3, [r4, #0]
    ntt_cyc = 0;
    3f72:	4d28      	ldr	r5, [pc, #160]	@ (4014 <reset_vals+0x114>)
    sha3_256_cyc = 0;
    3f74:	4c28      	ldr	r4, [pc, #160]	@ (4018 <reset_vals+0x118>)
    n_shake128 = 0;
    3f76:	6003      	str	r3, [r0, #0]
    shake256_cyc = 0;
    3f78:	600b      	str	r3, [r1, #0]
    n_sha3_256 = 0;
    3f7a:	4828      	ldr	r0, [pc, #160]	@ (401c <reset_vals+0x11c>)
    n_sha3_512 = 0;
    3f7c:	4928      	ldr	r1, [pc, #160]	@ (4020 <reset_vals+0x120>)
    shake128_cyc = 0;
    3f7e:	6013      	str	r3, [r2, #0]
    sha3_512_cyc = 0;
    3f80:	4a28      	ldr	r2, [pc, #160]	@ (4024 <reset_vals+0x124>)
    ntt_cyc = 0;
    3f82:	602b      	str	r3, [r5, #0]
    sha3_256_cyc = 0;
    3f84:	6023      	str	r3, [r4, #0]
    n_sha3_256 = 0;
    3f86:	6003      	str	r3, [r0, #0]
    n_gen_matrix = 0;
    3f88:	4c27      	ldr	r4, [pc, #156]	@ (4028 <reset_vals+0x128>)
    n_sha3_512 = 0;
    3f8a:	600b      	str	r3, [r1, #0]
    sha3_512_cyc = 0;
    3f8c:	6013      	str	r3, [r2, #0]
    gen_matrix_cyc = 0;
    3f8e:	4827      	ldr	r0, [pc, #156]	@ (402c <reset_vals+0x12c>)
    rej_uniform_cyc = 0;
    3f90:	4927      	ldr	r1, [pc, #156]	@ (4030 <reset_vals+0x130>)
    n_rej_uniform = 0;
    3f92:	4a28      	ldr	r2, [pc, #160]	@ (4034 <reset_vals+0x134>)
    n_gen_matrix = 0;
    3f94:	6023      	str	r3, [r4, #0]
    gen_matrix_cyc = 0;
    3f96:	6003      	str	r3, [r0, #0]
    rej_uniform_cyc = 0;
    3f98:	600b      	str	r3, [r1, #0]
    n_rej_uniform = 0;
    3f9a:	6013      	str	r3, [r2, #0]
}
    3f9c:	bc30      	pop	{r4, r5}
    3f9e:	4770      	bx	lr
    3fa0:	20000188 	.word	0x20000188
    3fa4:	20000184 	.word	0x20000184
    3fa8:	2000018c 	.word	0x2000018c
    3fac:	20000180 	.word	0x20000180
    3fb0:	20000178 	.word	0x20000178
    3fb4:	20000174 	.word	0x20000174
    3fb8:	20000170 	.word	0x20000170
    3fbc:	2000016c 	.word	0x2000016c
    3fc0:	20000168 	.word	0x20000168
    3fc4:	20000164 	.word	0x20000164
    3fc8:	20000160 	.word	0x20000160
    3fcc:	20000144 	.word	0x20000144
    3fd0:	2000014c 	.word	0x2000014c
    3fd4:	2000015c 	.word	0x2000015c
    3fd8:	20000140 	.word	0x20000140
    3fdc:	20000148 	.word	0x20000148
    3fe0:	20000158 	.word	0x20000158
    3fe4:	2000013c 	.word	0x2000013c
    3fe8:	20000138 	.word	0x20000138
    3fec:	20000134 	.word	0x20000134
    3ff0:	20000130 	.word	0x20000130
    3ff4:	2000012c 	.word	0x2000012c
    3ff8:	20000128 	.word	0x20000128
    3ffc:	20000124 	.word	0x20000124
    4000:	20000120 	.word	0x20000120
    4004:	2000011c 	.word	0x2000011c
    4008:	20000118 	.word	0x20000118
    400c:	20000114 	.word	0x20000114
    4010:	20000110 	.word	0x20000110
    4014:	2000017c 	.word	0x2000017c
    4018:	2000010c 	.word	0x2000010c
    401c:	20000108 	.word	0x20000108
    4020:	20000104 	.word	0x20000104
    4024:	20000100 	.word	0x20000100
    4028:	200000fc 	.word	0x200000fc
    402c:	200000f8 	.word	0x200000f8
    4030:	200000e8 	.word	0x200000e8
    4034:	200000ec 	.word	0x200000ec

00004038 <print_stuff>:


void print_stuff(int total, uint32_t n_tests)
{
    4038:	e92d 47f0 	stmdb	sp!, {r4, r5, r6, r7, r8, r9, sl, lr}
    403c:	460c      	mov	r4, r1
    403e:	4606      	mov	r6, r0

    print_calls("SHAKE128 calls: ", n_shake128, n_tests);
    4040:	4fed      	ldr	r7, [pc, #948]	@ (43f8 <print_stuff+0x3c0>)
    print_cycles("SHAKE128 cycles: ", shake128_cyc, n_tests);
    4042:	4dee      	ldr	r5, [pc, #952]	@ (43fc <print_stuff+0x3c4>)
    print_calls("SHAKE128 calls: ", n_shake128, n_tests);
    4044:	4622      	mov	r2, r4
    4046:	6839      	ldr	r1, [r7, #0]
    4048:	48ed      	ldr	r0, [pc, #948]	@ (4400 <print_stuff+0x3c8>)
    404a:	f001 fa7f 	bl	554c <print_calls>
    print_cycles("SHAKE128 cycles: ", shake128_cyc, n_tests);
    404e:	6829      	ldr	r1, [r5, #0]
    4050:	4622      	mov	r2, r4
    4052:	48ec      	ldr	r0, [pc, #944]	@ (4404 <print_stuff+0x3cc>)
    4054:	f001 fa92 	bl	557c <print_cycles>
    printf("SHAKE128 %%: %d\n",
    4058:	683b      	ldr	r3, [r7, #0]
    405a:	6829      	ldr	r1, [r5, #0]
    if (total == 0 || n_tests == 0) return 0;
    405c:	2e00      	cmp	r6, #0
    405e:	f000 8551 	beq.w	4b04 <print_stuff+0xacc>
    4062:	2c00      	cmp	r4, #0
    4064:	f000 854e 	beq.w	4b04 <print_stuff+0xacc>
    num = (uint64_t)n * (uint64_t)cyc * 100ULL;
    4068:	fba3 3101 	umull	r3, r1, r3, r1
    406c:	18d8      	adds	r0, r3, r3
    den = (uint64_t)total * (uint64_t)n_tests;
    406e:	fba6 7604 	umull	r7, r6, r6, r4
    num = (uint64_t)n * (uint64_t)cyc * 100ULL;
    4072:	eb41 0201 	adc.w	r2, r1, r1
    4076:	18c0      	adds	r0, r0, r3
    4078:	eb41 0202 	adc.w	r2, r1, r2
    407c:	ea4f 1c40 	mov.w	ip, r0, lsl #5
    4080:	0155      	lsls	r5, r2, #5
    4082:	ea45 65d0 	orr.w	r5, r5, r0, lsr #27
    4086:	eb10 000c 	adds.w	r0, r0, ip
    408a:	eb42 0205 	adc.w	r2, r2, r5
    return (int)((num + den / 2) / den);
    408e:	087d      	lsrs	r5, r7, #1
    4090:	ea45 75c6 	orr.w	r5, r5, r6, lsl #31
    num = (uint64_t)n * (uint64_t)cyc * 100ULL;
    4094:	18c0      	adds	r0, r0, r3
    4096:	eb41 0102 	adc.w	r1, r1, r2
    return (int)((num + den / 2) / den);
    409a:	1940      	adds	r0, r0, r5
    409c:	4633      	mov	r3, r6
    409e:	eb41 0156 	adc.w	r1, r1, r6, lsr #1
    40a2:	463a      	mov	r2, r7
    40a4:	f001 fe7a 	bl	5d9c <__aeabi_uldivmod>
           calc_percentage(n_shake128, shake128_cyc, total, n_tests));

    print_calls("SHAKE256 calls: ", n_shake256, n_tests);
    40a8:	f8df a3bc 	ldr.w	sl, [pc, #956]	@ 4468 <print_stuff+0x430>
    return (int)((num + den / 2) / den);
    40ac:	4601      	mov	r1, r0
    print_cycles("SHAKE256 cycles: ", shake256_cyc, n_tests);
    40ae:	f8df 93bc 	ldr.w	r9, [pc, #956]	@ 446c <print_stuff+0x434>
    printf("SHAKE128 %%: %d\n",
    40b2:	48d5      	ldr	r0, [pc, #852]	@ (4408 <print_stuff+0x3d0>)
    40b4:	f001 fce6 	bl	5a84 <printf>
    print_calls("SHAKE256 calls: ", n_shake256, n_tests);
    40b8:	4622      	mov	r2, r4
    40ba:	f8da 1000 	ldr.w	r1, [sl]
    40be:	48d3      	ldr	r0, [pc, #844]	@ (440c <print_stuff+0x3d4>)
    40c0:	f001 fa44 	bl	554c <print_calls>
    print_cycles("SHAKE256 cycles: ", shake256_cyc, n_tests);
    40c4:	4622      	mov	r2, r4
    40c6:	f8d9 1000 	ldr.w	r1, [r9]
    40ca:	48d1      	ldr	r0, [pc, #836]	@ (4410 <print_stuff+0x3d8>)
    40cc:	f001 fa56 	bl	557c <print_cycles>
    num = (uint64_t)n * (uint64_t)cyc * 100ULL;
    40d0:	f8da 3000 	ldr.w	r3, [sl]
    40d4:	f8d9 1000 	ldr.w	r1, [r9]
    return (int)((num + den / 2) / den);
    40d8:	ea4f 0856 	mov.w	r8, r6, lsr #1
    num = (uint64_t)n * (uint64_t)cyc * 100ULL;
    40dc:	fba3 c101 	umull	ip, r1, r3, r1
    40e0:	eb1c 000c 	adds.w	r0, ip, ip
    40e4:	eb41 0e01 	adc.w	lr, r1, r1
    40e8:	eb10 000c 	adds.w	r0, r0, ip
    40ec:	eb41 0e0e 	adc.w	lr, r1, lr
    40f0:	ea4f 194e 	mov.w	r9, lr, lsl #5
    40f4:	ea4f 1a40 	mov.w	sl, r0, lsl #5
    40f8:	ea49 69d0 	orr.w	r9, r9, r0, lsr #27
    40fc:	eb10 000a 	adds.w	r0, r0, sl
    4100:	eb4e 0e09 	adc.w	lr, lr, r9
    4104:	eb10 000c 	adds.w	r0, r0, ip
    4108:	eb41 010e 	adc.w	r1, r1, lr
    return (int)((num + den / 2) / den);
    410c:	1940      	adds	r0, r0, r5
    410e:	4633      	mov	r3, r6
    4110:	eb48 0101 	adc.w	r1, r8, r1
    4114:	463a      	mov	r2, r7
    4116:	f001 fe41 	bl	5d9c <__aeabi_uldivmod>
    printf("SHAKE256 %%: %d\n",
           calc_percentage(n_shake256, shake256_cyc, total, n_tests));

    print_calls("sha3_256 calls: ", n_sha3_256, n_tests);
    411a:	f8df a354 	ldr.w	sl, [pc, #852]	@ 4470 <print_stuff+0x438>
    return (int)((num + den / 2) / den);
    411e:	4601      	mov	r1, r0
    print_cycles("sha3_256 cycles: ", sha3_256_cyc, n_tests);
    4120:	f8df 9350 	ldr.w	r9, [pc, #848]	@ 4474 <print_stuff+0x43c>
    printf("SHAKE256 %%: %d\n",
    4124:	48bb      	ldr	r0, [pc, #748]	@ (4414 <print_stuff+0x3dc>)
    4126:	f001 fcad 	bl	5a84 <printf>
    print_calls("sha3_256 calls: ", n_sha3_256, n_tests);
    412a:	4622      	mov	r2, r4
    412c:	f8da 1000 	ldr.w	r1, [sl]
    4130:	48b9      	ldr	r0, [pc, #740]	@ (4418 <print_stuff+0x3e0>)
    4132:	f001 fa0b 	bl	554c <print_calls>
    print_cycles("sha3_256 cycles: ", sha3_256_cyc, n_tests);
    4136:	4622      	mov	r2, r4
    4138:	f8d9 1000 	ldr.w	r1, [r9]
    413c:	48b7      	ldr	r0, [pc, #732]	@ (441c <print_stuff+0x3e4>)
    413e:	f001 fa1d 	bl	557c <print_cycles>
    num = (uint64_t)n * (uint64_t)cyc * 100ULL;
    4142:	f8da 3000 	ldr.w	r3, [sl]
    4146:	f8d9 1000 	ldr.w	r1, [r9]
    return (int)((num + den / 2) / den);
    414a:	463a      	mov	r2, r7
    num = (uint64_t)n * (uint64_t)cyc * 100ULL;
    414c:	fba3 c101 	umull	ip, r1, r3, r1
    4150:	eb1c 000c 	adds.w	r0, ip, ip
    4154:	eb41 0e01 	adc.w	lr, r1, r1
    4158:	eb10 000c 	adds.w	r0, r0, ip
    415c:	eb41 0e0e 	adc.w	lr, r1, lr
    4160:	ea4f 194e 	mov.w	r9, lr, lsl #5
    4164:	ea4f 1a40 	mov.w	sl, r0, lsl #5
    4168:	ea49 69d0 	orr.w	r9, r9, r0, lsr #27
    416c:	eb10 000a 	adds.w	r0, r0, sl
    4170:	eb4e 0e09 	adc.w	lr, lr, r9
    4174:	eb10 000c 	adds.w	r0, r0, ip
    4178:	eb41 010e 	adc.w	r1, r1, lr
    return (int)((num + den / 2) / den);
    417c:	1940      	adds	r0, r0, r5
    417e:	4633      	mov	r3, r6
    4180:	eb48 0101 	adc.w	r1, r8, r1
    4184:	f001 fe0a 	bl	5d9c <__aeabi_uldivmod>
    printf("sha3_256 %%: %d\n",
           calc_percentage(n_sha3_256, sha3_256_cyc, total, n_tests));

    print_calls("sha3_512 calls: ", n_sha3_512, n_tests);
    4188:	f8df a2ec 	ldr.w	sl, [pc, #748]	@ 4478 <print_stuff+0x440>
    return (int)((num + den / 2) / den);
    418c:	4601      	mov	r1, r0
    print_cycles("sha3_512 cycles: ", sha3_512_cyc, n_tests);
    418e:	f8df 92ec 	ldr.w	r9, [pc, #748]	@ 447c <print_stuff+0x444>
    printf("sha3_256 %%: %d\n",
    4192:	48a3      	ldr	r0, [pc, #652]	@ (4420 <print_stuff+0x3e8>)
    4194:	f001 fc76 	bl	5a84 <printf>
    print_calls("sha3_512 calls: ", n_sha3_512, n_tests);
    4198:	4622      	mov	r2, r4
    419a:	f8da 1000 	ldr.w	r1, [sl]
    419e:	48a1      	ldr	r0, [pc, #644]	@ (4424 <print_stuff+0x3ec>)
    41a0:	f001 f9d4 	bl	554c <print_calls>
    print_cycles("sha3_512 cycles: ", sha3_512_cyc, n_tests);
    41a4:	4622      	mov	r2, r4
    41a6:	f8d9 1000 	ldr.w	r1, [r9]
    41aa:	489f      	ldr	r0, [pc, #636]	@ (4428 <print_stuff+0x3f0>)
    41ac:	f001 f9e6 	bl	557c <print_cycles>
    num = (uint64_t)n * (uint64_t)cyc * 100ULL;
    41b0:	f8da 3000 	ldr.w	r3, [sl]
    41b4:	f8d9 1000 	ldr.w	r1, [r9]
    return (int)((num + den / 2) / den);
    41b8:	463a      	mov	r2, r7
    num = (uint64_t)n * (uint64_t)cyc * 100ULL;
    41ba:	fba3 c101 	umull	ip, r1, r3, r1
    41be:	eb1c 000c 	adds.w	r0, ip, ip
    41c2:	eb41 0e01 	adc.w	lr, r1, r1
    41c6:	eb10 000c 	adds.w	r0, r0, ip
    41ca:	eb41 0e0e 	adc.w	lr, r1, lr
    41ce:	ea4f 194e 	mov.w	r9, lr, lsl #5
    41d2:	ea4f 1a40 	mov.w	sl, r0, lsl #5
    41d6:	ea49 69d0 	orr.w	r9, r9, r0, lsr #27
    41da:	eb10 000a 	adds.w	r0, r0, sl
    41de:	eb4e 0e09 	adc.w	lr, lr, r9
    41e2:	eb10 000c 	adds.w	r0, r0, ip
    41e6:	eb41 010e 	adc.w	r1, r1, lr
    return (int)((num + den / 2) / den);
    41ea:	1940      	adds	r0, r0, r5
    41ec:	4633      	mov	r3, r6
    41ee:	eb48 0101 	adc.w	r1, r8, r1
    41f2:	f001 fdd3 	bl	5d9c <__aeabi_uldivmod>
    printf("sha3_512 %%: %d\n",
           calc_percentage(n_sha3_512, sha3_512_cyc, total, n_tests));

    print_calls("gen_matrix calls: ", n_gen_matrix, n_tests);
    41f6:	f8df a288 	ldr.w	sl, [pc, #648]	@ 4480 <print_stuff+0x448>
    return (int)((num + den / 2) / den);
    41fa:	4601      	mov	r1, r0
    print_cycles("gen_matrix cycles: ", gen_matrix_cyc, n_tests);
    41fc:	f8df 9284 	ldr.w	r9, [pc, #644]	@ 4484 <print_stuff+0x44c>
    printf("sha3_512 %%: %d\n",
    4200:	488a      	ldr	r0, [pc, #552]	@ (442c <print_stuff+0x3f4>)
    4202:	f001 fc3f 	bl	5a84 <printf>
    print_calls("gen_matrix calls: ", n_gen_matrix, n_tests);
    4206:	4622      	mov	r2, r4
    4208:	f8da 1000 	ldr.w	r1, [sl]
    420c:	4888      	ldr	r0, [pc, #544]	@ (4430 <print_stuff+0x3f8>)
    420e:	f001 f99d 	bl	554c <print_calls>
    print_cycles("gen_matrix cycles: ", gen_matrix_cyc, n_tests);
    4212:	4622      	mov	r2, r4
    4214:	f8d9 1000 	ldr.w	r1, [r9]
    4218:	4886      	ldr	r0, [pc, #536]	@ (4434 <print_stuff+0x3fc>)
    421a:	f001 f9af 	bl	557c <print_cycles>
    num = (uint64_t)n * (uint64_t)cyc * 100ULL;
    421e:	f8da 3000 	ldr.w	r3, [sl]
    4222:	f8d9 1000 	ldr.w	r1, [r9]
    return (int)((num + den / 2) / den);
    4226:	463a      	mov	r2, r7
    num = (uint64_t)n * (uint64_t)cyc * 100ULL;
    4228:	fba3 c101 	umull	ip, r1, r3, r1
    422c:	eb1c 000c 	adds.w	r0, ip, ip
    4230:	eb41 0e01 	adc.w	lr, r1, r1
    4234:	eb10 000c 	adds.w	r0, r0, ip
    4238:	eb41 0e0e 	adc.w	lr, r1, lr
    423c:	ea4f 194e 	mov.w	r9, lr, lsl #5
    4240:	ea4f 1a40 	mov.w	sl, r0, lsl #5
    4244:	ea49 69d0 	orr.w	r9, r9, r0, lsr #27
    4248:	eb10 000a 	adds.w	r0, r0, sl
    424c:	eb4e 0e09 	adc.w	lr, lr, r9
    4250:	eb10 000c 	adds.w	r0, r0, ip
    4254:	eb41 010e 	adc.w	r1, r1, lr
    return (int)((num + den / 2) / den);
    4258:	1940      	adds	r0, r0, r5
    425a:	4633      	mov	r3, r6
    425c:	eb48 0101 	adc.w	r1, r8, r1
    4260:	f001 fd9c 	bl	5d9c <__aeabi_uldivmod>
    



    /* ---- State permute / NTT ---- */
    print_calls("State Permute calls: ", n_statepermute, n_tests);
    4264:	f8df a220 	ldr.w	sl, [pc, #544]	@ 4488 <print_stuff+0x450>
    return (int)((num + den / 2) / den);
    4268:	4601      	mov	r1, r0
    print_cycles("State Permute cycles: ", statepermute_cyc, n_tests);
    426a:	f8df 9220 	ldr.w	r9, [pc, #544]	@ 448c <print_stuff+0x454>
    printf("gen_matrix %%: %d\n",
    426e:	4872      	ldr	r0, [pc, #456]	@ (4438 <print_stuff+0x400>)
    4270:	f001 fc08 	bl	5a84 <printf>
    print_calls("State Permute calls: ", n_statepermute, n_tests);
    4274:	4622      	mov	r2, r4
    4276:	f8da 1000 	ldr.w	r1, [sl]
    427a:	4870      	ldr	r0, [pc, #448]	@ (443c <print_stuff+0x404>)
    427c:	f001 f966 	bl	554c <print_calls>
    print_cycles("State Permute cycles: ", statepermute_cyc, n_tests);
    4280:	4622      	mov	r2, r4
    4282:	f8d9 1000 	ldr.w	r1, [r9]
    4286:	486e      	ldr	r0, [pc, #440]	@ (4440 <print_stuff+0x408>)
    4288:	f001 f978 	bl	557c <print_cycles>
    num = (uint64_t)n * (uint64_t)cyc * 100ULL;
    428c:	f8da 3000 	ldr.w	r3, [sl]
    4290:	f8d9 1000 	ldr.w	r1, [r9]
    return (int)((num + den / 2) / den);
    4294:	463a      	mov	r2, r7
    num = (uint64_t)n * (uint64_t)cyc * 100ULL;
    4296:	fba3 c101 	umull	ip, r1, r3, r1
    429a:	eb1c 000c 	adds.w	r0, ip, ip
    429e:	eb41 0e01 	adc.w	lr, r1, r1
    42a2:	eb10 000c 	adds.w	r0, r0, ip
    42a6:	eb41 0e0e 	adc.w	lr, r1, lr
    42aa:	ea4f 194e 	mov.w	r9, lr, lsl #5
    42ae:	ea4f 1a40 	mov.w	sl, r0, lsl #5
    42b2:	ea49 69d0 	orr.w	r9, r9, r0, lsr #27
    42b6:	eb10 000a 	adds.w	r0, r0, sl
    42ba:	eb4e 0e09 	adc.w	lr, lr, r9
    42be:	eb10 000c 	adds.w	r0, r0, ip
    42c2:	eb41 010e 	adc.w	r1, r1, lr
    return (int)((num + den / 2) / den);
    42c6:	1940      	adds	r0, r0, r5
    42c8:	4633      	mov	r3, r6
    42ca:	eb48 0101 	adc.w	r1, r8, r1
    42ce:	f001 fd65 	bl	5d9c <__aeabi_uldivmod>
    printf("State Permute %%: %d\n",
           calc_percentage(n_statepermute, statepermute_cyc, total, n_tests));

    print_calls("NTT calls: ", n_ntt, n_tests);
    42d2:	f8df a1bc 	ldr.w	sl, [pc, #444]	@ 4490 <print_stuff+0x458>
    return (int)((num + den / 2) / den);
    42d6:	4601      	mov	r1, r0
    print_cycles("NTT cycles: ", ntt_cyc, n_tests);
    42d8:	f8df 91b8 	ldr.w	r9, [pc, #440]	@ 4494 <print_stuff+0x45c>
    printf("State Permute %%: %d\n",
    42dc:	4859      	ldr	r0, [pc, #356]	@ (4444 <print_stuff+0x40c>)
    42de:	f001 fbd1 	bl	5a84 <printf>
    print_calls("NTT calls: ", n_ntt, n_tests);
    42e2:	4622      	mov	r2, r4
    42e4:	f8da 1000 	ldr.w	r1, [sl]
    42e8:	4857      	ldr	r0, [pc, #348]	@ (4448 <print_stuff+0x410>)
    42ea:	f001 f92f 	bl	554c <print_calls>
    print_cycles("NTT cycles: ", ntt_cyc, n_tests);
    42ee:	4622      	mov	r2, r4
    42f0:	f8d9 1000 	ldr.w	r1, [r9]
    42f4:	4855      	ldr	r0, [pc, #340]	@ (444c <print_stuff+0x414>)
    42f6:	f001 f941 	bl	557c <print_cycles>
    num = (uint64_t)n * (uint64_t)cyc * 100ULL;
    42fa:	f8da 3000 	ldr.w	r3, [sl]
    42fe:	f8d9 1000 	ldr.w	r1, [r9]
    return (int)((num + den / 2) / den);
    4302:	463a      	mov	r2, r7
    num = (uint64_t)n * (uint64_t)cyc * 100ULL;
    4304:	fba3 c101 	umull	ip, r1, r3, r1
    4308:	eb1c 000c 	adds.w	r0, ip, ip
    430c:	eb41 0e01 	adc.w	lr, r1, r1
    4310:	eb10 000c 	adds.w	r0, r0, ip
    4314:	eb41 0e0e 	adc.w	lr, r1, lr
    4318:	ea4f 194e 	mov.w	r9, lr, lsl #5
    431c:	ea4f 1a40 	mov.w	sl, r0, lsl #5
    4320:	ea49 69d0 	orr.w	r9, r9, r0, lsr #27
    4324:	eb10 000a 	adds.w	r0, r0, sl
    4328:	eb4e 0e09 	adc.w	lr, lr, r9
    432c:	eb10 000c 	adds.w	r0, r0, ip
    4330:	eb41 010e 	adc.w	r1, r1, lr
    return (int)((num + den / 2) / den);
    4334:	1940      	adds	r0, r0, r5
    4336:	4633      	mov	r3, r6
    4338:	eb48 0101 	adc.w	r1, r8, r1
    433c:	f001 fd2e 	bl	5d9c <__aeabi_uldivmod>
    printf("NTT %%: %d\n",
           calc_percentage(n_ntt, ntt_cyc, total, n_tests));

    print_calls("INVNTT calls: ", n_invntt, n_tests);
    4340:	f8df a154 	ldr.w	sl, [pc, #340]	@ 4498 <print_stuff+0x460>
    return (int)((num + den / 2) / den);
    4344:	4601      	mov	r1, r0
    print_cycles("INVNTT cycles: ", inv_ntt_cyc, n_tests);
    4346:	f8df 9154 	ldr.w	r9, [pc, #340]	@ 449c <print_stuff+0x464>
    printf("NTT %%: %d\n",
    434a:	4841      	ldr	r0, [pc, #260]	@ (4450 <print_stuff+0x418>)
    434c:	f001 fb9a 	bl	5a84 <printf>
    print_calls("INVNTT calls: ", n_invntt, n_tests);
    4350:	4622      	mov	r2, r4
    4352:	f8da 1000 	ldr.w	r1, [sl]
    4356:	483f      	ldr	r0, [pc, #252]	@ (4454 <print_stuff+0x41c>)
    4358:	f001 f8f8 	bl	554c <print_calls>
    print_cycles("INVNTT cycles: ", inv_ntt_cyc, n_tests);
    435c:	4622      	mov	r2, r4
    435e:	f8d9 1000 	ldr.w	r1, [r9]
    4362:	483d      	ldr	r0, [pc, #244]	@ (4458 <print_stuff+0x420>)
    4364:	f001 f90a 	bl	557c <print_cycles>
    num = (uint64_t)n * (uint64_t)cyc * 100ULL;
    4368:	f8da 3000 	ldr.w	r3, [sl]
    436c:	f8d9 1000 	ldr.w	r1, [r9]
    return (int)((num + den / 2) / den);
    4370:	463a      	mov	r2, r7
    num = (uint64_t)n * (uint64_t)cyc * 100ULL;
    4372:	fba3 c101 	umull	ip, r1, r3, r1
    4376:	eb1c 000c 	adds.w	r0, ip, ip
    437a:	eb41 0e01 	adc.w	lr, r1, r1
    437e:	eb10 000c 	adds.w	r0, r0, ip
    4382:	eb41 0e0e 	adc.w	lr, r1, lr
    4386:	ea4f 194e 	mov.w	r9, lr, lsl #5
    438a:	ea4f 1a40 	mov.w	sl, r0, lsl #5
    438e:	ea49 69d0 	orr.w	r9, r9, r0, lsr #27
    4392:	eb10 000a 	adds.w	r0, r0, sl
    4396:	eb4e 0e09 	adc.w	lr, lr, r9
    439a:	eb10 000c 	adds.w	r0, r0, ip
    439e:	eb41 010e 	adc.w	r1, r1, lr
    return (int)((num + den / 2) / den);
    43a2:	1940      	adds	r0, r0, r5
    43a4:	4633      	mov	r3, r6
    43a6:	eb48 0101 	adc.w	r1, r8, r1
    43aa:	f001 fcf7 	bl	5d9c <__aeabi_uldivmod>
    printf("INVNTT %%: %d\n",
           calc_percentage(n_invntt, inv_ntt_cyc, total, n_tests));

    /* ---- Polynomial ops ---- */
    print_calls("Poly compress calls: ", n_poly_compress, n_tests);
    43ae:	f8df a0f0 	ldr.w	sl, [pc, #240]	@ 44a0 <print_stuff+0x468>
    return (int)((num + den / 2) / den);
    43b2:	4601      	mov	r1, r0
    print_cycles("Poly compress cycles: ", poly_compress_cyc, n_tests);
    43b4:	f8df 90ec 	ldr.w	r9, [pc, #236]	@ 44a4 <print_stuff+0x46c>
    printf("INVNTT %%: %d\n",
    43b8:	4828      	ldr	r0, [pc, #160]	@ (445c <print_stuff+0x424>)
    43ba:	f001 fb63 	bl	5a84 <printf>
    print_calls("Poly compress calls: ", n_poly_compress, n_tests);
    43be:	4622      	mov	r2, r4
    43c0:	f8da 1000 	ldr.w	r1, [sl]
    43c4:	4826      	ldr	r0, [pc, #152]	@ (4460 <print_stuff+0x428>)
    43c6:	f001 f8c1 	bl	554c <print_calls>
    print_cycles("Poly compress cycles: ", poly_compress_cyc, n_tests);
    43ca:	4622      	mov	r2, r4
    43cc:	f8d9 1000 	ldr.w	r1, [r9]
    43d0:	4824      	ldr	r0, [pc, #144]	@ (4464 <print_stuff+0x42c>)
    43d2:	f001 f8d3 	bl	557c <print_cycles>
    num = (uint64_t)n * (uint64_t)cyc * 100ULL;
    43d6:	f8da 3000 	ldr.w	r3, [sl]
    43da:	f8d9 1000 	ldr.w	r1, [r9]
    return (int)((num + den / 2) / den);
    43de:	463a      	mov	r2, r7
    num = (uint64_t)n * (uint64_t)cyc * 100ULL;
    43e0:	fba3 c101 	umull	ip, r1, r3, r1
    43e4:	eb1c 000c 	adds.w	r0, ip, ip
    43e8:	eb41 0e01 	adc.w	lr, r1, r1
    43ec:	eb10 000c 	adds.w	r0, r0, ip
    43f0:	eb41 0e0e 	adc.w	lr, r1, lr
    43f4:	e058      	b.n	44a8 <print_stuff+0x470>
    43f6:	bf00      	nop
    43f8:	20000118 	.word	0x20000118
    43fc:	20000110 	.word	0x20000110
    4400:	00000688 	.word	0x00000688
    4404:	0000069c 	.word	0x0000069c
    4408:	000006b0 	.word	0x000006b0
    440c:	000006c4 	.word	0x000006c4
    4410:	000006d8 	.word	0x000006d8
    4414:	000006ec 	.word	0x000006ec
    4418:	00000700 	.word	0x00000700
    441c:	00000714 	.word	0x00000714
    4420:	00000728 	.word	0x00000728
    4424:	0000073c 	.word	0x0000073c
    4428:	00000750 	.word	0x00000750
    442c:	00000764 	.word	0x00000764
    4430:	00000778 	.word	0x00000778
    4434:	0000078c 	.word	0x0000078c
    4438:	000007a0 	.word	0x000007a0
    443c:	000007b4 	.word	0x000007b4
    4440:	000007cc 	.word	0x000007cc
    4444:	000007e4 	.word	0x000007e4
    4448:	000007fc 	.word	0x000007fc
    444c:	00000808 	.word	0x00000808
    4450:	00000818 	.word	0x00000818
    4454:	00000824 	.word	0x00000824
    4458:	00000834 	.word	0x00000834
    445c:	00000844 	.word	0x00000844
    4460:	00000854 	.word	0x00000854
    4464:	0000086c 	.word	0x0000086c
    4468:	2000011c 	.word	0x2000011c
    446c:	20000114 	.word	0x20000114
    4470:	20000108 	.word	0x20000108
    4474:	2000010c 	.word	0x2000010c
    4478:	20000104 	.word	0x20000104
    447c:	20000100 	.word	0x20000100
    4480:	200000fc 	.word	0x200000fc
    4484:	200000f8 	.word	0x200000f8
    4488:	2000018c 	.word	0x2000018c
    448c:	20000180 	.word	0x20000180
    4490:	20000188 	.word	0x20000188
    4494:	2000017c 	.word	0x2000017c
    4498:	20000184 	.word	0x20000184
    449c:	20000178 	.word	0x20000178
    44a0:	20000174 	.word	0x20000174
    44a4:	2000016c 	.word	0x2000016c
    44a8:	ea4f 194e 	mov.w	r9, lr, lsl #5
    44ac:	ea4f 1a40 	mov.w	sl, r0, lsl #5
    44b0:	ea49 69d0 	orr.w	r9, r9, r0, lsr #27
    44b4:	eb10 000a 	adds.w	r0, r0, sl
    44b8:	eb4e 0e09 	adc.w	lr, lr, r9
    44bc:	eb10 000c 	adds.w	r0, r0, ip
    44c0:	eb41 010e 	adc.w	r1, r1, lr
    return (int)((num + den / 2) / den);
    44c4:	1940      	adds	r0, r0, r5
    44c6:	4633      	mov	r3, r6
    44c8:	eb48 0101 	adc.w	r1, r8, r1
    44cc:	f001 fc66 	bl	5d9c <__aeabi_uldivmod>
    printf("Poly compress %%: %d\n",
           calc_percentage(n_poly_compress, poly_compress_cyc, total, n_tests));

    print_calls("Poly decompress calls: ", n_poly_decompress, n_tests);
    44d0:	f8df a434 	ldr.w	sl, [pc, #1076]	@ 4908 <print_stuff+0x8d0>
    return (int)((num + den / 2) / den);
    44d4:	4601      	mov	r1, r0
    print_cycles("Poly decompress cycles: ", poly_decompress_cyc, n_tests);
    44d6:	f8df 9434 	ldr.w	r9, [pc, #1076]	@ 490c <print_stuff+0x8d4>
    printf("Poly compress %%: %d\n",
    44da:	48f0      	ldr	r0, [pc, #960]	@ (489c <print_stuff+0x864>)
    44dc:	f001 fad2 	bl	5a84 <printf>
    print_calls("Poly decompress calls: ", n_poly_decompress, n_tests);
    44e0:	4622      	mov	r2, r4
    44e2:	f8da 1000 	ldr.w	r1, [sl]
    44e6:	48ee      	ldr	r0, [pc, #952]	@ (48a0 <print_stuff+0x868>)
    44e8:	f001 f830 	bl	554c <print_calls>
    print_cycles("Poly decompress cycles: ", poly_decompress_cyc, n_tests);
    44ec:	4622      	mov	r2, r4
    44ee:	f8d9 1000 	ldr.w	r1, [r9]
    44f2:	48ec      	ldr	r0, [pc, #944]	@ (48a4 <print_stuff+0x86c>)
    44f4:	f001 f842 	bl	557c <print_cycles>
    num = (uint64_t)n * (uint64_t)cyc * 100ULL;
    44f8:	f8da 3000 	ldr.w	r3, [sl]
    44fc:	f8d9 1000 	ldr.w	r1, [r9]
    return (int)((num + den / 2) / den);
    4500:	463a      	mov	r2, r7
    num = (uint64_t)n * (uint64_t)cyc * 100ULL;
    4502:	fba3 c101 	umull	ip, r1, r3, r1
    4506:	eb1c 000c 	adds.w	r0, ip, ip
    450a:	eb41 0e01 	adc.w	lr, r1, r1
    450e:	eb10 000c 	adds.w	r0, r0, ip
    4512:	eb41 0e0e 	adc.w	lr, r1, lr
    4516:	ea4f 194e 	mov.w	r9, lr, lsl #5
    451a:	ea4f 1a40 	mov.w	sl, r0, lsl #5
    451e:	ea49 69d0 	orr.w	r9, r9, r0, lsr #27
    4522:	eb10 000a 	adds.w	r0, r0, sl
    4526:	eb4e 0e09 	adc.w	lr, lr, r9
    452a:	eb10 000c 	adds.w	r0, r0, ip
    452e:	eb41 010e 	adc.w	r1, r1, lr
    return (int)((num + den / 2) / den);
    4532:	1940      	adds	r0, r0, r5
    4534:	4633      	mov	r3, r6
    4536:	eb48 0101 	adc.w	r1, r8, r1
    453a:	f001 fc2f 	bl	5d9c <__aeabi_uldivmod>
    printf("Poly decompress %%: %d\n",
           calc_percentage(n_poly_decompress, poly_decompress_cyc, total, n_tests));

    print_calls("Poly add calls: ", n_poly_add, n_tests);
    453e:	f8df a3d0 	ldr.w	sl, [pc, #976]	@ 4910 <print_stuff+0x8d8>
    return (int)((num + den / 2) / den);
    4542:	4601      	mov	r1, r0
    print_cycles("Poly add cycles: ", poly_add_cyc, n_tests);
    4544:	f8df 93cc 	ldr.w	r9, [pc, #972]	@ 4914 <print_stuff+0x8dc>
    printf("Poly decompress %%: %d\n",
    4548:	48d7      	ldr	r0, [pc, #860]	@ (48a8 <print_stuff+0x870>)
    454a:	f001 fa9b 	bl	5a84 <printf>
    print_calls("Poly add calls: ", n_poly_add, n_tests);
    454e:	4622      	mov	r2, r4
    4550:	f8da 1000 	ldr.w	r1, [sl]
    4554:	48d5      	ldr	r0, [pc, #852]	@ (48ac <print_stuff+0x874>)
    4556:	f000 fff9 	bl	554c <print_calls>
    print_cycles("Poly add cycles: ", poly_add_cyc, n_tests);
    455a:	4622      	mov	r2, r4
    455c:	f8d9 1000 	ldr.w	r1, [r9]
    4560:	48d3      	ldr	r0, [pc, #844]	@ (48b0 <print_stuff+0x878>)
    4562:	f001 f80b 	bl	557c <print_cycles>
    num = (uint64_t)n * (uint64_t)cyc * 100ULL;
    4566:	f8da 3000 	ldr.w	r3, [sl]
    456a:	f8d9 1000 	ldr.w	r1, [r9]
    return (int)((num + den / 2) / den);
    456e:	463a      	mov	r2, r7
    num = (uint64_t)n * (uint64_t)cyc * 100ULL;
    4570:	fba3 c101 	umull	ip, r1, r3, r1
    4574:	eb1c 000c 	adds.w	r0, ip, ip
    4578:	eb41 0e01 	adc.w	lr, r1, r1
    457c:	eb10 000c 	adds.w	r0, r0, ip
    4580:	eb41 0e0e 	adc.w	lr, r1, lr
    4584:	ea4f 194e 	mov.w	r9, lr, lsl #5
    4588:	ea4f 1a40 	mov.w	sl, r0, lsl #5
    458c:	ea49 69d0 	orr.w	r9, r9, r0, lsr #27
    4590:	eb10 000a 	adds.w	r0, r0, sl
    4594:	eb4e 0e09 	adc.w	lr, lr, r9
    4598:	eb10 000c 	adds.w	r0, r0, ip
    459c:	eb41 010e 	adc.w	r1, r1, lr
    return (int)((num + den / 2) / den);
    45a0:	1940      	adds	r0, r0, r5
    45a2:	4633      	mov	r3, r6
    45a4:	eb48 0101 	adc.w	r1, r8, r1
    45a8:	f001 fbf8 	bl	5d9c <__aeabi_uldivmod>
    printf("Poly add %%: %d\n",
           calc_percentage(n_poly_add, poly_add_cyc, total, n_tests));

    print_calls("Poly sub calls: ", n_poly_sub, n_tests);
    45ac:	f8df 9368 	ldr.w	r9, [pc, #872]	@ 4918 <print_stuff+0x8e0>
    return (int)((num + den / 2) / den);
    45b0:	4601      	mov	r1, r0
    printf("Poly add %%: %d\n",
    45b2:	48c0      	ldr	r0, [pc, #768]	@ (48b4 <print_stuff+0x87c>)
    45b4:	f001 fa66 	bl	5a84 <printf>
    print_calls("Poly sub calls: ", n_poly_sub, n_tests);
    print_cycles("Poly sub cycles: ", poly_sub_cyc, n_tests);
    45b8:	f8df a360 	ldr.w	sl, [pc, #864]	@ 491c <print_stuff+0x8e4>
    print_calls("Poly sub calls: ", n_poly_sub, n_tests);
    45bc:	4622      	mov	r2, r4
    45be:	f8d9 1000 	ldr.w	r1, [r9]
    45c2:	48bd      	ldr	r0, [pc, #756]	@ (48b8 <print_stuff+0x880>)
    45c4:	f000 ffc2 	bl	554c <print_calls>
    print_calls("Poly sub calls: ", n_poly_sub, n_tests);
    45c8:	4622      	mov	r2, r4
    45ca:	f8d9 1000 	ldr.w	r1, [r9]
    45ce:	48ba      	ldr	r0, [pc, #744]	@ (48b8 <print_stuff+0x880>)
    45d0:	f000 ffbc 	bl	554c <print_calls>
    print_cycles("Poly sub cycles: ", poly_sub_cyc, n_tests);
    45d4:	4622      	mov	r2, r4
    45d6:	f8da 1000 	ldr.w	r1, [sl]
    45da:	48b8      	ldr	r0, [pc, #736]	@ (48bc <print_stuff+0x884>)
    45dc:	f000 ffce 	bl	557c <print_cycles>
    num = (uint64_t)n * (uint64_t)cyc * 100ULL;
    45e0:	f8d9 3000 	ldr.w	r3, [r9]
    45e4:	f8da 1000 	ldr.w	r1, [sl]
    return (int)((num + den / 2) / den);
    45e8:	463a      	mov	r2, r7
    num = (uint64_t)n * (uint64_t)cyc * 100ULL;
    45ea:	fba3 c101 	umull	ip, r1, r3, r1
    45ee:	eb1c 000c 	adds.w	r0, ip, ip
    45f2:	eb41 0e01 	adc.w	lr, r1, r1
    45f6:	eb10 000c 	adds.w	r0, r0, ip
    45fa:	eb41 0e0e 	adc.w	lr, r1, lr
    45fe:	ea4f 194e 	mov.w	r9, lr, lsl #5
    4602:	ea4f 1a40 	mov.w	sl, r0, lsl #5
    4606:	ea49 69d0 	orr.w	r9, r9, r0, lsr #27
    460a:	eb10 000a 	adds.w	r0, r0, sl
    460e:	eb4e 0e09 	adc.w	lr, lr, r9
    4612:	eb10 000c 	adds.w	r0, r0, ip
    4616:	eb41 010e 	adc.w	r1, r1, lr
    return (int)((num + den / 2) / den);
    461a:	1940      	adds	r0, r0, r5
    461c:	4633      	mov	r3, r6
    461e:	eb48 0101 	adc.w	r1, r8, r1
    4622:	f001 fbbb 	bl	5d9c <__aeabi_uldivmod>
    printf("Poly sub %%: %d\n",
           calc_percentage(n_poly_sub, poly_sub_cyc, total, n_tests));

    /* ---- Base multiplication ---- */
    print_calls("Basemul calls: ", n_basemul, n_tests);
    4626:	f8df a2f8 	ldr.w	sl, [pc, #760]	@ 4920 <print_stuff+0x8e8>
    return (int)((num + den / 2) / den);
    462a:	4601      	mov	r1, r0
    print_cycles("Basemul cycles: ", basemul_cyc, n_tests);
    462c:	f8df 92f4 	ldr.w	r9, [pc, #756]	@ 4924 <print_stuff+0x8ec>
    printf("Poly sub %%: %d\n",
    4630:	48a3      	ldr	r0, [pc, #652]	@ (48c0 <print_stuff+0x888>)
    4632:	f001 fa27 	bl	5a84 <printf>
    print_calls("Basemul calls: ", n_basemul, n_tests);
    4636:	4622      	mov	r2, r4
    4638:	f8da 1000 	ldr.w	r1, [sl]
    463c:	48a1      	ldr	r0, [pc, #644]	@ (48c4 <print_stuff+0x88c>)
    463e:	f000 ff85 	bl	554c <print_calls>
    print_cycles("Basemul cycles: ", basemul_cyc, n_tests);
    4642:	4622      	mov	r2, r4
    4644:	f8d9 1000 	ldr.w	r1, [r9]
    4648:	489f      	ldr	r0, [pc, #636]	@ (48c8 <print_stuff+0x890>)
    464a:	f000 ff97 	bl	557c <print_cycles>
    num = (uint64_t)n * (uint64_t)cyc * 100ULL;
    464e:	f8da 3000 	ldr.w	r3, [sl]
    4652:	f8d9 1000 	ldr.w	r1, [r9]
    return (int)((num + den / 2) / den);
    4656:	463a      	mov	r2, r7
    num = (uint64_t)n * (uint64_t)cyc * 100ULL;
    4658:	fba3 c101 	umull	ip, r1, r3, r1
    465c:	eb1c 000c 	adds.w	r0, ip, ip
    4660:	eb41 0e01 	adc.w	lr, r1, r1
    4664:	eb10 000c 	adds.w	r0, r0, ip
    4668:	eb41 0e0e 	adc.w	lr, r1, lr
    466c:	ea4f 194e 	mov.w	r9, lr, lsl #5
    4670:	ea4f 1a40 	mov.w	sl, r0, lsl #5
    4674:	ea49 69d0 	orr.w	r9, r9, r0, lsr #27
    4678:	eb10 000a 	adds.w	r0, r0, sl
    467c:	eb4e 0e09 	adc.w	lr, lr, r9
    4680:	eb10 000c 	adds.w	r0, r0, ip
    4684:	eb41 010e 	adc.w	r1, r1, lr
    return (int)((num + den / 2) / den);
    4688:	1940      	adds	r0, r0, r5
    468a:	4633      	mov	r3, r6
    468c:	eb48 0101 	adc.w	r1, r8, r1
    4690:	f001 fb84 	bl	5d9c <__aeabi_uldivmod>
    printf("Basemul %%: %d\n",
           calc_percentage(n_basemul, basemul_cyc, total, n_tests));

    /* ---- CBD sampling ---- */
    print_calls("CBD eta1 calls: ", n_poly_cbd_eta1, n_tests);
    4694:	f8df a290 	ldr.w	sl, [pc, #656]	@ 4928 <print_stuff+0x8f0>
    return (int)((num + den / 2) / den);
    4698:	4601      	mov	r1, r0
    print_cycles("CBD eta1 cycles: ", poly_cbd_eta1_cyc, n_tests);
    469a:	f8df 9290 	ldr.w	r9, [pc, #656]	@ 492c <print_stuff+0x8f4>
    printf("Basemul %%: %d\n",
    469e:	488b      	ldr	r0, [pc, #556]	@ (48cc <print_stuff+0x894>)
    46a0:	f001 f9f0 	bl	5a84 <printf>
    print_calls("CBD eta1 calls: ", n_poly_cbd_eta1, n_tests);
    46a4:	4622      	mov	r2, r4
    46a6:	f8da 1000 	ldr.w	r1, [sl]
    46aa:	4889      	ldr	r0, [pc, #548]	@ (48d0 <print_stuff+0x898>)
    46ac:	f000 ff4e 	bl	554c <print_calls>
    print_cycles("CBD eta1 cycles: ", poly_cbd_eta1_cyc, n_tests);
    46b0:	4622      	mov	r2, r4
    46b2:	f8d9 1000 	ldr.w	r1, [r9]
    46b6:	4887      	ldr	r0, [pc, #540]	@ (48d4 <print_stuff+0x89c>)
    46b8:	f000 ff60 	bl	557c <print_cycles>
    num = (uint64_t)n * (uint64_t)cyc * 100ULL;
    46bc:	f8da 3000 	ldr.w	r3, [sl]
    46c0:	f8d9 1000 	ldr.w	r1, [r9]
    return (int)((num + den / 2) / den);
    46c4:	463a      	mov	r2, r7
    num = (uint64_t)n * (uint64_t)cyc * 100ULL;
    46c6:	fba3 c101 	umull	ip, r1, r3, r1
    46ca:	eb1c 000c 	adds.w	r0, ip, ip
    46ce:	eb41 0e01 	adc.w	lr, r1, r1
    46d2:	eb10 000c 	adds.w	r0, r0, ip
    46d6:	eb41 0e0e 	adc.w	lr, r1, lr
    46da:	ea4f 194e 	mov.w	r9, lr, lsl #5
    46de:	ea4f 1a40 	mov.w	sl, r0, lsl #5
    46e2:	ea49 69d0 	orr.w	r9, r9, r0, lsr #27
    46e6:	eb10 000a 	adds.w	r0, r0, sl
    46ea:	eb4e 0e09 	adc.w	lr, lr, r9
    46ee:	eb10 000c 	adds.w	r0, r0, ip
    46f2:	eb41 010e 	adc.w	r1, r1, lr
    return (int)((num + den / 2) / den);
    46f6:	1940      	adds	r0, r0, r5
    46f8:	4633      	mov	r3, r6
    46fa:	eb48 0101 	adc.w	r1, r8, r1
    46fe:	f001 fb4d 	bl	5d9c <__aeabi_uldivmod>
    printf("CBD eta1 %%: %d\n",
           calc_percentage(n_poly_cbd_eta1, poly_cbd_eta1_cyc, total, n_tests));

    print_calls("CBD eta2 calls: ", n_poly_cbd_eta2, n_tests);
    4702:	f8df a22c 	ldr.w	sl, [pc, #556]	@ 4930 <print_stuff+0x8f8>
    return (int)((num + den / 2) / den);
    4706:	4601      	mov	r1, r0
    print_cycles("CBD eta2 cycles: ", poly_cbd_eta2_cyc, n_tests);
    4708:	f8df 9228 	ldr.w	r9, [pc, #552]	@ 4934 <print_stuff+0x8fc>
    printf("CBD eta1 %%: %d\n",
    470c:	4872      	ldr	r0, [pc, #456]	@ (48d8 <print_stuff+0x8a0>)
    470e:	f001 f9b9 	bl	5a84 <printf>
    print_calls("CBD eta2 calls: ", n_poly_cbd_eta2, n_tests);
    4712:	4622      	mov	r2, r4
    4714:	f8da 1000 	ldr.w	r1, [sl]
    4718:	4870      	ldr	r0, [pc, #448]	@ (48dc <print_stuff+0x8a4>)
    471a:	f000 ff17 	bl	554c <print_calls>
    print_cycles("CBD eta2 cycles: ", poly_cbd_eta2_cyc, n_tests);
    471e:	4622      	mov	r2, r4
    4720:	f8d9 1000 	ldr.w	r1, [r9]
    4724:	486e      	ldr	r0, [pc, #440]	@ (48e0 <print_stuff+0x8a8>)
    4726:	f000 ff29 	bl	557c <print_cycles>
    num = (uint64_t)n * (uint64_t)cyc * 100ULL;
    472a:	f8da 3000 	ldr.w	r3, [sl]
    472e:	f8d9 1000 	ldr.w	r1, [r9]
    return (int)((num + den / 2) / den);
    4732:	463a      	mov	r2, r7
    num = (uint64_t)n * (uint64_t)cyc * 100ULL;
    4734:	fba3 c101 	umull	ip, r1, r3, r1
    4738:	eb1c 000c 	adds.w	r0, ip, ip
    473c:	eb41 0e01 	adc.w	lr, r1, r1
    4740:	eb10 000c 	adds.w	r0, r0, ip
    4744:	eb41 0e0e 	adc.w	lr, r1, lr
    4748:	ea4f 194e 	mov.w	r9, lr, lsl #5
    474c:	ea4f 1a40 	mov.w	sl, r0, lsl #5
    4750:	ea49 69d0 	orr.w	r9, r9, r0, lsr #27
    4754:	eb10 000a 	adds.w	r0, r0, sl
    4758:	eb4e 0e09 	adc.w	lr, lr, r9
    475c:	eb10 000c 	adds.w	r0, r0, ip
    4760:	eb41 010e 	adc.w	r1, r1, lr
    return (int)((num + den / 2) / den);
    4764:	1940      	adds	r0, r0, r5
    4766:	4633      	mov	r3, r6
    4768:	eb48 0101 	adc.w	r1, r8, r1
    476c:	f001 fb16 	bl	5d9c <__aeabi_uldivmod>
    printf("CBD eta2 %%: %d\n",
           calc_percentage(n_poly_cbd_eta2, poly_cbd_eta2_cyc, total, n_tests));

    /* ---- Modular arithmetic ---- */
    print_calls("Barrett calls: ", n_barrett, n_tests);
    4770:	f8df a1c4 	ldr.w	sl, [pc, #452]	@ 4938 <print_stuff+0x900>
    return (int)((num + den / 2) / den);
    4774:	4601      	mov	r1, r0
    print_cycles("Barrett cycles: ", barrett_cyc, n_tests);
    4776:	f8df 91c4 	ldr.w	r9, [pc, #452]	@ 493c <print_stuff+0x904>
    printf("CBD eta2 %%: %d\n",
    477a:	485a      	ldr	r0, [pc, #360]	@ (48e4 <print_stuff+0x8ac>)
    477c:	f001 f982 	bl	5a84 <printf>
    print_calls("Barrett calls: ", n_barrett, n_tests);
    4780:	4622      	mov	r2, r4
    4782:	f8da 1000 	ldr.w	r1, [sl]
    4786:	4858      	ldr	r0, [pc, #352]	@ (48e8 <print_stuff+0x8b0>)
    4788:	f000 fee0 	bl	554c <print_calls>
    print_cycles("Barrett cycles: ", barrett_cyc, n_tests);
    478c:	4622      	mov	r2, r4
    478e:	f8d9 1000 	ldr.w	r1, [r9]
    4792:	4856      	ldr	r0, [pc, #344]	@ (48ec <print_stuff+0x8b4>)
    4794:	f000 fef2 	bl	557c <print_cycles>
    num = (uint64_t)n * (uint64_t)cyc * 100ULL;
    4798:	f8da 3000 	ldr.w	r3, [sl]
    479c:	f8d9 1000 	ldr.w	r1, [r9]
    return (int)((num + den / 2) / den);
    47a0:	463a      	mov	r2, r7
    num = (uint64_t)n * (uint64_t)cyc * 100ULL;
    47a2:	fba3 c101 	umull	ip, r1, r3, r1
    47a6:	eb1c 000c 	adds.w	r0, ip, ip
    47aa:	eb41 0e01 	adc.w	lr, r1, r1
    47ae:	eb10 000c 	adds.w	r0, r0, ip
    47b2:	eb41 0e0e 	adc.w	lr, r1, lr
    47b6:	ea4f 194e 	mov.w	r9, lr, lsl #5
    47ba:	ea4f 1a40 	mov.w	sl, r0, lsl #5
    47be:	ea49 69d0 	orr.w	r9, r9, r0, lsr #27
    47c2:	eb10 000a 	adds.w	r0, r0, sl
    47c6:	eb4e 0e09 	adc.w	lr, lr, r9
    47ca:	eb10 000c 	adds.w	r0, r0, ip
    47ce:	eb41 010e 	adc.w	r1, r1, lr
    return (int)((num + den / 2) / den);
    47d2:	1940      	adds	r0, r0, r5
    47d4:	4633      	mov	r3, r6
    47d6:	eb48 0101 	adc.w	r1, r8, r1
    47da:	f001 fadf 	bl	5d9c <__aeabi_uldivmod>
    printf("Barrett %%: %d\n",
           calc_percentage(n_barrett, barrett_cyc, total, n_tests));

    print_calls("Montgomery calls: ", n_montgomery, n_tests);
    47de:	f8df a160 	ldr.w	sl, [pc, #352]	@ 4940 <print_stuff+0x908>
    return (int)((num + den / 2) / den);
    47e2:	4601      	mov	r1, r0
    print_cycles("Montgomery cycles: ", montgomery_cyc, n_tests);
    47e4:	f8df 915c 	ldr.w	r9, [pc, #348]	@ 4944 <print_stuff+0x90c>
    printf("Barrett %%: %d\n",
    47e8:	4841      	ldr	r0, [pc, #260]	@ (48f0 <print_stuff+0x8b8>)
    47ea:	f001 f94b 	bl	5a84 <printf>
    print_calls("Montgomery calls: ", n_montgomery, n_tests);
    47ee:	4622      	mov	r2, r4
    47f0:	f8da 1000 	ldr.w	r1, [sl]
    47f4:	483f      	ldr	r0, [pc, #252]	@ (48f4 <print_stuff+0x8bc>)
    47f6:	f000 fea9 	bl	554c <print_calls>
    print_cycles("Montgomery cycles: ", montgomery_cyc, n_tests);
    47fa:	4622      	mov	r2, r4
    47fc:	f8d9 1000 	ldr.w	r1, [r9]
    4800:	483d      	ldr	r0, [pc, #244]	@ (48f8 <print_stuff+0x8c0>)
    4802:	f000 febb 	bl	557c <print_cycles>
    num = (uint64_t)n * (uint64_t)cyc * 100ULL;
    4806:	f8da 3000 	ldr.w	r3, [sl]
    480a:	f8d9 1000 	ldr.w	r1, [r9]
    return (int)((num + den / 2) / den);
    480e:	463a      	mov	r2, r7
    num = (uint64_t)n * (uint64_t)cyc * 100ULL;
    4810:	fba3 c101 	umull	ip, r1, r3, r1
    4814:	eb1c 000c 	adds.w	r0, ip, ip
    4818:	eb41 0e01 	adc.w	lr, r1, r1
    481c:	eb10 000c 	adds.w	r0, r0, ip
    4820:	eb41 0e0e 	adc.w	lr, r1, lr
    4824:	ea4f 194e 	mov.w	r9, lr, lsl #5
    4828:	ea4f 1a40 	mov.w	sl, r0, lsl #5
    482c:	ea49 69d0 	orr.w	r9, r9, r0, lsr #27
    4830:	eb10 000a 	adds.w	r0, r0, sl
    4834:	eb4e 0e09 	adc.w	lr, lr, r9
    4838:	eb10 000c 	adds.w	r0, r0, ip
    483c:	eb41 010e 	adc.w	r1, r1, lr
    return (int)((num + den / 2) / den);
    4840:	1940      	adds	r0, r0, r5
    4842:	4633      	mov	r3, r6
    4844:	eb48 0101 	adc.w	r1, r8, r1
    4848:	f001 faa8 	bl	5d9c <__aeabi_uldivmod>
    printf("Montgomery %%: %d\n",
           calc_percentage(n_montgomery, montgomery_cyc, total, n_tests));

    /* ---- Polyvec ---- */
    print_calls("Polyvec compress calls: ", n_polyvec_compress, n_tests);
    484c:	f8df a0f8 	ldr.w	sl, [pc, #248]	@ 4948 <print_stuff+0x910>
    return (int)((num + den / 2) / den);
    4850:	4601      	mov	r1, r0
    print_cycles("Polyvec compress cycles: ", polyvec_compress_cyc, n_tests);
    4852:	f8df 90f8 	ldr.w	r9, [pc, #248]	@ 494c <print_stuff+0x914>
    printf("Montgomery %%: %d\n",
    4856:	4829      	ldr	r0, [pc, #164]	@ (48fc <print_stuff+0x8c4>)
    4858:	f001 f914 	bl	5a84 <printf>
    print_calls("Polyvec compress calls: ", n_polyvec_compress, n_tests);
    485c:	4622      	mov	r2, r4
    485e:	f8da 1000 	ldr.w	r1, [sl]
    4862:	4827      	ldr	r0, [pc, #156]	@ (4900 <print_stuff+0x8c8>)
    4864:	f000 fe72 	bl	554c <print_calls>
    print_cycles("Polyvec compress cycles: ", polyvec_compress_cyc, n_tests);
    4868:	4622      	mov	r2, r4
    486a:	f8d9 1000 	ldr.w	r1, [r9]
    486e:	4825      	ldr	r0, [pc, #148]	@ (4904 <print_stuff+0x8cc>)
    4870:	f000 fe84 	bl	557c <print_cycles>
    num = (uint64_t)n * (uint64_t)cyc * 100ULL;
    4874:	f8da 3000 	ldr.w	r3, [sl]
    4878:	f8d9 1000 	ldr.w	r1, [r9]
    return (int)((num + den / 2) / den);
    487c:	463a      	mov	r2, r7
    num = (uint64_t)n * (uint64_t)cyc * 100ULL;
    487e:	fba3 c101 	umull	ip, r1, r3, r1
    4882:	eb1c 000c 	adds.w	r0, ip, ip
    4886:	eb41 0e01 	adc.w	lr, r1, r1
    488a:	eb10 000c 	adds.w	r0, r0, ip
    488e:	eb41 0e0e 	adc.w	lr, r1, lr
    4892:	ea4f 194e 	mov.w	r9, lr, lsl #5
    4896:	ea4f 1a40 	mov.w	sl, r0, lsl #5
    489a:	e059      	b.n	4950 <print_stuff+0x918>
    489c:	00000884 	.word	0x00000884
    48a0:	0000089c 	.word	0x0000089c
    48a4:	000008b4 	.word	0x000008b4
    48a8:	000008d0 	.word	0x000008d0
    48ac:	000008e8 	.word	0x000008e8
    48b0:	000008fc 	.word	0x000008fc
    48b4:	00000910 	.word	0x00000910
    48b8:	00000924 	.word	0x00000924
    48bc:	00000938 	.word	0x00000938
    48c0:	0000094c 	.word	0x0000094c
    48c4:	00000960 	.word	0x00000960
    48c8:	00000970 	.word	0x00000970
    48cc:	00000984 	.word	0x00000984
    48d0:	00000994 	.word	0x00000994
    48d4:	000009a8 	.word	0x000009a8
    48d8:	000009bc 	.word	0x000009bc
    48dc:	000009d0 	.word	0x000009d0
    48e0:	000009e4 	.word	0x000009e4
    48e4:	000009f8 	.word	0x000009f8
    48e8:	00000a0c 	.word	0x00000a0c
    48ec:	00000a1c 	.word	0x00000a1c
    48f0:	00000a30 	.word	0x00000a30
    48f4:	00000a40 	.word	0x00000a40
    48f8:	00000a54 	.word	0x00000a54
    48fc:	00000a68 	.word	0x00000a68
    4900:	00000a7c 	.word	0x00000a7c
    4904:	00000a98 	.word	0x00000a98
    4908:	20000170 	.word	0x20000170
    490c:	20000168 	.word	0x20000168
    4910:	20000164 	.word	0x20000164
    4914:	20000150 	.word	0x20000150
    4918:	20000160 	.word	0x20000160
    491c:	20000154 	.word	0x20000154
    4920:	2000015c 	.word	0x2000015c
    4924:	20000158 	.word	0x20000158
    4928:	20000144 	.word	0x20000144
    492c:	20000140 	.word	0x20000140
    4930:	2000014c 	.word	0x2000014c
    4934:	20000148 	.word	0x20000148
    4938:	2000013c 	.word	0x2000013c
    493c:	20000134 	.word	0x20000134
    4940:	20000138 	.word	0x20000138
    4944:	20000130 	.word	0x20000130
    4948:	2000012c 	.word	0x2000012c
    494c:	20000124 	.word	0x20000124
    4950:	ea49 69d0 	orr.w	r9, r9, r0, lsr #27
    4954:	eb10 000a 	adds.w	r0, r0, sl
    4958:	eb4e 0e09 	adc.w	lr, lr, r9
    495c:	eb10 000c 	adds.w	r0, r0, ip
    4960:	eb41 010e 	adc.w	r1, r1, lr
    return (int)((num + den / 2) / den);
    4964:	1940      	adds	r0, r0, r5
    4966:	4633      	mov	r3, r6
    4968:	eb48 0101 	adc.w	r1, r8, r1
    496c:	f001 fa16 	bl	5d9c <__aeabi_uldivmod>
    printf("Polyvec compress %%: %d\n",
           calc_percentage(n_polyvec_compress, polyvec_compress_cyc, total, n_tests));

    print_calls("Polyvec decompress calls: ", n_polyvec_decompress, n_tests);
    4970:	f8df a178 	ldr.w	sl, [pc, #376]	@ 4aec <print_stuff+0xab4>
    return (int)((num + den / 2) / den);
    4974:	4601      	mov	r1, r0
    print_cycles("Polyvec decompress cycles: ", polyvec_decompress_cyc, n_tests);
    4976:	f8df 9178 	ldr.w	r9, [pc, #376]	@ 4af0 <print_stuff+0xab8>
    printf("Polyvec compress %%: %d\n",
    497a:	4852      	ldr	r0, [pc, #328]	@ (4ac4 <print_stuff+0xa8c>)
    497c:	f001 f882 	bl	5a84 <printf>
    print_calls("Polyvec decompress calls: ", n_polyvec_decompress, n_tests);
    4980:	4622      	mov	r2, r4
    4982:	f8da 1000 	ldr.w	r1, [sl]
    4986:	4850      	ldr	r0, [pc, #320]	@ (4ac8 <print_stuff+0xa90>)
    4988:	f000 fde0 	bl	554c <print_calls>
    print_cycles("Polyvec decompress cycles: ", polyvec_decompress_cyc, n_tests);
    498c:	4622      	mov	r2, r4
    498e:	f8d9 1000 	ldr.w	r1, [r9]
    4992:	484e      	ldr	r0, [pc, #312]	@ (4acc <print_stuff+0xa94>)
    4994:	f000 fdf2 	bl	557c <print_cycles>
    num = (uint64_t)n * (uint64_t)cyc * 100ULL;
    4998:	f8da 3000 	ldr.w	r3, [sl]
    499c:	f8d9 1000 	ldr.w	r1, [r9]
    return (int)((num + den / 2) / den);
    49a0:	463a      	mov	r2, r7
    num = (uint64_t)n * (uint64_t)cyc * 100ULL;
    49a2:	fba3 c101 	umull	ip, r1, r3, r1
    49a6:	eb1c 000c 	adds.w	r0, ip, ip
    49aa:	eb41 0e01 	adc.w	lr, r1, r1
    49ae:	eb10 000c 	adds.w	r0, r0, ip
    49b2:	eb41 0e0e 	adc.w	lr, r1, lr
    49b6:	ea4f 194e 	mov.w	r9, lr, lsl #5
    49ba:	ea4f 1a40 	mov.w	sl, r0, lsl #5
    49be:	ea49 69d0 	orr.w	r9, r9, r0, lsr #27
    49c2:	eb10 000a 	adds.w	r0, r0, sl
    49c6:	eb4e 0e09 	adc.w	lr, lr, r9
    49ca:	eb10 000c 	adds.w	r0, r0, ip
    49ce:	eb41 010e 	adc.w	r1, r1, lr
    return (int)((num + den / 2) / den);
    49d2:	1940      	adds	r0, r0, r5
    49d4:	4633      	mov	r3, r6
    49d6:	eb48 0101 	adc.w	r1, r8, r1
    49da:	f001 f9df 	bl	5d9c <__aeabi_uldivmod>
    printf("Polyvec decompress %%: %d\n",
           calc_percentage(n_polyvec_decompress, polyvec_decompress_cyc, total, n_tests));


    print_calls("rkprf calls: ", n_rkprf, n_tests);
    49de:	f8df 9114 	ldr.w	r9, [pc, #276]	@ 4af4 <print_stuff+0xabc>
    return (int)((num + den / 2) / den);
    49e2:	4601      	mov	r1, r0
    print_cycles("rkprf cycles: ", rkprf_cyc, n_tests);
    49e4:	f8df a110 	ldr.w	sl, [pc, #272]	@ 4af8 <print_stuff+0xac0>
    printf("Polyvec decompress %%: %d\n",
    49e8:	4839      	ldr	r0, [pc, #228]	@ (4ad0 <print_stuff+0xa98>)
    49ea:	f001 f84b 	bl	5a84 <printf>
    print_calls("rkprf calls: ", n_rkprf, n_tests);
    49ee:	4622      	mov	r2, r4
    49f0:	f8d9 1000 	ldr.w	r1, [r9]
    49f4:	4837      	ldr	r0, [pc, #220]	@ (4ad4 <print_stuff+0xa9c>)
    49f6:	f000 fda9 	bl	554c <print_calls>
    print_cycles("rkprf cycles: ", rkprf_cyc, n_tests);
    49fa:	4622      	mov	r2, r4
    49fc:	f8da 1000 	ldr.w	r1, [sl]
    4a00:	4835      	ldr	r0, [pc, #212]	@ (4ad8 <print_stuff+0xaa0>)
    4a02:	f000 fdbb 	bl	557c <print_cycles>
    num = (uint64_t)n * (uint64_t)cyc * 100ULL;
    4a06:	f8da 3000 	ldr.w	r3, [sl]
    4a0a:	f8d9 1000 	ldr.w	r1, [r9]
    return (int)((num + den / 2) / den);
    4a0e:	463a      	mov	r2, r7
    num = (uint64_t)n * (uint64_t)cyc * 100ULL;
    4a10:	fba3 c101 	umull	ip, r1, r3, r1
    4a14:	eb1c 000c 	adds.w	r0, ip, ip
    4a18:	eb41 0e01 	adc.w	lr, r1, r1
    4a1c:	eb10 000c 	adds.w	r0, r0, ip
    4a20:	eb41 0e0e 	adc.w	lr, r1, lr
    4a24:	ea4f 194e 	mov.w	r9, lr, lsl #5
    4a28:	ea4f 1a40 	mov.w	sl, r0, lsl #5
    4a2c:	ea49 69d0 	orr.w	r9, r9, r0, lsr #27
    4a30:	eb10 000a 	adds.w	r0, r0, sl
    4a34:	eb4e 0e09 	adc.w	lr, lr, r9
    4a38:	eb10 000c 	adds.w	r0, r0, ip
    4a3c:	eb41 010e 	adc.w	r1, r1, lr
    return (int)((num + den / 2) / den);
    4a40:	1940      	adds	r0, r0, r5
    4a42:	4633      	mov	r3, r6
    4a44:	eb48 0101 	adc.w	r1, r8, r1
    4a48:	f001 f9a8 	bl	5d9c <__aeabi_uldivmod>
    printf("rkprf %%: %d\n",
           calc_percentage(n_rkprf, rkprf_cyc, total, n_tests));


    print_calls("rej_uniform calls: ", n_rej_uniform, n_tests);
    4a4c:	f8df 90ac 	ldr.w	r9, [pc, #172]	@ 4afc <print_stuff+0xac4>
    return (int)((num + den / 2) / den);
    4a50:	4601      	mov	r1, r0
    print_cycles("rej_uniform cycles: ", rej_uniform_cyc, n_tests);
    4a52:	f8df a0ac 	ldr.w	sl, [pc, #172]	@ 4b00 <print_stuff+0xac8>
    printf("rkprf %%: %d\n",
    4a56:	4821      	ldr	r0, [pc, #132]	@ (4adc <print_stuff+0xaa4>)
    4a58:	f001 f814 	bl	5a84 <printf>
    print_calls("rej_uniform calls: ", n_rej_uniform, n_tests);
    4a5c:	4622      	mov	r2, r4
    4a5e:	f8d9 1000 	ldr.w	r1, [r9]
    4a62:	481f      	ldr	r0, [pc, #124]	@ (4ae0 <print_stuff+0xaa8>)
    4a64:	f000 fd72 	bl	554c <print_calls>
    print_cycles("rej_uniform cycles: ", rej_uniform_cyc, n_tests);
    4a68:	4622      	mov	r2, r4
    4a6a:	f8da 1000 	ldr.w	r1, [sl]
    4a6e:	481d      	ldr	r0, [pc, #116]	@ (4ae4 <print_stuff+0xaac>)
    4a70:	f000 fd84 	bl	557c <print_cycles>
    num = (uint64_t)n * (uint64_t)cyc * 100ULL;
    4a74:	f8da 4000 	ldr.w	r4, [sl]
    4a78:	f8d9 1000 	ldr.w	r1, [r9]
    return (int)((num + den / 2) / den);
    4a7c:	4633      	mov	r3, r6
    num = (uint64_t)n * (uint64_t)cyc * 100ULL;
    4a7e:	fba4 4101 	umull	r4, r1, r4, r1
    4a82:	1920      	adds	r0, r4, r4
    4a84:	eb41 0601 	adc.w	r6, r1, r1
    4a88:	1900      	adds	r0, r0, r4
    4a8a:	eb41 0606 	adc.w	r6, r1, r6
    return (int)((num + den / 2) / den);
    4a8e:	463a      	mov	r2, r7
    num = (uint64_t)n * (uint64_t)cyc * 100ULL;
    4a90:	ea4f 1c40 	mov.w	ip, r0, lsl #5
    4a94:	0177      	lsls	r7, r6, #5
    4a96:	ea47 67d0 	orr.w	r7, r7, r0, lsr #27
    4a9a:	eb10 000c 	adds.w	r0, r0, ip
    4a9e:	eb46 0607 	adc.w	r6, r6, r7
    4aa2:	1900      	adds	r0, r0, r4
    4aa4:	eb41 0106 	adc.w	r1, r1, r6
    return (int)((num + den / 2) / den);
    4aa8:	1940      	adds	r0, r0, r5
    4aaa:	eb48 0101 	adc.w	r1, r8, r1
    4aae:	f001 f975 	bl	5d9c <__aeabi_uldivmod>
    4ab2:	4601      	mov	r1, r0
    printf("rej_uniform %%: %d\n",
    4ab4:	480c      	ldr	r0, [pc, #48]	@ (4ae8 <print_stuff+0xab0>)
    4ab6:	f000 ffe5 	bl	5a84 <printf>
           calc_percentage(n_rej_uniform, rej_uniform_cyc, total, n_tests));
    
    reset_vals();
}
    4aba:	e8bd 47f0 	ldmia.w	sp!, {r4, r5, r6, r7, r8, r9, sl, lr}
    reset_vals();
    4abe:	f7ff ba1f 	b.w	3f00 <reset_vals>
    4ac2:	bf00      	nop
    4ac4:	00000ab4 	.word	0x00000ab4
    4ac8:	00000ad0 	.word	0x00000ad0
    4acc:	00000aec 	.word	0x00000aec
    4ad0:	00000b08 	.word	0x00000b08
    4ad4:	00000b24 	.word	0x00000b24
    4ad8:	00000b34 	.word	0x00000b34
    4adc:	00000b44 	.word	0x00000b44
    4ae0:	00000b54 	.word	0x00000b54
    4ae4:	00000b68 	.word	0x00000b68
    4ae8:	00000b80 	.word	0x00000b80
    4aec:	20000128 	.word	0x20000128
    4af0:	20000120 	.word	0x20000120
    4af4:	200000f0 	.word	0x200000f0
    4af8:	200000f4 	.word	0x200000f4
    4afc:	200000ec 	.word	0x200000ec
    4b00:	200000e8 	.word	0x200000e8
    printf("SHAKE128 %%: %d\n",
    4b04:	2100      	movs	r1, #0
    4b06:	48a6      	ldr	r0, [pc, #664]	@ (4da0 <print_stuff+0xd68>)
    4b08:	f000 ffbc 	bl	5a84 <printf>
    print_calls("SHAKE256 calls: ", n_shake256, n_tests);
    4b0c:	4ba5      	ldr	r3, [pc, #660]	@ (4da4 <print_stuff+0xd6c>)
    4b0e:	4622      	mov	r2, r4
    4b10:	6819      	ldr	r1, [r3, #0]
    4b12:	48a5      	ldr	r0, [pc, #660]	@ (4da8 <print_stuff+0xd70>)
    4b14:	f000 fd1a 	bl	554c <print_calls>
    print_cycles("SHAKE256 cycles: ", shake256_cyc, n_tests);
    4b18:	4ba4      	ldr	r3, [pc, #656]	@ (4dac <print_stuff+0xd74>)
    4b1a:	4622      	mov	r2, r4
    4b1c:	6819      	ldr	r1, [r3, #0]
    4b1e:	48a4      	ldr	r0, [pc, #656]	@ (4db0 <print_stuff+0xd78>)
    4b20:	f000 fd2c 	bl	557c <print_cycles>
    printf("SHAKE256 %%: %d\n",
    4b24:	2100      	movs	r1, #0
    4b26:	48a3      	ldr	r0, [pc, #652]	@ (4db4 <print_stuff+0xd7c>)
    4b28:	f000 ffac 	bl	5a84 <printf>
    print_calls("sha3_256 calls: ", n_sha3_256, n_tests);
    4b2c:	4ba2      	ldr	r3, [pc, #648]	@ (4db8 <print_stuff+0xd80>)
    4b2e:	4622      	mov	r2, r4
    4b30:	6819      	ldr	r1, [r3, #0]
    4b32:	48a2      	ldr	r0, [pc, #648]	@ (4dbc <print_stuff+0xd84>)
    4b34:	f000 fd0a 	bl	554c <print_calls>
    print_cycles("sha3_256 cycles: ", sha3_256_cyc, n_tests);
    4b38:	4ba1      	ldr	r3, [pc, #644]	@ (4dc0 <print_stuff+0xd88>)
    4b3a:	4622      	mov	r2, r4
    4b3c:	6819      	ldr	r1, [r3, #0]
    4b3e:	48a1      	ldr	r0, [pc, #644]	@ (4dc4 <print_stuff+0xd8c>)
    4b40:	f000 fd1c 	bl	557c <print_cycles>
    printf("sha3_256 %%: %d\n",
    4b44:	2100      	movs	r1, #0
    4b46:	48a0      	ldr	r0, [pc, #640]	@ (4dc8 <print_stuff+0xd90>)
    4b48:	f000 ff9c 	bl	5a84 <printf>
    print_calls("sha3_512 calls: ", n_sha3_512, n_tests);
    4b4c:	4b9f      	ldr	r3, [pc, #636]	@ (4dcc <print_stuff+0xd94>)
    4b4e:	4622      	mov	r2, r4
    4b50:	6819      	ldr	r1, [r3, #0]
    4b52:	489f      	ldr	r0, [pc, #636]	@ (4dd0 <print_stuff+0xd98>)
    4b54:	f000 fcfa 	bl	554c <print_calls>
    print_cycles("sha3_512 cycles: ", sha3_512_cyc, n_tests);
    4b58:	4b9e      	ldr	r3, [pc, #632]	@ (4dd4 <print_stuff+0xd9c>)
    4b5a:	4622      	mov	r2, r4
    4b5c:	6819      	ldr	r1, [r3, #0]
    4b5e:	489e      	ldr	r0, [pc, #632]	@ (4dd8 <print_stuff+0xda0>)
    4b60:	f000 fd0c 	bl	557c <print_cycles>
    printf("sha3_512 %%: %d\n",
    4b64:	2100      	movs	r1, #0
    4b66:	489d      	ldr	r0, [pc, #628]	@ (4ddc <print_stuff+0xda4>)
    4b68:	f000 ff8c 	bl	5a84 <printf>
    print_calls("gen_matrix calls: ", n_gen_matrix, n_tests);
    4b6c:	4b9c      	ldr	r3, [pc, #624]	@ (4de0 <print_stuff+0xda8>)
    4b6e:	4622      	mov	r2, r4
    4b70:	6819      	ldr	r1, [r3, #0]
    4b72:	489c      	ldr	r0, [pc, #624]	@ (4de4 <print_stuff+0xdac>)
    4b74:	f000 fcea 	bl	554c <print_calls>
    print_cycles("gen_matrix cycles: ", gen_matrix_cyc, n_tests);
    4b78:	4b9b      	ldr	r3, [pc, #620]	@ (4de8 <print_stuff+0xdb0>)
    4b7a:	4622      	mov	r2, r4
    4b7c:	6819      	ldr	r1, [r3, #0]
    4b7e:	489b      	ldr	r0, [pc, #620]	@ (4dec <print_stuff+0xdb4>)
    4b80:	f000 fcfc 	bl	557c <print_cycles>
    printf("gen_matrix %%: %d\n",
    4b84:	2100      	movs	r1, #0
    4b86:	489a      	ldr	r0, [pc, #616]	@ (4df0 <print_stuff+0xdb8>)
    4b88:	f000 ff7c 	bl	5a84 <printf>
    print_calls("State Permute calls: ", n_statepermute, n_tests);
    4b8c:	4b99      	ldr	r3, [pc, #612]	@ (4df4 <print_stuff+0xdbc>)
    4b8e:	4622      	mov	r2, r4
    4b90:	6819      	ldr	r1, [r3, #0]
    4b92:	4899      	ldr	r0, [pc, #612]	@ (4df8 <print_stuff+0xdc0>)
    4b94:	f000 fcda 	bl	554c <print_calls>
    print_cycles("State Permute cycles: ", statepermute_cyc, n_tests);
    4b98:	4b98      	ldr	r3, [pc, #608]	@ (4dfc <print_stuff+0xdc4>)
    4b9a:	4622      	mov	r2, r4
    4b9c:	6819      	ldr	r1, [r3, #0]
    4b9e:	4898      	ldr	r0, [pc, #608]	@ (4e00 <print_stuff+0xdc8>)
    4ba0:	f000 fcec 	bl	557c <print_cycles>
    printf("State Permute %%: %d\n",
    4ba4:	2100      	movs	r1, #0
    4ba6:	4897      	ldr	r0, [pc, #604]	@ (4e04 <print_stuff+0xdcc>)
    4ba8:	f000 ff6c 	bl	5a84 <printf>
    print_calls("NTT calls: ", n_ntt, n_tests);
    4bac:	4b96      	ldr	r3, [pc, #600]	@ (4e08 <print_stuff+0xdd0>)
    4bae:	4622      	mov	r2, r4
    4bb0:	6819      	ldr	r1, [r3, #0]
    4bb2:	4896      	ldr	r0, [pc, #600]	@ (4e0c <print_stuff+0xdd4>)
    4bb4:	f000 fcca 	bl	554c <print_calls>
    print_cycles("NTT cycles: ", ntt_cyc, n_tests);
    4bb8:	4b95      	ldr	r3, [pc, #596]	@ (4e10 <print_stuff+0xdd8>)
    4bba:	4622      	mov	r2, r4
    4bbc:	6819      	ldr	r1, [r3, #0]
    4bbe:	4895      	ldr	r0, [pc, #596]	@ (4e14 <print_stuff+0xddc>)
    4bc0:	f000 fcdc 	bl	557c <print_cycles>
    printf("NTT %%: %d\n",
    4bc4:	2100      	movs	r1, #0
    4bc6:	4894      	ldr	r0, [pc, #592]	@ (4e18 <print_stuff+0xde0>)
    4bc8:	f000 ff5c 	bl	5a84 <printf>
    print_calls("INVNTT calls: ", n_invntt, n_tests);
    4bcc:	4b93      	ldr	r3, [pc, #588]	@ (4e1c <print_stuff+0xde4>)
    4bce:	4622      	mov	r2, r4
    4bd0:	6819      	ldr	r1, [r3, #0]
    4bd2:	4893      	ldr	r0, [pc, #588]	@ (4e20 <print_stuff+0xde8>)
    4bd4:	f000 fcba 	bl	554c <print_calls>
    print_cycles("INVNTT cycles: ", inv_ntt_cyc, n_tests);
    4bd8:	4b92      	ldr	r3, [pc, #584]	@ (4e24 <print_stuff+0xdec>)
    4bda:	4622      	mov	r2, r4
    4bdc:	6819      	ldr	r1, [r3, #0]
    4bde:	4892      	ldr	r0, [pc, #584]	@ (4e28 <print_stuff+0xdf0>)
    4be0:	f000 fccc 	bl	557c <print_cycles>
    printf("INVNTT %%: %d\n",
    4be4:	2100      	movs	r1, #0
    4be6:	4891      	ldr	r0, [pc, #580]	@ (4e2c <print_stuff+0xdf4>)
    4be8:	f000 ff4c 	bl	5a84 <printf>
    print_calls("Poly compress calls: ", n_poly_compress, n_tests);
    4bec:	4b90      	ldr	r3, [pc, #576]	@ (4e30 <print_stuff+0xdf8>)
    4bee:	4622      	mov	r2, r4
    4bf0:	6819      	ldr	r1, [r3, #0]
    4bf2:	4890      	ldr	r0, [pc, #576]	@ (4e34 <print_stuff+0xdfc>)
    4bf4:	f000 fcaa 	bl	554c <print_calls>
    print_cycles("Poly compress cycles: ", poly_compress_cyc, n_tests);
    4bf8:	4b8f      	ldr	r3, [pc, #572]	@ (4e38 <print_stuff+0xe00>)
    4bfa:	4622      	mov	r2, r4
    4bfc:	6819      	ldr	r1, [r3, #0]
    4bfe:	488f      	ldr	r0, [pc, #572]	@ (4e3c <print_stuff+0xe04>)
    4c00:	f000 fcbc 	bl	557c <print_cycles>
    printf("Poly compress %%: %d\n",
    4c04:	2100      	movs	r1, #0
    4c06:	488e      	ldr	r0, [pc, #568]	@ (4e40 <print_stuff+0xe08>)
    4c08:	f000 ff3c 	bl	5a84 <printf>
    print_calls("Poly decompress calls: ", n_poly_decompress, n_tests);
    4c0c:	4b8d      	ldr	r3, [pc, #564]	@ (4e44 <print_stuff+0xe0c>)
    4c0e:	4622      	mov	r2, r4
    4c10:	6819      	ldr	r1, [r3, #0]
    4c12:	488d      	ldr	r0, [pc, #564]	@ (4e48 <print_stuff+0xe10>)
    4c14:	f000 fc9a 	bl	554c <print_calls>
    print_cycles("Poly decompress cycles: ", poly_decompress_cyc, n_tests);
    4c18:	4b8c      	ldr	r3, [pc, #560]	@ (4e4c <print_stuff+0xe14>)
    4c1a:	4622      	mov	r2, r4
    4c1c:	6819      	ldr	r1, [r3, #0]
    4c1e:	488c      	ldr	r0, [pc, #560]	@ (4e50 <print_stuff+0xe18>)
    4c20:	f000 fcac 	bl	557c <print_cycles>
    printf("Poly decompress %%: %d\n",
    4c24:	2100      	movs	r1, #0
    4c26:	488b      	ldr	r0, [pc, #556]	@ (4e54 <print_stuff+0xe1c>)
    4c28:	f000 ff2c 	bl	5a84 <printf>
    print_calls("Poly add calls: ", n_poly_add, n_tests);
    4c2c:	4b8a      	ldr	r3, [pc, #552]	@ (4e58 <print_stuff+0xe20>)
    4c2e:	4622      	mov	r2, r4
    4c30:	6819      	ldr	r1, [r3, #0]
    4c32:	488a      	ldr	r0, [pc, #552]	@ (4e5c <print_stuff+0xe24>)
    4c34:	f000 fc8a 	bl	554c <print_calls>
    print_cycles("Poly add cycles: ", poly_add_cyc, n_tests);
    4c38:	4b89      	ldr	r3, [pc, #548]	@ (4e60 <print_stuff+0xe28>)
    4c3a:	4622      	mov	r2, r4
    4c3c:	6819      	ldr	r1, [r3, #0]
    print_calls("Poly sub calls: ", n_poly_sub, n_tests);
    4c3e:	4d89      	ldr	r5, [pc, #548]	@ (4e64 <print_stuff+0xe2c>)
    print_cycles("Poly add cycles: ", poly_add_cyc, n_tests);
    4c40:	4889      	ldr	r0, [pc, #548]	@ (4e68 <print_stuff+0xe30>)
    4c42:	f000 fc9b 	bl	557c <print_cycles>
    printf("Poly add %%: %d\n",
    4c46:	2100      	movs	r1, #0
    4c48:	4888      	ldr	r0, [pc, #544]	@ (4e6c <print_stuff+0xe34>)
    4c4a:	f000 ff1b 	bl	5a84 <printf>
    print_calls("Poly sub calls: ", n_poly_sub, n_tests);
    4c4e:	4622      	mov	r2, r4
    4c50:	6829      	ldr	r1, [r5, #0]
    4c52:	4887      	ldr	r0, [pc, #540]	@ (4e70 <print_stuff+0xe38>)
    4c54:	f000 fc7a 	bl	554c <print_calls>
    print_calls("Poly sub calls: ", n_poly_sub, n_tests);
    4c58:	4622      	mov	r2, r4
    4c5a:	6829      	ldr	r1, [r5, #0]
    4c5c:	4884      	ldr	r0, [pc, #528]	@ (4e70 <print_stuff+0xe38>)
    4c5e:	f000 fc75 	bl	554c <print_calls>
    print_cycles("Poly sub cycles: ", poly_sub_cyc, n_tests);
    4c62:	4b84      	ldr	r3, [pc, #528]	@ (4e74 <print_stuff+0xe3c>)
    4c64:	4622      	mov	r2, r4
    4c66:	6819      	ldr	r1, [r3, #0]
    4c68:	4883      	ldr	r0, [pc, #524]	@ (4e78 <print_stuff+0xe40>)
    4c6a:	f000 fc87 	bl	557c <print_cycles>
    printf("Poly sub %%: %d\n",
    4c6e:	2100      	movs	r1, #0
    4c70:	4882      	ldr	r0, [pc, #520]	@ (4e7c <print_stuff+0xe44>)
    4c72:	f000 ff07 	bl	5a84 <printf>
    print_calls("Basemul calls: ", n_basemul, n_tests);
    4c76:	4b82      	ldr	r3, [pc, #520]	@ (4e80 <print_stuff+0xe48>)
    4c78:	4622      	mov	r2, r4
    4c7a:	6819      	ldr	r1, [r3, #0]
    4c7c:	4881      	ldr	r0, [pc, #516]	@ (4e84 <print_stuff+0xe4c>)
    4c7e:	f000 fc65 	bl	554c <print_calls>
    print_cycles("Basemul cycles: ", basemul_cyc, n_tests);
    4c82:	4b81      	ldr	r3, [pc, #516]	@ (4e88 <print_stuff+0xe50>)
    4c84:	4622      	mov	r2, r4
    4c86:	6819      	ldr	r1, [r3, #0]
    4c88:	4880      	ldr	r0, [pc, #512]	@ (4e8c <print_stuff+0xe54>)
    4c8a:	f000 fc77 	bl	557c <print_cycles>
    printf("Basemul %%: %d\n",
    4c8e:	2100      	movs	r1, #0
    4c90:	487f      	ldr	r0, [pc, #508]	@ (4e90 <print_stuff+0xe58>)
    4c92:	f000 fef7 	bl	5a84 <printf>
    print_calls("CBD eta1 calls: ", n_poly_cbd_eta1, n_tests);
    4c96:	4b7f      	ldr	r3, [pc, #508]	@ (4e94 <print_stuff+0xe5c>)
    4c98:	4622      	mov	r2, r4
    4c9a:	6819      	ldr	r1, [r3, #0]
    4c9c:	487e      	ldr	r0, [pc, #504]	@ (4e98 <print_stuff+0xe60>)
    4c9e:	f000 fc55 	bl	554c <print_calls>
    print_cycles("CBD eta1 cycles: ", poly_cbd_eta1_cyc, n_tests);
    4ca2:	4b7e      	ldr	r3, [pc, #504]	@ (4e9c <print_stuff+0xe64>)
    4ca4:	4622      	mov	r2, r4
    4ca6:	6819      	ldr	r1, [r3, #0]
    4ca8:	487d      	ldr	r0, [pc, #500]	@ (4ea0 <print_stuff+0xe68>)
    4caa:	f000 fc67 	bl	557c <print_cycles>
    printf("CBD eta1 %%: %d\n",
    4cae:	2100      	movs	r1, #0
    4cb0:	487c      	ldr	r0, [pc, #496]	@ (4ea4 <print_stuff+0xe6c>)
    4cb2:	f000 fee7 	bl	5a84 <printf>
    print_calls("CBD eta2 calls: ", n_poly_cbd_eta2, n_tests);
    4cb6:	4b7c      	ldr	r3, [pc, #496]	@ (4ea8 <print_stuff+0xe70>)
    4cb8:	4622      	mov	r2, r4
    4cba:	6819      	ldr	r1, [r3, #0]
    4cbc:	487b      	ldr	r0, [pc, #492]	@ (4eac <print_stuff+0xe74>)
    4cbe:	f000 fc45 	bl	554c <print_calls>
    print_cycles("CBD eta2 cycles: ", poly_cbd_eta2_cyc, n_tests);
    4cc2:	4b7b      	ldr	r3, [pc, #492]	@ (4eb0 <print_stuff+0xe78>)
    4cc4:	4622      	mov	r2, r4
    4cc6:	6819      	ldr	r1, [r3, #0]
    4cc8:	487a      	ldr	r0, [pc, #488]	@ (4eb4 <print_stuff+0xe7c>)
    4cca:	f000 fc57 	bl	557c <print_cycles>
    printf("CBD eta2 %%: %d\n",
    4cce:	2100      	movs	r1, #0
    4cd0:	4879      	ldr	r0, [pc, #484]	@ (4eb8 <print_stuff+0xe80>)
    4cd2:	f000 fed7 	bl	5a84 <printf>
    print_calls("Barrett calls: ", n_barrett, n_tests);
    4cd6:	4b79      	ldr	r3, [pc, #484]	@ (4ebc <print_stuff+0xe84>)
    4cd8:	4622      	mov	r2, r4
    4cda:	6819      	ldr	r1, [r3, #0]
    4cdc:	4878      	ldr	r0, [pc, #480]	@ (4ec0 <print_stuff+0xe88>)
    4cde:	f000 fc35 	bl	554c <print_calls>
    print_cycles("Barrett cycles: ", barrett_cyc, n_tests);
    4ce2:	4b78      	ldr	r3, [pc, #480]	@ (4ec4 <print_stuff+0xe8c>)
    4ce4:	4622      	mov	r2, r4
    4ce6:	6819      	ldr	r1, [r3, #0]
    4ce8:	4877      	ldr	r0, [pc, #476]	@ (4ec8 <print_stuff+0xe90>)
    4cea:	f000 fc47 	bl	557c <print_cycles>
    printf("Barrett %%: %d\n",
    4cee:	2100      	movs	r1, #0
    4cf0:	4876      	ldr	r0, [pc, #472]	@ (4ecc <print_stuff+0xe94>)
    4cf2:	f000 fec7 	bl	5a84 <printf>
    print_calls("Montgomery calls: ", n_montgomery, n_tests);
    4cf6:	4b76      	ldr	r3, [pc, #472]	@ (4ed0 <print_stuff+0xe98>)
    4cf8:	4622      	mov	r2, r4
    4cfa:	6819      	ldr	r1, [r3, #0]
    4cfc:	4875      	ldr	r0, [pc, #468]	@ (4ed4 <print_stuff+0xe9c>)
    4cfe:	f000 fc25 	bl	554c <print_calls>
    print_cycles("Montgomery cycles: ", montgomery_cyc, n_tests);
    4d02:	4b75      	ldr	r3, [pc, #468]	@ (4ed8 <print_stuff+0xea0>)
    4d04:	4622      	mov	r2, r4
    4d06:	6819      	ldr	r1, [r3, #0]
    4d08:	4874      	ldr	r0, [pc, #464]	@ (4edc <print_stuff+0xea4>)
    4d0a:	f000 fc37 	bl	557c <print_cycles>
    printf("Montgomery %%: %d\n",
    4d0e:	2100      	movs	r1, #0
    4d10:	4873      	ldr	r0, [pc, #460]	@ (4ee0 <print_stuff+0xea8>)
    4d12:	f000 feb7 	bl	5a84 <printf>
    print_calls("Polyvec compress calls: ", n_polyvec_compress, n_tests);
    4d16:	4b73      	ldr	r3, [pc, #460]	@ (4ee4 <print_stuff+0xeac>)
    4d18:	4622      	mov	r2, r4
    4d1a:	6819      	ldr	r1, [r3, #0]
    4d1c:	4872      	ldr	r0, [pc, #456]	@ (4ee8 <print_stuff+0xeb0>)
    4d1e:	f000 fc15 	bl	554c <print_calls>
    print_cycles("Polyvec compress cycles: ", polyvec_compress_cyc, n_tests);
    4d22:	4b72      	ldr	r3, [pc, #456]	@ (4eec <print_stuff+0xeb4>)
    4d24:	4622      	mov	r2, r4
    4d26:	6819      	ldr	r1, [r3, #0]
    4d28:	4871      	ldr	r0, [pc, #452]	@ (4ef0 <print_stuff+0xeb8>)
    4d2a:	f000 fc27 	bl	557c <print_cycles>
    printf("Polyvec compress %%: %d\n",
    4d2e:	2100      	movs	r1, #0
    4d30:	4870      	ldr	r0, [pc, #448]	@ (4ef4 <print_stuff+0xebc>)
    4d32:	f000 fea7 	bl	5a84 <printf>
    print_calls("Polyvec decompress calls: ", n_polyvec_decompress, n_tests);
    4d36:	4b70      	ldr	r3, [pc, #448]	@ (4ef8 <print_stuff+0xec0>)
    4d38:	4622      	mov	r2, r4
    4d3a:	6819      	ldr	r1, [r3, #0]
    4d3c:	486f      	ldr	r0, [pc, #444]	@ (4efc <print_stuff+0xec4>)
    4d3e:	f000 fc05 	bl	554c <print_calls>
    print_cycles("Polyvec decompress cycles: ", polyvec_decompress_cyc, n_tests);
    4d42:	4b6f      	ldr	r3, [pc, #444]	@ (4f00 <print_stuff+0xec8>)
    4d44:	4622      	mov	r2, r4
    4d46:	6819      	ldr	r1, [r3, #0]
    4d48:	486e      	ldr	r0, [pc, #440]	@ (4f04 <print_stuff+0xecc>)
    4d4a:	f000 fc17 	bl	557c <print_cycles>
    printf("Polyvec decompress %%: %d\n",
    4d4e:	2100      	movs	r1, #0
    4d50:	486d      	ldr	r0, [pc, #436]	@ (4f08 <print_stuff+0xed0>)
    4d52:	f000 fe97 	bl	5a84 <printf>
    print_calls("rkprf calls: ", n_rkprf, n_tests);
    4d56:	4b6d      	ldr	r3, [pc, #436]	@ (4f0c <print_stuff+0xed4>)
    4d58:	4622      	mov	r2, r4
    4d5a:	6819      	ldr	r1, [r3, #0]
    4d5c:	486c      	ldr	r0, [pc, #432]	@ (4f10 <print_stuff+0xed8>)
    4d5e:	f000 fbf5 	bl	554c <print_calls>
    print_cycles("rkprf cycles: ", rkprf_cyc, n_tests);
    4d62:	4b6c      	ldr	r3, [pc, #432]	@ (4f14 <print_stuff+0xedc>)
    4d64:	4622      	mov	r2, r4
    4d66:	6819      	ldr	r1, [r3, #0]
    4d68:	486b      	ldr	r0, [pc, #428]	@ (4f18 <print_stuff+0xee0>)
    4d6a:	f000 fc07 	bl	557c <print_cycles>
    printf("rkprf %%: %d\n",
    4d6e:	2100      	movs	r1, #0
    4d70:	486a      	ldr	r0, [pc, #424]	@ (4f1c <print_stuff+0xee4>)
    4d72:	f000 fe87 	bl	5a84 <printf>
    print_calls("rej_uniform calls: ", n_rej_uniform, n_tests);
    4d76:	4b6a      	ldr	r3, [pc, #424]	@ (4f20 <print_stuff+0xee8>)
    4d78:	4622      	mov	r2, r4
    4d7a:	6819      	ldr	r1, [r3, #0]
    4d7c:	4869      	ldr	r0, [pc, #420]	@ (4f24 <print_stuff+0xeec>)
    4d7e:	f000 fbe5 	bl	554c <print_calls>
    print_cycles("rej_uniform cycles: ", rej_uniform_cyc, n_tests);
    4d82:	4b69      	ldr	r3, [pc, #420]	@ (4f28 <print_stuff+0xef0>)
    4d84:	4622      	mov	r2, r4
    4d86:	6819      	ldr	r1, [r3, #0]
    4d88:	4868      	ldr	r0, [pc, #416]	@ (4f2c <print_stuff+0xef4>)
    4d8a:	f000 fbf7 	bl	557c <print_cycles>
    if (total == 0 || n_tests == 0) return 0;
    4d8e:	2100      	movs	r1, #0
    printf("rej_uniform %%: %d\n",
    4d90:	4867      	ldr	r0, [pc, #412]	@ (4f30 <print_stuff+0xef8>)
    4d92:	f000 fe77 	bl	5a84 <printf>
}
    4d96:	e8bd 47f0 	ldmia.w	sp!, {r4, r5, r6, r7, r8, r9, sl, lr}
    reset_vals();
    4d9a:	f7ff b8b1 	b.w	3f00 <reset_vals>
    4d9e:	bf00      	nop
    4da0:	000006b0 	.word	0x000006b0
    4da4:	2000011c 	.word	0x2000011c
    4da8:	000006c4 	.word	0x000006c4
    4dac:	20000114 	.word	0x20000114
    4db0:	000006d8 	.word	0x000006d8
    4db4:	000006ec 	.word	0x000006ec
    4db8:	20000108 	.word	0x20000108
    4dbc:	00000700 	.word	0x00000700
    4dc0:	2000010c 	.word	0x2000010c
    4dc4:	00000714 	.word	0x00000714
    4dc8:	00000728 	.word	0x00000728
    4dcc:	20000104 	.word	0x20000104
    4dd0:	0000073c 	.word	0x0000073c
    4dd4:	20000100 	.word	0x20000100
    4dd8:	00000750 	.word	0x00000750
    4ddc:	00000764 	.word	0x00000764
    4de0:	200000fc 	.word	0x200000fc
    4de4:	00000778 	.word	0x00000778
    4de8:	200000f8 	.word	0x200000f8
    4dec:	0000078c 	.word	0x0000078c
    4df0:	000007a0 	.word	0x000007a0
    4df4:	2000018c 	.word	0x2000018c
    4df8:	000007b4 	.word	0x000007b4
    4dfc:	20000180 	.word	0x20000180
    4e00:	000007cc 	.word	0x000007cc
    4e04:	000007e4 	.word	0x000007e4
    4e08:	20000188 	.word	0x20000188
    4e0c:	000007fc 	.word	0x000007fc
    4e10:	2000017c 	.word	0x2000017c
    4e14:	00000808 	.word	0x00000808
    4e18:	00000818 	.word	0x00000818
    4e1c:	20000184 	.word	0x20000184
    4e20:	00000824 	.word	0x00000824
    4e24:	20000178 	.word	0x20000178
    4e28:	00000834 	.word	0x00000834
    4e2c:	00000844 	.word	0x00000844
    4e30:	20000174 	.word	0x20000174
    4e34:	00000854 	.word	0x00000854
    4e38:	2000016c 	.word	0x2000016c
    4e3c:	0000086c 	.word	0x0000086c
    4e40:	00000884 	.word	0x00000884
    4e44:	20000170 	.word	0x20000170
    4e48:	0000089c 	.word	0x0000089c
    4e4c:	20000168 	.word	0x20000168
    4e50:	000008b4 	.word	0x000008b4
    4e54:	000008d0 	.word	0x000008d0
    4e58:	20000164 	.word	0x20000164
    4e5c:	000008e8 	.word	0x000008e8
    4e60:	20000150 	.word	0x20000150
    4e64:	20000160 	.word	0x20000160
    4e68:	000008fc 	.word	0x000008fc
    4e6c:	00000910 	.word	0x00000910
    4e70:	00000924 	.word	0x00000924
    4e74:	20000154 	.word	0x20000154
    4e78:	00000938 	.word	0x00000938
    4e7c:	0000094c 	.word	0x0000094c
    4e80:	2000015c 	.word	0x2000015c
    4e84:	00000960 	.word	0x00000960
    4e88:	20000158 	.word	0x20000158
    4e8c:	00000970 	.word	0x00000970
    4e90:	00000984 	.word	0x00000984
    4e94:	20000144 	.word	0x20000144
    4e98:	00000994 	.word	0x00000994
    4e9c:	20000140 	.word	0x20000140
    4ea0:	000009a8 	.word	0x000009a8
    4ea4:	000009bc 	.word	0x000009bc
    4ea8:	2000014c 	.word	0x2000014c
    4eac:	000009d0 	.word	0x000009d0
    4eb0:	20000148 	.word	0x20000148
    4eb4:	000009e4 	.word	0x000009e4
    4eb8:	000009f8 	.word	0x000009f8
    4ebc:	2000013c 	.word	0x2000013c
    4ec0:	00000a0c 	.word	0x00000a0c
    4ec4:	20000134 	.word	0x20000134
    4ec8:	00000a1c 	.word	0x00000a1c
    4ecc:	00000a30 	.word	0x00000a30
    4ed0:	20000138 	.word	0x20000138
    4ed4:	00000a40 	.word	0x00000a40
    4ed8:	20000130 	.word	0x20000130
    4edc:	00000a54 	.word	0x00000a54
    4ee0:	00000a68 	.word	0x00000a68
    4ee4:	2000012c 	.word	0x2000012c
    4ee8:	00000a7c 	.word	0x00000a7c
    4eec:	20000124 	.word	0x20000124
    4ef0:	00000a98 	.word	0x00000a98
    4ef4:	00000ab4 	.word	0x00000ab4
    4ef8:	20000128 	.word	0x20000128
    4efc:	00000ad0 	.word	0x00000ad0
    4f00:	20000120 	.word	0x20000120
    4f04:	00000aec 	.word	0x00000aec
    4f08:	00000b08 	.word	0x00000b08
    4f0c:	200000f0 	.word	0x200000f0
    4f10:	00000b24 	.word	0x00000b24
    4f14:	200000f4 	.word	0x200000f4
    4f18:	00000b34 	.word	0x00000b34
    4f1c:	00000b44 	.word	0x00000b44
    4f20:	200000ec 	.word	0x200000ec
    4f24:	00000b54 	.word	0x00000b54
    4f28:	200000e8 	.word	0x200000e8
    4f2c:	00000b68 	.word	0x00000b68
    4f30:	00000b80 	.word	0x00000b80

00004f34 <main>:


int main(void)
{
    4f34:	e92d 43f0 	stmdb	sp!, {r4, r5, r6, r7, r8, r9, lr}
  DWT->CTRL = DWT_CTRL_CYCCNTENA_Msk;
    4f38:	2101      	movs	r1, #1
  DWT->CYCCNT = 0;
    4f3a:	f04f 0800 	mov.w	r8, #0
  DCB->DEMCR |= DCB_DEMCR_TRCENA_Msk;
    4f3e:	4aba      	ldr	r2, [pc, #744]	@ (5228 <main+0x2f4>)
  DWT->CYCCNT = 0;
    4f40:	4fba      	ldr	r7, [pc, #744]	@ (522c <main+0x2f8>)
  DCB->DEMCR |= DCB_DEMCR_TRCENA_Msk;
    4f42:	f8d2 30fc 	ldr.w	r3, [r2, #252]	@ 0xfc
    4f46:	f5ad 5db8 	sub.w	sp, sp, #5888	@ 0x1700
    4f4a:	f043 7380 	orr.w	r3, r3, #16777216	@ 0x1000000
    4f4e:	b081      	sub	sp, #4
    4f50:	f8c2 30fc 	str.w	r3, [r2, #252]	@ 0xfc
  cpucycles_init();
  //nrf_config_init();
  printf("Cpu Cycles Initalized and Cache Enabled\n");
    4f54:	48b6      	ldr	r0, [pc, #728]	@ (5230 <main+0x2fc>)
  DWT->CYCCNT = 0;
    4f56:	f8c7 8004 	str.w	r8, [r7, #4]
  DWT->CTRL = DWT_CTRL_CYCCNTENA_Msk;
    4f5a:	6039      	str	r1, [r7, #0]
    4f5c:	f000 fd92 	bl	5a84 <printf>
  uint8_t coins32[KYBER_SYMBYTES];
  uint8_t coins64[2*KYBER_SYMBYTES];
  polyvec matrix[KYBER_K];
  poly ap;

  randombytes(coins32, KYBER_SYMBYTES);
    4f60:	2120      	movs	r1, #32
    4f62:	eb0d 0001 	add.w	r0, sp, r1
    4f66:	f7fe ffab 	bl	3ec0 <randombytes>
  randombytes(coins64, 2*KYBER_SYMBYTES);
    4f6a:	2140      	movs	r1, #64	@ 0x40
    4f6c:	4db1      	ldr	r5, [pc, #708]	@ (5234 <main+0x300>)
    4f6e:	eb0d 0001 	add.w	r0, sp, r1
    4f72:	f7fe ffa5 	bl	3ec0 <randombytes>
    4f76:	462e      	mov	r6, r5
  for(i=0;i<NTESTS;i++) {
    t[i] = cpucycles();
    gen_matrix(matrix, seed, 0);
    4f78:	f8df 92c0 	ldr.w	r9, [pc, #704]	@ 523c <main+0x308>
    4f7c:	f105 0450 	add.w	r4, r5, #80	@ 0x50
  return DWT->CYCCNT;
    4f80:	687b      	ldr	r3, [r7, #4]
    4f82:	2200      	movs	r2, #0
    t[i] = cpucycles();
    4f84:	e9c6 3800 	strd	r3, r8, [r6]
    gen_matrix(matrix, seed, 0);
    4f88:	4649      	mov	r1, r9
    4f8a:	f50d 6070 	add.w	r0, sp, #3840	@ 0xf00
    4f8e:	3608      	adds	r6, #8
    4f90:	f7fd fde6 	bl	2b60 <pqcrystals_kyber512_ref_gen_matrix>
  for(i=0;i<NTESTS;i++) {
    4f94:	42a6      	cmp	r6, r4
    4f96:	d1f3      	bne.n	4f80 <main+0x4c>
  }
  print_results("gen_a: ", t, NTESTS);
    4f98:	220a      	movs	r2, #10
    4f9a:	49a6      	ldr	r1, [pc, #664]	@ (5234 <main+0x300>)
    4f9c:	48a6      	ldr	r0, [pc, #664]	@ (5238 <main+0x304>)
    4f9e:	f000 fa11 	bl	53c4 <print_results>

  for(i=0;i<NTESTS;i++) {
    t[i] = cpucycles();
    4fa2:	f04f 0900 	mov.w	r9, #0
  print_results("gen_a: ", t, NTESTS);
    4fa6:	4ea3      	ldr	r6, [pc, #652]	@ (5234 <main+0x300>)
    4fa8:	f8df 8280 	ldr.w	r8, [pc, #640]	@ 522c <main+0x2f8>
    poly_getnoise_eta1(&ap, seed, 0);
    4fac:	4fa3      	ldr	r7, [pc, #652]	@ (523c <main+0x308>)
    4fae:	f8d8 3004 	ldr.w	r3, [r8, #4]
    4fb2:	2200      	movs	r2, #0
    t[i] = cpucycles();
    4fb4:	e9c6 3900 	strd	r3, r9, [r6]
    poly_getnoise_eta1(&ap, seed, 0);
    4fb8:	4639      	mov	r1, r7
    4fba:	3608      	adds	r6, #8
    4fbc:	a820      	add	r0, sp, #128	@ 0x80
    4fbe:	f7fe fc03 	bl	37c8 <pqcrystals_kyber512_ref_poly_getnoise_eta1>
  for(i=0;i<NTESTS;i++) {
    4fc2:	42a6      	cmp	r6, r4
    4fc4:	d1f3      	bne.n	4fae <main+0x7a>
  }
  print_results("poly_getnoise_eta1: ", t, NTESTS);
    4fc6:	220a      	movs	r2, #10
    4fc8:	499a      	ldr	r1, [pc, #616]	@ (5234 <main+0x300>)
    4fca:	489d      	ldr	r0, [pc, #628]	@ (5240 <main+0x30c>)
    4fcc:	f000 f9fa 	bl	53c4 <print_results>

  for(i=0;i<NTESTS;i++) {
    t[i] = cpucycles();
    4fd0:	f04f 0900 	mov.w	r9, #0
  print_results("poly_getnoise_eta1: ", t, NTESTS);
    4fd4:	4e97      	ldr	r6, [pc, #604]	@ (5234 <main+0x300>)
    4fd6:	f8df 8254 	ldr.w	r8, [pc, #596]	@ 522c <main+0x2f8>
    poly_getnoise_eta2(&ap, seed, 0);
    4fda:	4f98      	ldr	r7, [pc, #608]	@ (523c <main+0x308>)
    4fdc:	f8d8 3004 	ldr.w	r3, [r8, #4]
    4fe0:	2200      	movs	r2, #0
    t[i] = cpucycles();
    4fe2:	e9c6 3900 	strd	r3, r9, [r6]
    poly_getnoise_eta2(&ap, seed, 0);
    4fe6:	4639      	mov	r1, r7
    4fe8:	3608      	adds	r6, #8
    4fea:	a820      	add	r0, sp, #128	@ 0x80
    4fec:	f7fe fbfc 	bl	37e8 <pqcrystals_kyber512_ref_poly_getnoise_eta2>
  for(i=0;i<NTESTS;i++) {
    4ff0:	42a6      	cmp	r6, r4
    4ff2:	d1f3      	bne.n	4fdc <main+0xa8>
  }
  print_results("poly_getnoise_eta2: ", t, NTESTS);
    4ff4:	220a      	movs	r2, #10
    4ff6:	498f      	ldr	r1, [pc, #572]	@ (5234 <main+0x300>)
    4ff8:	4892      	ldr	r0, [pc, #584]	@ (5244 <main+0x310>)
    4ffa:	f000 f9e3 	bl	53c4 <print_results>

  for(i=0;i<NTESTS;i++) {
    t[i] = cpucycles();
    4ffe:	f04f 0800 	mov.w	r8, #0
  print_results("poly_getnoise_eta2: ", t, NTESTS);
    5002:	4e8c      	ldr	r6, [pc, #560]	@ (5234 <main+0x300>)
    5004:	4f89      	ldr	r7, [pc, #548]	@ (522c <main+0x2f8>)
    5006:	687b      	ldr	r3, [r7, #4]
    poly_ntt(&ap);
    5008:	a820      	add	r0, sp, #128	@ 0x80
    t[i] = cpucycles();
    500a:	e9c6 3800 	strd	r3, r8, [r6]
    500e:	3608      	adds	r6, #8
    poly_ntt(&ap);
    5010:	f7fe fbfa 	bl	3808 <pqcrystals_kyber512_ref_poly_ntt>
  for(i=0;i<NTESTS;i++) {
    5014:	42a6      	cmp	r6, r4
    5016:	d1f6      	bne.n	5006 <main+0xd2>
  }
  print_results("NTT: ", t, NTESTS);
    5018:	220a      	movs	r2, #10
    501a:	4986      	ldr	r1, [pc, #536]	@ (5234 <main+0x300>)
    501c:	488a      	ldr	r0, [pc, #552]	@ (5248 <main+0x314>)
    501e:	f000 f9d1 	bl	53c4 <print_results>

  for(i=0;i<NTESTS;i++) {
    t[i] = cpucycles();
    5022:	f04f 0800 	mov.w	r8, #0
  print_results("NTT: ", t, NTESTS);
    5026:	4e83      	ldr	r6, [pc, #524]	@ (5234 <main+0x300>)
    5028:	4f80      	ldr	r7, [pc, #512]	@ (522c <main+0x2f8>)
    502a:	687b      	ldr	r3, [r7, #4]
    poly_invntt_tomont(&ap);
    502c:	a820      	add	r0, sp, #128	@ 0x80
    t[i] = cpucycles();
    502e:	e9c6 3800 	strd	r3, r8, [r6]
    5032:	3608      	adds	r6, #8
    poly_invntt_tomont(&ap);
    5034:	f7fe fbf8 	bl	3828 <pqcrystals_kyber512_ref_poly_invntt_tomont>
  for(i=0;i<NTESTS;i++) {
    5038:	42a6      	cmp	r6, r4
    503a:	d1f6      	bne.n	502a <main+0xf6>
  }
  print_results("INVNTT: ", t, NTESTS);
    503c:	220a      	movs	r2, #10
    503e:	497d      	ldr	r1, [pc, #500]	@ (5234 <main+0x300>)
    5040:	4882      	ldr	r0, [pc, #520]	@ (524c <main+0x318>)
    5042:	f000 f9bf 	bl	53c4 <print_results>

  for(i=0;i<NTESTS;i++) {
    t[i] = cpucycles();
    5046:	f04f 0800 	mov.w	r8, #0
  print_results("INVNTT: ", t, NTESTS);
    504a:	4e7a      	ldr	r6, [pc, #488]	@ (5234 <main+0x300>)
    504c:	4f77      	ldr	r7, [pc, #476]	@ (522c <main+0x2f8>)
    504e:	687b      	ldr	r3, [r7, #4]
    polyvec_basemul_acc_montgomery(&ap, &matrix[0], &matrix[1]);
    5050:	f50d 5298 	add.w	r2, sp, #4864	@ 0x1300
    t[i] = cpucycles();
    5054:	e9c6 3800 	strd	r3, r8, [r6]
    polyvec_basemul_acc_montgomery(&ap, &matrix[0], &matrix[1]);
    5058:	f50d 6170 	add.w	r1, sp, #3840	@ 0xf00
    505c:	3608      	adds	r6, #8
    505e:	a820      	add	r0, sp, #128	@ 0x80
    5060:	f7fe fdc0 	bl	3be4 <pqcrystals_kyber512_ref_polyvec_basemul_acc_montgomery>
  for(i=0;i<NTESTS;i++) {
    5064:	42a6      	cmp	r6, r4
    5066:	d1f2      	bne.n	504e <main+0x11a>
  }
  print_results("polyvec_basemul_acc_montgomery: ", t, NTESTS);
    5068:	220a      	movs	r2, #10
    506a:	4972      	ldr	r1, [pc, #456]	@ (5234 <main+0x300>)
    506c:	4878      	ldr	r0, [pc, #480]	@ (5250 <main+0x31c>)
    506e:	f000 f9a9 	bl	53c4 <print_results>

  for(i=0;i<NTESTS;i++) {
    t[i] = cpucycles();
    5072:	f04f 0800 	mov.w	r8, #0
  print_results("polyvec_basemul_acc_montgomery: ", t, NTESTS);
    5076:	4e6f      	ldr	r6, [pc, #444]	@ (5234 <main+0x300>)
    5078:	4f6c      	ldr	r7, [pc, #432]	@ (522c <main+0x2f8>)
    507a:	687b      	ldr	r3, [r7, #4]
    poly_tomsg(ct,&ap);
    507c:	a920      	add	r1, sp, #128	@ 0x80
    t[i] = cpucycles();
    507e:	e9c6 3800 	strd	r3, r8, [r6]
    poly_tomsg(ct,&ap);
    5082:	a8a0      	add	r0, sp, #640	@ 0x280
    5084:	3608      	adds	r6, #8
    5086:	f7fe fb01 	bl	368c <pqcrystals_kyber512_ref_poly_tomsg>
  for(i=0;i<NTESTS;i++) {
    508a:	42a6      	cmp	r6, r4
    508c:	d1f5      	bne.n	507a <main+0x146>
  }
  print_results("poly_tomsg: ", t, NTESTS);
    508e:	220a      	movs	r2, #10
    5090:	4968      	ldr	r1, [pc, #416]	@ (5234 <main+0x300>)
    5092:	4870      	ldr	r0, [pc, #448]	@ (5254 <main+0x320>)
    5094:	f000 f996 	bl	53c4 <print_results>

  for(i=0;i<NTESTS;i++) {
    t[i] = cpucycles();
    5098:	f04f 0800 	mov.w	r8, #0
  print_results("poly_tomsg: ", t, NTESTS);
    509c:	4e65      	ldr	r6, [pc, #404]	@ (5234 <main+0x300>)
    509e:	4f63      	ldr	r7, [pc, #396]	@ (522c <main+0x2f8>)
    50a0:	687b      	ldr	r3, [r7, #4]
    poly_frommsg(&ap,ct);
    50a2:	a9a0      	add	r1, sp, #640	@ 0x280
    t[i] = cpucycles();
    50a4:	e9c6 3800 	strd	r3, r8, [r6]
    poly_frommsg(&ap,ct);
    50a8:	a820      	add	r0, sp, #128	@ 0x80
    50aa:	3608      	adds	r6, #8
    50ac:	f7fe facc 	bl	3648 <pqcrystals_kyber512_ref_poly_frommsg>
  for(i=0;i<NTESTS;i++) {
    50b0:	42a6      	cmp	r6, r4
    50b2:	d1f5      	bne.n	50a0 <main+0x16c>
  }
  print_results("poly_frommsg: ", t, NTESTS);
    50b4:	220a      	movs	r2, #10
    50b6:	495f      	ldr	r1, [pc, #380]	@ (5234 <main+0x300>)
    50b8:	4867      	ldr	r0, [pc, #412]	@ (5258 <main+0x324>)
    50ba:	f000 f983 	bl	53c4 <print_results>

  for(i=0;i<NTESTS;i++) {
    t[i] = cpucycles();
    50be:	f04f 0800 	mov.w	r8, #0
  print_results("poly_frommsg: ", t, NTESTS);
    50c2:	4e5c      	ldr	r6, [pc, #368]	@ (5234 <main+0x300>)
    50c4:	4f59      	ldr	r7, [pc, #356]	@ (522c <main+0x2f8>)
    50c6:	687b      	ldr	r3, [r7, #4]
    poly_compress(ct,&ap);
    50c8:	a920      	add	r1, sp, #128	@ 0x80
    t[i] = cpucycles();
    50ca:	e9c6 3800 	strd	r3, r8, [r6]
    poly_compress(ct,&ap);
    50ce:	a8a0      	add	r0, sp, #640	@ 0x280
    50d0:	3608      	adds	r6, #8
    50d2:	f7fe f999 	bl	3408 <pqcrystals_kyber512_ref_poly_compress>
  for(i=0;i<NTESTS;i++) {
    50d6:	42a6      	cmp	r6, r4
    50d8:	d1f5      	bne.n	50c6 <main+0x192>
  }
  print_results("poly_compress: ", t, NTESTS);
    50da:	220a      	movs	r2, #10
    50dc:	4955      	ldr	r1, [pc, #340]	@ (5234 <main+0x300>)
    50de:	485f      	ldr	r0, [pc, #380]	@ (525c <main+0x328>)
    50e0:	f000 f970 	bl	53c4 <print_results>

  for(i=0;i<NTESTS;i++) {
    t[i] = cpucycles();
    50e4:	f04f 0800 	mov.w	r8, #0
  print_results("poly_compress: ", t, NTESTS);
    50e8:	4e52      	ldr	r6, [pc, #328]	@ (5234 <main+0x300>)
    50ea:	4f50      	ldr	r7, [pc, #320]	@ (522c <main+0x2f8>)
    50ec:	687b      	ldr	r3, [r7, #4]
    poly_decompress(&ap,ct);
    50ee:	a9a0      	add	r1, sp, #640	@ 0x280
    t[i] = cpucycles();
    50f0:	e9c6 3800 	strd	r3, r8, [r6]
    poly_decompress(&ap,ct);
    50f4:	a820      	add	r0, sp, #128	@ 0x80
    50f6:	3608      	adds	r6, #8
    50f8:	f7fe fa3c 	bl	3574 <pqcrystals_kyber512_ref_poly_decompress>
  for(i=0;i<NTESTS;i++) {
    50fc:	42a6      	cmp	r6, r4
    50fe:	d1f5      	bne.n	50ec <main+0x1b8>
  }
  print_results("poly_decompress: ", t, NTESTS);
    5100:	220a      	movs	r2, #10
    5102:	494c      	ldr	r1, [pc, #304]	@ (5234 <main+0x300>)
    5104:	4856      	ldr	r0, [pc, #344]	@ (5260 <main+0x32c>)
    5106:	f000 f95d 	bl	53c4 <print_results>

  for(i=0;i<NTESTS;i++) {
    t[i] = cpucycles();
    510a:	f04f 0800 	mov.w	r8, #0
  print_results("poly_decompress: ", t, NTESTS);
    510e:	4e49      	ldr	r6, [pc, #292]	@ (5234 <main+0x300>)
    5110:	4f46      	ldr	r7, [pc, #280]	@ (522c <main+0x2f8>)
    5112:	687b      	ldr	r3, [r7, #4]
    polyvec_compress(ct,&matrix[0]);
    5114:	f50d 6170 	add.w	r1, sp, #3840	@ 0xf00
    t[i] = cpucycles();
    5118:	e9c6 3800 	strd	r3, r8, [r6]
    polyvec_compress(ct,&matrix[0]);
    511c:	a8a0      	add	r0, sp, #640	@ 0x280
    511e:	3608      	adds	r6, #8
    5120:	f7fe fc1a 	bl	3958 <pqcrystals_kyber512_ref_polyvec_compress>
  for(i=0;i<NTESTS;i++) {
    5124:	42a6      	cmp	r6, r4
    5126:	d1f4      	bne.n	5112 <main+0x1de>
  }
  print_results("polyvec_compress: ", t, NTESTS);
    5128:	220a      	movs	r2, #10
    512a:	4942      	ldr	r1, [pc, #264]	@ (5234 <main+0x300>)
    512c:	484d      	ldr	r0, [pc, #308]	@ (5264 <main+0x330>)
    512e:	f000 f949 	bl	53c4 <print_results>

  for(i=0;i<NTESTS;i++) {
    t[i] = cpucycles();
    5132:	f04f 0800 	mov.w	r8, #0
  print_results("polyvec_compress: ", t, NTESTS);
    5136:	4e3f      	ldr	r6, [pc, #252]	@ (5234 <main+0x300>)
    5138:	4f3c      	ldr	r7, [pc, #240]	@ (522c <main+0x2f8>)
    513a:	687b      	ldr	r3, [r7, #4]
    polyvec_decompress(&matrix[0],ct);
    513c:	a9a0      	add	r1, sp, #640	@ 0x280
    t[i] = cpucycles();
    513e:	e9c6 3800 	strd	r3, r8, [r6]
    polyvec_decompress(&matrix[0],ct);
    5142:	f50d 6070 	add.w	r0, sp, #3840	@ 0xf00
    5146:	3608      	adds	r6, #8
    5148:	f7fe fcb0 	bl	3aac <pqcrystals_kyber512_ref_polyvec_decompress>
  for(i=0;i<NTESTS;i++) {
    514c:	42a6      	cmp	r6, r4
    514e:	d1f4      	bne.n	513a <main+0x206>
  }
  print_results("polyvec_decompress: ", t, NTESTS);
    5150:	220a      	movs	r2, #10
    5152:	4938      	ldr	r1, [pc, #224]	@ (5234 <main+0x300>)
    5154:	4844      	ldr	r0, [pc, #272]	@ (5268 <main+0x334>)
    5156:	f000 f935 	bl	53c4 <print_results>

  for(i=0;i<NTESTS;i++) {
    t[i] = cpucycles();
    515a:	f04f 0800 	mov.w	r8, #0
  print_results("polyvec_decompress: ", t, NTESTS);
    515e:	4e35      	ldr	r6, [pc, #212]	@ (5234 <main+0x300>)
    5160:	4f32      	ldr	r7, [pc, #200]	@ (522c <main+0x2f8>)
    5162:	687b      	ldr	r3, [r7, #4]
    indcpa_keypair_derand(pk, sk, coins32);
    5164:	aa08      	add	r2, sp, #32
    t[i] = cpucycles();
    5166:	e9c6 3800 	strd	r3, r8, [r6]
    indcpa_keypair_derand(pk, sk, coins32);
    516a:	f50d 610a 	add.w	r1, sp, #2208	@ 0x8a0
    516e:	3608      	adds	r6, #8
    5170:	f50d 60b0 	add.w	r0, sp, #1408	@ 0x580
    5174:	f7fd fdfe 	bl	2d74 <pqcrystals_kyber512_ref_indcpa_keypair_derand>
  for(i=0;i<NTESTS;i++) {
    5178:	42a6      	cmp	r6, r4
    517a:	d1f2      	bne.n	5162 <main+0x22e>
  }
  print_results("indcpa_keypair: ", t, NTESTS);
    517c:	220a      	movs	r2, #10
    517e:	492d      	ldr	r1, [pc, #180]	@ (5234 <main+0x300>)
    5180:	483a      	ldr	r0, [pc, #232]	@ (526c <main+0x338>)
    5182:	f000 f91f 	bl	53c4 <print_results>

  for(i=0;i<NTESTS;i++) {
    t[i] = cpucycles();
    5186:	f04f 0900 	mov.w	r9, #0
  print_results("indcpa_keypair: ", t, NTESTS);
    518a:	4e2a      	ldr	r6, [pc, #168]	@ (5234 <main+0x300>)
    518c:	f8df 809c 	ldr.w	r8, [pc, #156]	@ 522c <main+0x2f8>
    indcpa_enc(ct, key, pk, seed);
    5190:	4f2a      	ldr	r7, [pc, #168]	@ (523c <main+0x308>)
    5192:	f8d8 3004 	ldr.w	r3, [r8, #4]
    5196:	4669      	mov	r1, sp
    t[i] = cpucycles();
    5198:	e9c6 3900 	strd	r3, r9, [r6]
    indcpa_enc(ct, key, pk, seed);
    519c:	f50d 62b0 	add.w	r2, sp, #1408	@ 0x580
    51a0:	463b      	mov	r3, r7
    51a2:	3608      	adds	r6, #8
    51a4:	a8a0      	add	r0, sp, #640	@ 0x280
    51a6:	f7fd fe51 	bl	2e4c <pqcrystals_kyber512_ref_indcpa_enc>
  for(i=0;i<NTESTS;i++) {
    51aa:	42a6      	cmp	r6, r4
    51ac:	d1f1      	bne.n	5192 <main+0x25e>
  }
  print_results("indcpa_enc: ", t, NTESTS);
    51ae:	220a      	movs	r2, #10
    51b0:	4920      	ldr	r1, [pc, #128]	@ (5234 <main+0x300>)
    51b2:	482f      	ldr	r0, [pc, #188]	@ (5270 <main+0x33c>)
    51b4:	f000 f906 	bl	53c4 <print_results>

  for(i=0;i<NTESTS;i++) {
    t[i] = cpucycles();
    51b8:	f04f 0800 	mov.w	r8, #0
  print_results("indcpa_enc: ", t, NTESTS);
    51bc:	4e1d      	ldr	r6, [pc, #116]	@ (5234 <main+0x300>)
    51be:	4f1b      	ldr	r7, [pc, #108]	@ (522c <main+0x2f8>)
    51c0:	687b      	ldr	r3, [r7, #4]
    indcpa_dec(key, ct, sk);
    51c2:	4668      	mov	r0, sp
    t[i] = cpucycles();
    51c4:	e9c6 3800 	strd	r3, r8, [r6]
    indcpa_dec(key, ct, sk);
    51c8:	f50d 620a 	add.w	r2, sp, #2208	@ 0x8a0
    51cc:	3608      	adds	r6, #8
    51ce:	a9a0      	add	r1, sp, #640	@ 0x280
    51d0:	f7fd fec0 	bl	2f54 <pqcrystals_kyber512_ref_indcpa_dec>
  for(i=0;i<NTESTS;i++) {
    51d4:	42a6      	cmp	r6, r4
    51d6:	d1f3      	bne.n	51c0 <main+0x28c>
  }
  print_results("indcpa_dec: ", t, NTESTS);
    51d8:	220a      	movs	r2, #10
    51da:	4916      	ldr	r1, [pc, #88]	@ (5234 <main+0x300>)
    51dc:	4825      	ldr	r0, [pc, #148]	@ (5274 <main+0x340>)
    51de:	f000 f8f1 	bl	53c4 <print_results>
  DWT->CYCCNT = 0;
    51e2:	f8c7 8004 	str.w	r8, [r7, #4]
  reset_vals();
    51e6:	f7fe fe8b 	bl	3f00 <reset_vals>

  for(i=0;i<NTESTS;i++) {
    t[i] = cpucycles();
    51ea:	f04f 0800 	mov.w	r8, #0
  reset_vals();
    51ee:	4e11      	ldr	r6, [pc, #68]	@ (5234 <main+0x300>)
    51f0:	4f0e      	ldr	r7, [pc, #56]	@ (522c <main+0x2f8>)
    51f2:	687b      	ldr	r3, [r7, #4]
    crypto_kem_keypair_derand(pk, sk, coins64);
    51f4:	aa10      	add	r2, sp, #64	@ 0x40
    t[i] = cpucycles();
    51f6:	e9c6 3800 	strd	r3, r8, [r6]
    crypto_kem_keypair_derand(pk, sk, coins64);
    51fa:	f50d 610a 	add.w	r1, sp, #2208	@ 0x8a0
    51fe:	3608      	adds	r6, #8
    5200:	f50d 60b0 	add.w	r0, sp, #1408	@ 0x580
    5204:	f7fd fed8 	bl	2fb8 <pqcrystals_kyber512_ref_keypair_derand>
  for(i=0;i<NTESTS;i++) {
    5208:	42a6      	cmp	r6, r4
    520a:	d1f2      	bne.n	51f2 <main+0x2be>
  }
  result = print_results("kyber_keypair_derand: ", t, NTESTS);
    520c:	220a      	movs	r2, #10
    520e:	4909      	ldr	r1, [pc, #36]	@ (5234 <main+0x300>)
    5210:	4819      	ldr	r0, [pc, #100]	@ (5278 <main+0x344>)
    5212:	f000 f8d7 	bl	53c4 <print_results>
  n_invntt = 0;
  print_cycles("State Permute Cycles: ", statepermute_cyc, NTESTS);
  print_cycles("NTT Cycles: ", ntt_cyc, NTESTS);
  print_cycles("INVNTT Cycles: ", inv_ntt_cyc, NTESTS);
  */
  print_stuff(result, NTESTS);
    5216:	210a      	movs	r1, #10
    5218:	f7fe ff0e 	bl	4038 <print_stuff>

  DWT->CYCCNT = 0;
    521c:	f8c7 8004 	str.w	r8, [r7, #4]

  for(i=0;i<NTESTS;i++) {
    t[i] = cpucycles();
    5220:	f04f 0800 	mov.w	r8, #0
  DWT->CYCCNT = 0;
    5224:	4e03      	ldr	r6, [pc, #12]	@ (5234 <main+0x300>)
    5226:	e029      	b.n	527c <main+0x348>
    5228:	e000ed00 	.word	0xe000ed00
    522c:	e0001000 	.word	0xe0001000
    5230:	00000b94 	.word	0x00000b94
    5234:	20000098 	.word	0x20000098
    5238:	00000bc0 	.word	0x00000bc0
    523c:	20000074 	.word	0x20000074
    5240:	00000bc8 	.word	0x00000bc8
    5244:	00000be0 	.word	0x00000be0
    5248:	00000bf8 	.word	0x00000bf8
    524c:	00000c00 	.word	0x00000c00
    5250:	00000c0c 	.word	0x00000c0c
    5254:	00000c30 	.word	0x00000c30
    5258:	00000c40 	.word	0x00000c40
    525c:	00000c50 	.word	0x00000c50
    5260:	00000c60 	.word	0x00000c60
    5264:	00000c74 	.word	0x00000c74
    5268:	00000c88 	.word	0x00000c88
    526c:	00000ca0 	.word	0x00000ca0
    5270:	00000cb4 	.word	0x00000cb4
    5274:	00000cc4 	.word	0x00000cc4
    5278:	00000cd4 	.word	0x00000cd4
    527c:	4f34      	ldr	r7, [pc, #208]	@ (5350 <main+0x41c>)
    527e:	687b      	ldr	r3, [r7, #4]
    crypto_kem_keypair(pk, sk);
    5280:	f50d 610a 	add.w	r1, sp, #2208	@ 0x8a0
    t[i] = cpucycles();
    5284:	e9c6 3800 	strd	r3, r8, [r6]
    crypto_kem_keypair(pk, sk);
    5288:	f50d 60b0 	add.w	r0, sp, #1408	@ 0x580
    528c:	3608      	adds	r6, #8
    528e:	f7fd feaf 	bl	2ff0 <pqcrystals_kyber512_ref_keypair>
  for(i=0;i<NTESTS;i++) {
    5292:	42a6      	cmp	r6, r4
    5294:	d1f3      	bne.n	527e <main+0x34a>
  }
  result = print_results("kyber_keypair: ", t, NTESTS);
    5296:	220a      	movs	r2, #10
    5298:	492e      	ldr	r1, [pc, #184]	@ (5354 <main+0x420>)
    529a:	482f      	ldr	r0, [pc, #188]	@ (5358 <main+0x424>)
    529c:	f000 f892 	bl	53c4 <print_results>
  print_calls("INVNTT calls: ", n_invntt, NTESTS);
  n_statepermute = 0; 
  n_ntt = 0;
  n_invntt = 0;
  */
  print_stuff(result, NTESTS);
    52a0:	210a      	movs	r1, #10
    52a2:	f7fe fec9 	bl	4038 <print_stuff>

  DWT->CYCCNT = 0;
    52a6:	f8c7 8004 	str.w	r8, [r7, #4]
  print_cycles("State Permute Cycles: ", statepermute_cyc, NTESTS);
  print_cycles("NTT Cycles: ", ntt_cyc, NTESTS);
  print_cycles("INVNTT Cycles: ", inv_ntt_cyc, NTESTS);
  */
  for(i=0;i<NTESTS;i++) {
    t[i] = cpucycles();
    52aa:	f04f 0800 	mov.w	r8, #0
  DWT->CYCCNT = 0;
    52ae:	4e29      	ldr	r6, [pc, #164]	@ (5354 <main+0x420>)
    52b0:	4f27      	ldr	r7, [pc, #156]	@ (5350 <main+0x41c>)
    52b2:	6879      	ldr	r1, [r7, #4]
    crypto_kem_enc_derand(ct, key, pk, coins32);
    52b4:	ab08      	add	r3, sp, #32
    t[i] = cpucycles();
    52b6:	e9c6 1800 	strd	r1, r8, [r6]
    crypto_kem_enc_derand(ct, key, pk, coins32);
    52ba:	f50d 62b0 	add.w	r2, sp, #1408	@ 0x580
    52be:	4669      	mov	r1, sp
    52c0:	3608      	adds	r6, #8
    52c2:	a8a0      	add	r0, sp, #640	@ 0x280
    52c4:	f7fd feba 	bl	303c <pqcrystals_kyber512_ref_enc_derand>
  for(i=0;i<NTESTS;i++) {
    52c8:	42a6      	cmp	r6, r4
    52ca:	d1f2      	bne.n	52b2 <main+0x37e>
  }
  result = print_results("kyber_encaps_derand: ", t, NTESTS);
    52cc:	220a      	movs	r2, #10
    52ce:	4921      	ldr	r1, [pc, #132]	@ (5354 <main+0x420>)
    52d0:	4822      	ldr	r0, [pc, #136]	@ (535c <main+0x428>)
    52d2:	f000 f877 	bl	53c4 <print_results>
  print_calls("INVNTT calls: ", n_invntt, NTESTS);
  n_statepermute = 0; 
  n_ntt = 0;
  n_invntt = 0;
  */
  print_stuff(result, NTESTS);
    52d6:	210a      	movs	r1, #10
    52d8:	f7fe feae 	bl	4038 <print_stuff>
  DWT->CYCCNT = 0;
    52dc:	f8c7 8004 	str.w	r8, [r7, #4]
  print_cycles("State Permute Cycles: ", statepermute_cyc, NTESTS);
  print_cycles("NTT Cycles: ", ntt_cyc, NTESTS);
  print_cycles("INVNTT Cycles: ", inv_ntt_cyc, NTESTS);
  */
  for(i=0;i<NTESTS;i++) {
    t[i] = cpucycles();
    52e0:	f04f 0800 	mov.w	r8, #0
  DWT->CYCCNT = 0;
    52e4:	4e1b      	ldr	r6, [pc, #108]	@ (5354 <main+0x420>)
    52e6:	4f1a      	ldr	r7, [pc, #104]	@ (5350 <main+0x41c>)
    52e8:	687b      	ldr	r3, [r7, #4]
    crypto_kem_enc(ct, key, pk);
    52ea:	4669      	mov	r1, sp
    t[i] = cpucycles();
    52ec:	e9c6 3800 	strd	r3, r8, [r6]
    crypto_kem_enc(ct, key, pk);
    52f0:	f50d 62b0 	add.w	r2, sp, #1408	@ 0x580
    52f4:	a8a0      	add	r0, sp, #640	@ 0x280
    52f6:	3608      	adds	r6, #8
    52f8:	f7fd fec4 	bl	3084 <pqcrystals_kyber512_ref_enc>
  for(i=0;i<NTESTS;i++) {
    52fc:	42a6      	cmp	r6, r4
    52fe:	d1f3      	bne.n	52e8 <main+0x3b4>
  }
  result = print_results("kyber_encaps: ", t, NTESTS);
    5300:	220a      	movs	r2, #10
    5302:	4914      	ldr	r1, [pc, #80]	@ (5354 <main+0x420>)
    5304:	4816      	ldr	r0, [pc, #88]	@ (5360 <main+0x42c>)
    5306:	f000 f85d 	bl	53c4 <print_results>
  print_calls("INVNTT calls: ", n_invntt, NTESTS);
  n_statepermute = 0; 
  n_ntt = 0;
  n_invntt = 0;
  */
  print_stuff(result, NTESTS);
    530a:	210a      	movs	r1, #10
    530c:	f7fe fe94 	bl	4038 <print_stuff>
  DWT->CYCCNT = 0;
    5310:	f8c7 8004 	str.w	r8, [r7, #4]
  print_cycles("State Permute Cycles: ", statepermute_cyc, NTESTS);
  print_cycles("NTT Cycles: ", ntt_cyc, NTESTS);
  print_cycles("INVNTT Cycles: ", inv_ntt_cyc, NTESTS); 
  */  
  for(i=0;i<NTESTS;i++) {
    t[i] = cpucycles();
    5314:	2700      	movs	r7, #0
    5316:	4e0e      	ldr	r6, [pc, #56]	@ (5350 <main+0x41c>)
    5318:	6873      	ldr	r3, [r6, #4]
    //printf("%d\n", (int)t[i]);
    crypto_kem_dec(key, ct, sk);
    531a:	4668      	mov	r0, sp
    t[i] = cpucycles();
    531c:	e9c5 3700 	strd	r3, r7, [r5]
    crypto_kem_dec(key, ct, sk);
    5320:	f50d 620a 	add.w	r2, sp, #2208	@ 0x8a0
    5324:	a9a0      	add	r1, sp, #640	@ 0x280
    5326:	3508      	adds	r5, #8
    5328:	f7fd fed4 	bl	30d4 <pqcrystals_kyber512_ref_dec>
  for(i=0;i<NTESTS;i++) {
    532c:	42a5      	cmp	r5, r4
    532e:	d1f3      	bne.n	5318 <main+0x3e4>
  }
  result = print_results("kyber_decaps: ", t, NTESTS);
    5330:	220a      	movs	r2, #10
    5332:	4908      	ldr	r1, [pc, #32]	@ (5354 <main+0x420>)
    5334:	480b      	ldr	r0, [pc, #44]	@ (5364 <main+0x430>)
    5336:	f000 f845 	bl	53c4 <print_results>
  print_calls("INVNTT calls: ", n_invntt, NTESTS);
  n_statepermute = 0; 
  n_ntt = 0;
  n_invntt = 0;
  */
  print_stuff(result, NTESTS);
    533a:	210a      	movs	r1, #10
    533c:	f7fe fe7c 	bl	4038 <print_stuff>
  print_cycles("State Permute Cycles: ", statepermute_cyc, NTESTS);
  print_cycles("NTT Cycles: ", ntt_cyc, NTESTS);
  print_cycles("INVNTT Cycles: ", inv_ntt_cyc, NTESTS); 
  */  
  return 0;
}
    5340:	2000      	movs	r0, #0
  DWT->CYCCNT = 0;
    5342:	6077      	str	r7, [r6, #4]
}
    5344:	f50d 5db8 	add.w	sp, sp, #5888	@ 0x1700
    5348:	b001      	add	sp, #4
    534a:	e8bd 83f0 	ldmia.w	sp!, {r4, r5, r6, r7, r8, r9, pc}
    534e:	bf00      	nop
    5350:	e0001000 	.word	0xe0001000
    5354:	20000098 	.word	0x20000098
    5358:	00000cec 	.word	0x00000cec
    535c:	00000cfc 	.word	0x00000cfc
    5360:	00000d14 	.word	0x00000d14
    5364:	00000d24 	.word	0x00000d24

00005368 <cpucycles_overhead>:
#include <stdint.h>
#include "cpucycles.h"

uint64_t cpucycles_overhead(void) {
	uint64_t t0, t1, overhead = 1LL;
    5368:	2001      	movs	r0, #1
    536a:	2100      	movs	r1, #0
uint64_t cpucycles_overhead(void) {
    536c:	b430      	push	{r4, r5}
    536e:	4a08      	ldr	r2, [pc, #32]	@ (5390 <cpucycles_overhead+0x28>)
    5370:	4d08      	ldr	r5, [pc, #32]	@ (5394 <cpucycles_overhead+0x2c>)
    5372:	686c      	ldr	r4, [r5, #4]
    5374:	686b      	ldr	r3, [r5, #4]
  //printf("cpucycles_overhead()");
  for(i=0;i<100000;i++) {
    t0 = cpucycles();
    __asm__ volatile (""::: "memory");
    t1 = cpucycles();
    if(t1 - t0 < overhead)
    5376:	1b1b      	subs	r3, r3, r4
    5378:	eb64 0404 	sbc.w	r4, r4, r4
    537c:	4283      	cmp	r3, r0
    537e:	eb74 0c01 	sbcs.w	ip, r4, r1
    5382:	bf3c      	itt	cc
    5384:	4618      	movcc	r0, r3
    5386:	4621      	movcc	r1, r4
  for(i=0;i<100000;i++) {
    5388:	3a01      	subs	r2, #1
    538a:	d1f2      	bne.n	5372 <cpucycles_overhead+0xa>
      overhead = t1 - t0;
  }

  return overhead;
}
    538c:	bc30      	pop	{r4, r5}
    538e:	4770      	bx	lr
    5390:	000186a0 	.word	0x000186a0
    5394:	e0001000 	.word	0xe0001000

00005398 <cmp_uint64>:
#include <stdlib.h>
#include <stdio.h>
#include "cpucycles.h"
#include "speed_print.h"

static int cmp_uint64(const void *a, const void *b) {
    5398:	b430      	push	{r4, r5}
  if(*(uint64_t *)a < *(uint64_t *)b) return -1;
    539a:	680d      	ldr	r5, [r1, #0]
    539c:	6804      	ldr	r4, [r0, #0]
    539e:	6842      	ldr	r2, [r0, #4]
    53a0:	684b      	ldr	r3, [r1, #4]
    53a2:	42ac      	cmp	r4, r5
    53a4:	eb72 0103 	sbcs.w	r1, r2, r3
    53a8:	d307      	bcc.n	53ba <cmp_uint64+0x22>
  if(*(uint64_t *)a > *(uint64_t *)b) return 1;
    53aa:	42a5      	cmp	r5, r4
    53ac:	4193      	sbcs	r3, r2
    53ae:	bf38      	it	cc
    53b0:	2001      	movcc	r0, #1
  return 0;
}
    53b2:	bc30      	pop	{r4, r5}
  if(*(uint64_t *)a > *(uint64_t *)b) return 1;
    53b4:	bf28      	it	cs
    53b6:	2000      	movcs	r0, #0
}
    53b8:	4770      	bx	lr
  if(*(uint64_t *)a < *(uint64_t *)b) return -1;
    53ba:	f04f 30ff 	mov.w	r0, #4294967295	@ 0xffffffff
}
    53be:	bc30      	pop	{r4, r5}
    53c0:	4770      	bx	lr
    53c2:	bf00      	nop

000053c4 <print_results>:

int print_results(const char *s, uint64_t *t, size_t tlen) {
  size_t i;
  static uint64_t overhead = -1;

  if(tlen < 2) {
    53c4:	2a01      	cmp	r2, #1
    53c6:	f240 80a8 	bls.w	551a <print_results+0x156>
int print_results(const char *s, uint64_t *t, size_t tlen) {
    53ca:	e92d 4ff0 	stmdb	sp!, {r4, r5, r6, r7, r8, r9, sl, fp, lr}
    printf(stderr, "ERROR: Need a least two cycle counts!\n");
    return;
  }

  if(overhead  == (uint64_t)-1)
    53ce:	4e57      	ldr	r6, [pc, #348]	@ (552c <print_results+0x168>)
    53d0:	4680      	mov	r8, r0
    53d2:	460c      	mov	r4, r1
    53d4:	e9d6 0100 	ldrd	r0, r1, [r6]
    53d8:	f1b1 3fff 	cmp.w	r1, #4294967295	@ 0xffffffff
    53dc:	bf08      	it	eq
    53de:	f1b0 3fff 	cmpeq.w	r0, #4294967295	@ 0xffffffff
    53e2:	4617      	mov	r7, r2
int print_results(const char *s, uint64_t *t, size_t tlen) {
    53e4:	b083      	sub	sp, #12
    overhead = cpucycles_overhead();

  tlen--;
    53e6:	f102 35ff 	add.w	r5, r2, #4294967295	@ 0xffffffff
  if(overhead  == (uint64_t)-1)
    53ea:	f000 8091 	beq.w	5510 <print_results+0x14c>
    53ee:	2d02      	cmp	r5, #2
    53f0:	f240 8099 	bls.w	5526 <print_results+0x162>
    53f4:	e9d4 6200 	ldrd	r6, r2, [r4]
    53f8:	46a6      	mov	lr, r4
  for(i=0;i<tlen;++i)
    53fa:	f04f 0900 	mov.w	r9, #0
    53fe:	1f3b      	subs	r3, r7, #4
    5400:	f023 0301 	bic.w	r3, r3, #1
    5404:	3302      	adds	r3, #2
    5406:	9401      	str	r4, [sp, #4]
    t[i] = t[i+1] - t[i] - overhead;
    5408:	f8de a008 	ldr.w	sl, [lr, #8]
    540c:	f8de 400c 	ldr.w	r4, [lr, #12]
    5410:	ebba 0c00 	subs.w	ip, sl, r0
    5414:	eb64 0b01 	sbc.w	fp, r4, r1
    5418:	ebbc 0606 	subs.w	r6, ip, r6
    541c:	eb6b 0202 	sbc.w	r2, fp, r2
    5420:	e9ce 6200 	strd	r6, r2, [lr]
    5424:	e9de 6204 	ldrd	r6, r2, [lr, #16]
    5428:	ebb6 0c00 	subs.w	ip, r6, r0
    542c:	eb62 0b01 	sbc.w	fp, r2, r1
    5430:	f109 0902 	add.w	r9, r9, #2
    5434:	ebbc 0c0a 	subs.w	ip, ip, sl
    5438:	eb6b 0b04 	sbc.w	fp, fp, r4
    543c:	4599      	cmp	r9, r3
    543e:	e9ce cb02 	strd	ip, fp, [lr, #8]
  for(i=0;i<tlen;++i)
    5442:	f10e 0e10 	add.w	lr, lr, #16
    5446:	d1df      	bne.n	5408 <print_results+0x44>
    5448:	9c01      	ldr	r4, [sp, #4]
    544a:	46a1      	mov	r9, r4
    544c:	46ba      	mov	sl, r7
    544e:	eb04 0cc3 	add.w	ip, r4, r3, lsl #3
    t[i] = t[i+1] - t[i] - overhead;
    5452:	e9dc 2602 	ldrd	r2, r6, [ip, #8]
    5456:	1a12      	subs	r2, r2, r0
    5458:	e9dc 7400 	ldrd	r7, r4, [ip]
    545c:	eb66 0601 	sbc.w	r6, r6, r1
    5460:	3301      	adds	r3, #1
    5462:	1bd2      	subs	r2, r2, r7
    5464:	eb66 0604 	sbc.w	r6, r6, r4
    5468:	f84c 2b08 	str.w	r2, [ip], #8
  for(i=0;i<tlen;++i)
    546c:	42ab      	cmp	r3, r5
    t[i] = t[i+1] - t[i] - overhead;
    546e:	f84c 6c04 	str.w	r6, [ip, #-4]
  for(i=0;i<tlen;++i)
    5472:	d3ee      	bcc.n	5452 <print_results+0x8e>

  printf("%s\n", s);
    5474:	4641      	mov	r1, r8
    5476:	482e      	ldr	r0, [pc, #184]	@ (5530 <print_results+0x16c>)
    5478:	f000 fb04 	bl	5a84 <printf>
  qsort(l,llen,sizeof(uint64_t),cmp_uint64);
    547c:	2208      	movs	r2, #8
    547e:	4629      	mov	r1, r5
    5480:	4b2c      	ldr	r3, [pc, #176]	@ (5534 <print_results+0x170>)
    5482:	4648      	mov	r0, r9
    5484:	f000 fe24 	bl	60d0 <qsort>
  if(llen%2) return l[llen/2];
    5488:	086b      	lsrs	r3, r5, #1
  printf("median: %d cycles/ticks\n", (int)(median(t, tlen)));
    548a:	f859 1033 	ldr.w	r1, [r9, r3, lsl #3]
  if(llen%2) return l[llen/2];
    548e:	eb09 02c3 	add.w	r2, r9, r3, lsl #3
    5492:	07eb      	lsls	r3, r5, #31
  printf("%s\n", s);
    5494:	464c      	mov	r4, r9
    5496:	4657      	mov	r7, sl
  if(llen%2) return l[llen/2];
    5498:	d40b      	bmi.n	54b2 <print_results+0xee>
  else return (l[llen/2-1]+l[llen/2])/2;
    549a:	f852 3c08 	ldr.w	r3, [r2, #-8]
    549e:	185b      	adds	r3, r3, r1
    54a0:	f852 1c04 	ldr.w	r1, [r2, #-4]
    54a4:	6852      	ldr	r2, [r2, #4]
    54a6:	ea4f 0353 	mov.w	r3, r3, lsr #1
    54aa:	eb41 0102 	adc.w	r1, r1, r2
  printf("median: %d cycles/ticks\n", (int)(median(t, tlen)));
    54ae:	ea43 71c1 	orr.w	r1, r3, r1, lsl #31
    54b2:	4821      	ldr	r0, [pc, #132]	@ (5538 <print_results+0x174>)
    54b4:	f000 fae6 	bl	5a84 <printf>
  uint64_t acc=0;
    54b8:	2000      	movs	r0, #0
    54ba:	f1a4 0608 	sub.w	r6, r4, #8
  for(i=0;i<tlen;++i)
    54be:	4632      	mov	r2, r6
  uint64_t acc=0;
    54c0:	4601      	mov	r1, r0
    54c2:	3c10      	subs	r4, #16
    54c4:	eb04 04c7 	add.w	r4, r4, r7, lsl #3
    acc += t[i];
    54c8:	f852 3f08 	ldr.w	r3, [r2, #8]!
    54cc:	6857      	ldr	r7, [r2, #4]
    54ce:	18c0      	adds	r0, r0, r3
    54d0:	eb41 0107 	adc.w	r1, r1, r7
  for(i=0;i<tlen;i++)
    54d4:	42a2      	cmp	r2, r4
    54d6:	d1f7      	bne.n	54c8 <print_results+0x104>
  return acc/tlen;
    54d8:	462a      	mov	r2, r5
    54da:	2300      	movs	r3, #0
    54dc:	f000 fc5e 	bl	5d9c <__aeabi_uldivmod>
    54e0:	4601      	mov	r1, r0
  printf("average: %d cycles/ticks\n", (int)(average(t, tlen)));
    54e2:	4816      	ldr	r0, [pc, #88]	@ (553c <print_results+0x178>)
    54e4:	f000 face 	bl	5a84 <printf>
  printf("\n");
    54e8:	4815      	ldr	r0, [pc, #84]	@ (5540 <print_results+0x17c>)
    54ea:	f000 facb 	bl	5a84 <printf>
  uint64_t acc=0;
    54ee:	2000      	movs	r0, #0
    54f0:	4601      	mov	r1, r0
    acc += t[i];
    54f2:	f856 3f08 	ldr.w	r3, [r6, #8]!
    54f6:	6872      	ldr	r2, [r6, #4]
    54f8:	18c0      	adds	r0, r0, r3
    54fa:	eb41 0102 	adc.w	r1, r1, r2
  for(i=0;i<tlen;i++)
    54fe:	42a6      	cmp	r6, r4
    5500:	d1f7      	bne.n	54f2 <print_results+0x12e>
  return acc/tlen;
    5502:	462a      	mov	r2, r5
    5504:	2300      	movs	r3, #0
    5506:	f000 fc49 	bl	5d9c <__aeabi_uldivmod>
  return (int)(average(t, tlen));
}
    550a:	b003      	add	sp, #12
    550c:	e8bd 8ff0 	ldmia.w	sp!, {r4, r5, r6, r7, r8, r9, sl, fp, pc}
    overhead = cpucycles_overhead();
    5510:	f7ff ff2a 	bl	5368 <cpucycles_overhead>
    5514:	e9c6 0100 	strd	r0, r1, [r6]
  for(i=0;i<tlen;++i)
    5518:	e769      	b.n	53ee <print_results+0x2a>
    printf(stderr, "ERROR: Need a least two cycle counts!\n");
    551a:	4b0a      	ldr	r3, [pc, #40]	@ (5544 <print_results+0x180>)
    551c:	490a      	ldr	r1, [pc, #40]	@ (5548 <print_results+0x184>)
    551e:	681b      	ldr	r3, [r3, #0]
    5520:	68d8      	ldr	r0, [r3, #12]
    5522:	f000 baaf 	b.w	5a84 <printf>
  for(i=0;i<tlen;++i)
    5526:	2300      	movs	r3, #0
    5528:	e78f      	b.n	544a <print_results+0x86>
    552a:	bf00      	nop
    552c:	20000000 	.word	0x20000000
    5530:	00000d5c 	.word	0x00000d5c
    5534:	00005399 	.word	0x00005399
    5538:	00000d60 	.word	0x00000d60
    553c:	00000d7c 	.word	0x00000d7c
    5540:	00000d98 	.word	0x00000d98
    5544:	20000008 	.word	0x20000008
    5548:	00000d34 	.word	0x00000d34

0000554c <print_calls>:

static uint32_t average_calls(int calls, size_t tlen) {
  return calls/tlen;
}

void print_calls(const char *s, int t, size_t tlen) {
    554c:	b538      	push	{r3, r4, r5, lr}
    554e:	4603      	mov	r3, r0
    5550:	4614      	mov	r4, r2
    5552:	460d      	mov	r5, r1
  printf("%s\n", s);
    5554:	4806      	ldr	r0, [pc, #24]	@ (5570 <print_calls+0x24>)
    5556:	4619      	mov	r1, r3
    5558:	f000 fa94 	bl	5a84 <printf>
  printf("average: %d cycles/ticks\n", (int)(average_calls(t, tlen)));
    555c:	fbb5 f1f4 	udiv	r1, r5, r4
    5560:	4804      	ldr	r0, [pc, #16]	@ (5574 <print_calls+0x28>)
    5562:	f000 fa8f 	bl	5a84 <printf>
  printf("\n");
}
    5566:	e8bd 4038 	ldmia.w	sp!, {r3, r4, r5, lr}
  printf("\n");
    556a:	4803      	ldr	r0, [pc, #12]	@ (5578 <print_calls+0x2c>)
    556c:	f000 ba8a 	b.w	5a84 <printf>
    5570:	00000d5c 	.word	0x00000d5c
    5574:	00000d7c 	.word	0x00000d7c
    5578:	00000d98 	.word	0x00000d98

0000557c <print_cycles>:

void print_cycles(const char *s, int t, size_t tlen) {
    557c:	4603      	mov	r3, r0
    557e:	b510      	push	{r4, lr}
    5580:	460c      	mov	r4, r1
  printf("%s \n", s);
    5582:	4806      	ldr	r0, [pc, #24]	@ (559c <print_cycles+0x20>)
    5584:	4619      	mov	r1, r3
    5586:	f000 fa7d 	bl	5a84 <printf>
  printf("average: %d cycles/ticks\n", t);
    558a:	4621      	mov	r1, r4
    558c:	4804      	ldr	r0, [pc, #16]	@ (55a0 <print_cycles+0x24>)
    558e:	f000 fa79 	bl	5a84 <printf>
  printf("\n");
}
    5592:	e8bd 4010 	ldmia.w	sp!, {r4, lr}
  printf("\n");
    5596:	4803      	ldr	r0, [pc, #12]	@ (55a4 <print_cycles+0x28>)
    5598:	f000 ba74 	b.w	5a84 <printf>
    559c:	00000d9c 	.word	0x00000d9c
    55a0:	00000d7c 	.word	0x00000d7c
    55a4:	00000d98 	.word	0x00000d98

000055a8 <printi.constprop.0>:
	}

	return pc;
}

static int printi(char **out, int i, int b, int sg, int width, int pad, int letbase)
    55a8:	e92d 47f0 	stmdb	sp!, {r4, r5, r6, r7, r8, r9, sl, lr}
    55ac:	b084      	sub	sp, #16
    55ae:	f8dd 8030 	ldr.w	r8, [sp, #48]	@ 0x30
    55b2:	461e      	mov	r6, r3
	if (!(pad & PAD_RIGHT)) {
    55b4:	f008 0901 	and.w	r9, r8, #1
	char print_buf[PRINT_BUF_LEN];
	register char *s;
	register int t, neg = 0, pc = 0;
	register unsigned int u = i;

	if (i == 0) {
    55b8:	2800      	cmp	r0, #0
    55ba:	f000 808a 	beq.w	56d2 <printi.constprop.0+0x12a>
		print_buf[0] = '0';
		print_buf[1] = '\0';
		return prints (out, print_buf, width, pad);
	}

	if (sg && b == 10 && i < 0) {
    55be:	4617      	mov	r7, r2
    55c0:	2a00      	cmp	r2, #0
    55c2:	d163      	bne.n	568c <printi.constprop.0+0xe4>
		neg = 1;
		u = -i;
	}

	s = print_buf + PRINT_BUF_LEN-1;
	*s = '\0';
    55c4:	2300      	movs	r3, #0

	while (u) {
		t = u % b;
		if( t >= 10 )
			t += letbase - '0' - 10;
    55c6:	9a0d      	ldr	r2, [sp, #52]	@ 0x34
	*s = '\0';
    55c8:	f88d 300f 	strb.w	r3, [sp, #15]
			t += letbase - '0' - 10;
    55cc:	f1a2 0e3a 	sub.w	lr, r2, #58	@ 0x3a
	s = print_buf + PRINT_BUF_LEN-1;
    55d0:	f10d 030f 	add.w	r3, sp, #15
    55d4:	e005      	b.n	55e2 <printi.constprop.0+0x3a>
	while (u) {
    55d6:	4281      	cmp	r1, r0
		*--s = t + '0';
    55d8:	f803 4c01 	strb.w	r4, [r3, #-1]
	while (u) {
    55dc:	d818      	bhi.n	5610 <printi.constprop.0+0x68>
		*--s = t + '0';
    55de:	462b      	mov	r3, r5
		u /= b;
    55e0:	4610      	mov	r0, r2
		t = u % b;
    55e2:	fbb0 f2f1 	udiv	r2, r0, r1
    55e6:	fb01 0c12 	mls	ip, r1, r2, r0
			t += letbase - '0' - 10;
    55ea:	eb0e 040c 	add.w	r4, lr, ip
		*--s = t + '0';
    55ee:	3430      	adds	r4, #48	@ 0x30
		if( t >= 10 )
    55f0:	f1bc 0f09 	cmp.w	ip, #9
		*--s = t + '0';
    55f4:	f103 35ff 	add.w	r5, r3, #4294967295	@ 0xffffffff
    55f8:	f10c 0a30 	add.w	sl, ip, #48	@ 0x30
    55fc:	b2e4      	uxtb	r4, r4
		if( t >= 10 )
    55fe:	d8ea      	bhi.n	55d6 <printi.constprop.0+0x2e>
		*--s = t + '0';
    5600:	fa5f f48a 	uxtb.w	r4, sl
	while (u) {
    5604:	4281      	cmp	r1, r0
		*--s = t + '0';
    5606:	f803 4c01 	strb.w	r4, [r3, #-1]
    560a:	f103 35ff 	add.w	r5, r3, #4294967295	@ 0xffffffff
	while (u) {
    560e:	d9e6      	bls.n	55de <printi.constprop.0+0x36>
	}

	if (neg) {
    5610:	b147      	cbz	r7, 5624 <printi.constprop.0+0x7c>
		if( width && (pad & PAD_ZERO) ) {
    5612:	2e00      	cmp	r6, #0
    5614:	d06a      	beq.n	56ec <printi.constprop.0+0x144>
    5616:	f018 0202 	ands.w	r2, r8, #2
    561a:	d07b      	beq.n	5714 <printi.constprop.0+0x16c>
    hal_uarte_char_write(c);
    561c:	202d      	movs	r0, #45	@ 0x2d
    561e:	f000 fa3f 	bl	5aa0 <hal_uarte_char_write>
			printchar (out, '-');
			++pc;
			--width;
    5622:	3e01      	subs	r6, #1
	if (width > 0) {
    5624:	2e00      	cmp	r6, #0
    5626:	dd4f      	ble.n	56c8 <printi.constprop.0+0x120>
		for (ptr = string; *ptr; ++ptr) ++len;
    5628:	462b      	mov	r3, r5
    562a:	4619      	mov	r1, r3
    562c:	f813 2f01 	ldrb.w	r2, [r3, #1]!
    5630:	2a00      	cmp	r2, #0
    5632:	d1fa      	bne.n	562a <printi.constprop.0+0x82>
    5634:	f1c5 0301 	rsb	r3, r5, #1
    5638:	4419      	add	r1, r3
		if (len >= width) width = 0;
    563a:	428e      	cmp	r6, r1
    563c:	dc2a      	bgt.n	5694 <printi.constprop.0+0xec>
		if (pad & PAD_ZERO) padchar = '0';
    563e:	f018 0802 	ands.w	r8, r8, #2
    5642:	d05c      	beq.n	56fe <printi.constprop.0+0x156>
	if (!(pad & PAD_RIGHT)) {
    5644:	f1b9 0f00 	cmp.w	r9, #0
    5648:	d06f      	beq.n	572a <printi.constprop.0+0x182>
	register int pc = 0, padchar = ' ';
    564a:	4616      	mov	r6, r2
	if (!(pad & PAD_RIGHT)) {
    564c:	f04f 0a30 	mov.w	sl, #48	@ 0x30
		if (len >= width) width = 0;
    5650:	4690      	mov	r8, r2
    5652:	46a9      	mov	r9, r5
    hal_uarte_char_write(c);
    5654:	4620      	mov	r0, r4
    5656:	f000 fa23 	bl	5aa0 <hal_uarte_char_write>
	for ( ; *string ; ++string) {
    565a:	464b      	mov	r3, r9
    565c:	f819 4f01 	ldrb.w	r4, [r9, #1]!
    5660:	2c00      	cmp	r4, #0
    5662:	d1f7      	bne.n	5654 <printi.constprop.0+0xac>
    5664:	3601      	adds	r6, #1
    5666:	1b76      	subs	r6, r6, r5
    5668:	441e      	add	r6, r3
	for ( ; width > 0; --width) {
    566a:	f1b8 0f00 	cmp.w	r8, #0
		else {
			*--s = '-';
		}
	}

	return pc + prints (out, s, width, pad);
    566e:	bfd8      	it	le
    5670:	19f0      	addle	r0, r6, r7
	for ( ; width > 0; --width) {
    5672:	dd08      	ble.n	5686 <printi.constprop.0+0xde>
    5674:	4644      	mov	r4, r8
    hal_uarte_char_write(c);
    5676:	4650      	mov	r0, sl
    5678:	f000 fa12 	bl	5aa0 <hal_uarte_char_write>
	for ( ; width > 0; --width) {
    567c:	3c01      	subs	r4, #1
    567e:	d1fa      	bne.n	5676 <printi.constprop.0+0xce>
	return pc + prints (out, s, width, pad);
    5680:	44b0      	add	r8, r6
    5682:	eb08 0007 	add.w	r0, r8, r7
}
    5686:	b004      	add	sp, #16
    5688:	e8bd 87f0 	ldmia.w	sp!, {r4, r5, r6, r7, r8, r9, sl, pc}
	if (sg && b == 10 && i < 0) {
    568c:	290a      	cmp	r1, #10
    568e:	d03d      	beq.n	570c <printi.constprop.0+0x164>
	register int t, neg = 0, pc = 0;
    5690:	2700      	movs	r7, #0
    5692:	e797      	b.n	55c4 <printi.constprop.0+0x1c>
		if (pad & PAD_ZERO) padchar = '0';
    5694:	f018 0f02 	tst.w	r8, #2
		else width -= len;
    5698:	eba6 0601 	sub.w	r6, r6, r1
		if (pad & PAD_ZERO) padchar = '0';
    569c:	bf14      	ite	ne
    569e:	f04f 0a30 	movne.w	sl, #48	@ 0x30
    56a2:	f04f 0a20 	moveq.w	sl, #32
	if (!(pad & PAD_RIGHT)) {
    56a6:	46b0      	mov	r8, r6
    56a8:	f1b9 0f00 	cmp.w	r9, #0
    56ac:	d10f      	bne.n	56ce <printi.constprop.0+0x126>
    hal_uarte_char_write(c);
    56ae:	4650      	mov	r0, sl
    56b0:	f000 f9f6 	bl	5aa0 <hal_uarte_char_write>
		for ( ; width > 0; --width) {
    56b4:	f1b8 0801 	subs.w	r8, r8, #1
    56b8:	d0cb      	beq.n	5652 <printi.constprop.0+0xaa>
    hal_uarte_char_write(c);
    56ba:	4650      	mov	r0, sl
    56bc:	f000 f9f0 	bl	5aa0 <hal_uarte_char_write>
		for ( ; width > 0; --width) {
    56c0:	f1b8 0801 	subs.w	r8, r8, #1
    56c4:	d1f3      	bne.n	56ae <printi.constprop.0+0x106>
    56c6:	e7c4      	b.n	5652 <printi.constprop.0+0xaa>
    56c8:	46b0      	mov	r8, r6
    56ca:	f04f 0a20 	mov.w	sl, #32
    56ce:	2600      	movs	r6, #0
    56d0:	e7bf      	b.n	5652 <printi.constprop.0+0xaa>
		print_buf[0] = '0';
    56d2:	2030      	movs	r0, #48	@ 0x30
	if (width > 0) {
    56d4:	2b00      	cmp	r3, #0
		print_buf[0] = '0';
    56d6:	f8ad 0004 	strh.w	r0, [sp, #4]
	if (width > 0) {
    56da:	dd03      	ble.n	56e4 <printi.constprop.0+0x13c>
		if (len >= width) width = 0;
    56dc:	2e01      	cmp	r6, #1
		if (pad & PAD_ZERO) padchar = '0';
    56de:	f008 0302 	and.w	r3, r8, #2
		if (len >= width) width = 0;
    56e2:	d125      	bne.n	5730 <printi.constprop.0+0x188>
    hal_uarte_char_write(c);
    56e4:	f000 f9dc 	bl	5aa0 <hal_uarte_char_write>
		return prints (out, print_buf, width, pad);
    56e8:	2001      	movs	r0, #1
    56ea:	e7cc      	b.n	5686 <printi.constprop.0+0xde>
			*--s = '-';
    56ec:	242d      	movs	r4, #45	@ 0x2d
	register int t, neg = 0, pc = 0;
    56ee:	4637      	mov	r7, r6
			*--s = '-';
    56f0:	f805 4c01 	strb.w	r4, [r5, #-1]
    56f4:	46b0      	mov	r8, r6
    56f6:	f04f 0a20 	mov.w	sl, #32
    56fa:	1e9d      	subs	r5, r3, #2
    56fc:	e7a9      	b.n	5652 <printi.constprop.0+0xaa>
	if (!(pad & PAD_RIGHT)) {
    56fe:	f1b9 0f00 	cmp.w	r9, #0
    5702:	d00d      	beq.n	5720 <printi.constprop.0+0x178>
	register int pc = 0, padchar = ' ';
    5704:	4646      	mov	r6, r8
	if (!(pad & PAD_RIGHT)) {
    5706:	f04f 0a20 	mov.w	sl, #32
    570a:	e7a2      	b.n	5652 <printi.constprop.0+0xaa>
	if (sg && b == 10 && i < 0) {
    570c:	2800      	cmp	r0, #0
    570e:	dabf      	bge.n	5690 <printi.constprop.0+0xe8>
		u = -i;
    5710:	4240      	negs	r0, r0
	while (u) {
    5712:	e757      	b.n	55c4 <printi.constprop.0+0x1c>
			*--s = '-';
    5714:	242d      	movs	r4, #45	@ 0x2d
	register int t, neg = 0, pc = 0;
    5716:	4617      	mov	r7, r2
			*--s = '-';
    5718:	f805 4c01 	strb.w	r4, [r5, #-1]
    571c:	1e9d      	subs	r5, r3, #2
    571e:	e781      	b.n	5624 <printi.constprop.0+0x7c>
	if (!(pad & PAD_RIGHT)) {
    5720:	f04f 0a20 	mov.w	sl, #32
	for ( ; *string ; ++string) {
    5724:	2600      	movs	r6, #0
    5726:	46b0      	mov	r8, r6
    5728:	e793      	b.n	5652 <printi.constprop.0+0xaa>
	if (!(pad & PAD_RIGHT)) {
    572a:	f04f 0a30 	mov.w	sl, #48	@ 0x30
    572e:	e7f9      	b.n	5724 <printi.constprop.0+0x17c>
		else width -= len;
    5730:	1e74      	subs	r4, r6, #1
		if (pad & PAD_ZERO) padchar = '0';
    5732:	b18b      	cbz	r3, 5758 <printi.constprop.0+0x1b0>
    5734:	4607      	mov	r7, r0
    5736:	4605      	mov	r5, r0
	if (!(pad & PAD_RIGHT)) {
    5738:	f1b9 0f00 	cmp.w	r9, #0
    573c:	d00f      	beq.n	575e <printi.constprop.0+0x1b6>
    hal_uarte_char_write(c);
    573e:	2030      	movs	r0, #48	@ 0x30
    5740:	f000 f9ae 	bl	5aa0 <hal_uarte_char_write>
    5744:	b2ed      	uxtb	r5, r5
    5746:	4628      	mov	r0, r5
    5748:	f000 f9aa 	bl	5aa0 <hal_uarte_char_write>
	for ( ; width > 0; --width) {
    574c:	3c01      	subs	r4, #1
    574e:	d1fa      	bne.n	5746 <printi.constprop.0+0x19e>
		return prints (out, print_buf, width, pad);
    5750:	4630      	mov	r0, r6
}
    5752:	b004      	add	sp, #16
    5754:	e8bd 87f0 	ldmia.w	sp!, {r4, r5, r6, r7, r8, r9, sl, pc}
		if (pad & PAD_ZERO) padchar = '0';
    5758:	2720      	movs	r7, #32
	register int pc = 0, padchar = ' ';
    575a:	463d      	mov	r5, r7
    575c:	e7ec      	b.n	5738 <printi.constprop.0+0x190>
    hal_uarte_char_write(c);
    575e:	4638      	mov	r0, r7
    5760:	f000 f99e 	bl	5aa0 <hal_uarte_char_write>
		for ( ; width > 0; --width) {
    5764:	3c01      	subs	r4, #1
    5766:	d1fa      	bne.n	575e <printi.constprop.0+0x1b6>
    hal_uarte_char_write(c);
    5768:	2030      	movs	r0, #48	@ 0x30
    576a:	f000 f999 	bl	5aa0 <hal_uarte_char_write>
		return prints (out, print_buf, width, pad);
    576e:	4630      	mov	r0, r6
    5770:	e7ef      	b.n	5752 <printi.constprop.0+0x1aa>
    5772:	bf00      	nop

00005774 <print.constprop.0>:

static int print(char **out, const char *format, va_list args )
    5774:	e92d 4ff0 	stmdb	sp!, {r4, r5, r6, r7, r8, r9, sl, fp, lr}
    5778:	4605      	mov	r5, r0
{
	register int width, pad;
	register int pc = 0;
	char scr[2];

	for (; *format != 0; ++format) {
    577a:	7800      	ldrb	r0, [r0, #0]
static int print(char **out, const char *format, va_list args )
    577c:	b083      	sub	sp, #12
	for (; *format != 0; ++format) {
    577e:	2800      	cmp	r0, #0
    5780:	f000 8082 	beq.w	5888 <print.constprop.0+0x114>
    5784:	460f      	mov	r7, r1
	register int pc = 0;
    5786:	2600      	movs	r6, #0
    5788:	e007      	b.n	579a <print.constprop.0+0x26>
    hal_uarte_char_write(c);
    578a:	f000 f989 	bl	5aa0 <hal_uarte_char_write>
			}
		}
		else {
		out:
			printchar (out, *format);
			++pc;
    578e:	462c      	mov	r4, r5
    5790:	3601      	adds	r6, #1
	for (; *format != 0; ++format) {
    5792:	7860      	ldrb	r0, [r4, #1]
    5794:	1c65      	adds	r5, r4, #1
    5796:	2800      	cmp	r0, #0
    5798:	d077      	beq.n	588a <print.constprop.0+0x116>
		if (*format == '%') {
    579a:	2825      	cmp	r0, #37	@ 0x25
    579c:	d1f5      	bne.n	578a <print.constprop.0+0x16>
			if (*format == '\0') break;
    579e:	7868      	ldrb	r0, [r5, #1]
    57a0:	2800      	cmp	r0, #0
    57a2:	d072      	beq.n	588a <print.constprop.0+0x116>
			if (*format == '%') goto out;
    57a4:	2825      	cmp	r0, #37	@ 0x25
			++format;
    57a6:	f105 0401 	add.w	r4, r5, #1
			if (*format == '%') goto out;
    57aa:	d06b      	beq.n	5884 <print.constprop.0+0x110>
			if (*format == '-') {
    57ac:	282d      	cmp	r0, #45	@ 0x2d
			while (*format == '0') {
    57ae:	bf05      	ittet	eq
    57b0:	78a8      	ldrbeq	r0, [r5, #2]
				pad = PAD_RIGHT;
    57b2:	2201      	moveq	r2, #1
			width = pad = 0;
    57b4:	2200      	movne	r2, #0
				++format;
    57b6:	1cac      	addeq	r4, r5, #2
			while (*format == '0') {
    57b8:	2830      	cmp	r0, #48	@ 0x30
    57ba:	f040 80da 	bne.w	5972 <print.constprop.0+0x1fe>
    57be:	f814 0f01 	ldrb.w	r0, [r4, #1]!
				pad |= PAD_ZERO;
    57c2:	f042 0202 	orr.w	r2, r2, #2
			while (*format == '0') {
    57c6:	2830      	cmp	r0, #48	@ 0x30
    57c8:	d0f9      	beq.n	57be <print.constprop.0+0x4a>
    57ca:	f04f 0c02 	mov.w	ip, #2
			for ( ; *format >= '0' && *format <= '9'; ++format) {
    57ce:	f1a0 0330 	sub.w	r3, r0, #48	@ 0x30
    57d2:	b2d9      	uxtb	r1, r3
    57d4:	2909      	cmp	r1, #9
			width = pad = 0;
    57d6:	f04f 0500 	mov.w	r5, #0
			for ( ; *format >= '0' && *format <= '9'; ++format) {
    57da:	d80a      	bhi.n	57f2 <print.constprop.0+0x7e>
    57dc:	f814 0f01 	ldrb.w	r0, [r4, #1]!
				width *= 10;
    57e0:	eb05 0585 	add.w	r5, r5, r5, lsl #2
				width += *format - '0';
    57e4:	eb03 0545 	add.w	r5, r3, r5, lsl #1
			for ( ; *format >= '0' && *format <= '9'; ++format) {
    57e8:	f1a0 0330 	sub.w	r3, r0, #48	@ 0x30
    57ec:	b2d9      	uxtb	r1, r3
    57ee:	2909      	cmp	r1, #9
    57f0:	d9f4      	bls.n	57dc <print.constprop.0+0x68>
			if( *format == 's' ) {
    57f2:	3858      	subs	r0, #88	@ 0x58
    57f4:	2820      	cmp	r0, #32
    57f6:	d8cc      	bhi.n	5792 <print.constprop.0+0x1e>
    57f8:	a301      	add	r3, pc, #4	@ (adr r3, 5800 <print.constprop.0+0x8c>)
    57fa:	f853 f020 	ldr.w	pc, [r3, r0, lsl #2]
    57fe:	bf00      	nop
    5800:	00005967 	.word	0x00005967
    5804:	00005793 	.word	0x00005793
    5808:	00005793 	.word	0x00005793
    580c:	00005793 	.word	0x00005793
    5810:	00005793 	.word	0x00005793
    5814:	00005793 	.word	0x00005793
    5818:	00005793 	.word	0x00005793
    581c:	00005793 	.word	0x00005793
    5820:	00005793 	.word	0x00005793
    5824:	00005793 	.word	0x00005793
    5828:	00005793 	.word	0x00005793
    582c:	0000593f 	.word	0x0000593f
    5830:	00005937 	.word	0x00005937
    5834:	00005793 	.word	0x00005793
    5838:	00005793 	.word	0x00005793
    583c:	00005793 	.word	0x00005793
    5840:	00005793 	.word	0x00005793
    5844:	00005793 	.word	0x00005793
    5848:	00005793 	.word	0x00005793
    584c:	00005793 	.word	0x00005793
    5850:	00005793 	.word	0x00005793
    5854:	00005793 	.word	0x00005793
    5858:	00005793 	.word	0x00005793
    585c:	00005793 	.word	0x00005793
    5860:	00005793 	.word	0x00005793
    5864:	00005793 	.word	0x00005793
    5868:	00005793 	.word	0x00005793
    586c:	000058c5 	.word	0x000058c5
    5870:	00005793 	.word	0x00005793
    5874:	000058ad 	.word	0x000058ad
    5878:	00005793 	.word	0x00005793
    587c:	00005793 	.word	0x00005793
    5880:	00005893 	.word	0x00005893
			++format;
    5884:	4625      	mov	r5, r4
    5886:	e780      	b.n	578a <print.constprop.0+0x16>
	register int pc = 0;
    5888:	4606      	mov	r6, r0
		}
	}
	if (out) **out = '\0';
	va_end( args );
	return pc;
}
    588a:	4630      	mov	r0, r6
    588c:	b003      	add	sp, #12
    588e:	e8bd 8ff0 	ldmia.w	sp!, {r4, r5, r6, r7, r8, r9, sl, fp, pc}
				pc += printi (out, va_arg( args, int ), 16, 0, width, pad, 'a');
    5892:	9200      	str	r2, [sp, #0]
    5894:	462b      	mov	r3, r5
    5896:	2200      	movs	r2, #0
    5898:	4639      	mov	r1, r7
    589a:	2061      	movs	r0, #97	@ 0x61
				pc += printi (out, va_arg( args, int ), 16, 0, width, pad, 'A');
    589c:	9001      	str	r0, [sp, #4]
    589e:	6808      	ldr	r0, [r1, #0]
    58a0:	2110      	movs	r1, #16
    58a2:	f7ff fe81 	bl	55a8 <printi.constprop.0>
    58a6:	3704      	adds	r7, #4
    58a8:	4406      	add	r6, r0
				continue;
    58aa:	e772      	b.n	5792 <print.constprop.0+0x1e>
				pc += printi (out, va_arg( args, int ), 10, 0, width, pad, 'a');
    58ac:	9200      	str	r2, [sp, #0]
    58ae:	462b      	mov	r3, r5
    58b0:	2200      	movs	r2, #0
    58b2:	2061      	movs	r0, #97	@ 0x61
    58b4:	9001      	str	r0, [sp, #4]
    58b6:	6838      	ldr	r0, [r7, #0]
    58b8:	210a      	movs	r1, #10
    58ba:	f7ff fe75 	bl	55a8 <printi.constprop.0>
    58be:	3704      	adds	r7, #4
    58c0:	4406      	add	r6, r0
				continue;
    58c2:	e766      	b.n	5792 <print.constprop.0+0x1e>
				register char *s = (char *)va_arg( args, int );
    58c4:	683b      	ldr	r3, [r7, #0]
    58c6:	3704      	adds	r7, #4
				pc += prints (out, s?s:"(null)", width, pad);
    58c8:	2b00      	cmp	r3, #0
    58ca:	d055      	beq.n	5978 <print.constprop.0+0x204>
	if (width > 0) {
    58cc:	2d00      	cmp	r5, #0
				register char *s = (char *)va_arg( args, int );
    58ce:	4698      	mov	r8, r3
	for ( ; *string ; ++string) {
    58d0:	7818      	ldrb	r0, [r3, #0]
	if (!(pad & PAD_RIGHT)) {
    58d2:	f002 0201 	and.w	r2, r2, #1
	if (width > 0) {
    58d6:	f340 809f 	ble.w	5a18 <print.constprop.0+0x2a4>
		for (ptr = string; *ptr; ++ptr) ++len;
    58da:	2800      	cmp	r0, #0
    58dc:	d056      	beq.n	598c <print.constprop.0+0x218>
    58de:	4643      	mov	r3, r8
    58e0:	469e      	mov	lr, r3
    58e2:	f813 1f01 	ldrb.w	r1, [r3, #1]!
    58e6:	2900      	cmp	r1, #0
    58e8:	d1fa      	bne.n	58e0 <print.constprop.0+0x16c>
    58ea:	f1c8 0b01 	rsb	fp, r8, #1
    58ee:	44de      	add	lr, fp
		if (len >= width) width = 0;
    58f0:	45ae      	cmp	lr, r5
    58f2:	db49      	blt.n	5988 <print.constprop.0+0x214>
		if (pad & PAD_ZERO) padchar = '0';
    58f4:	f1bc 0f00 	cmp.w	ip, #0
    58f8:	f040 8093 	bne.w	5a22 <print.constprop.0+0x2ae>
	register int pc = 0, padchar = ' ';
    58fc:	f04f 0a20 	mov.w	sl, #32
	for ( ; *string ; ++string) {
    5900:	2500      	movs	r5, #0
    5902:	46a9      	mov	r9, r5
    hal_uarte_char_write(c);
    5904:	f000 f8cc 	bl	5aa0 <hal_uarte_char_write>
	for ( ; *string ; ++string) {
    5908:	4643      	mov	r3, r8
    590a:	f818 0f01 	ldrb.w	r0, [r8, #1]!
    590e:	2800      	cmp	r0, #0
    5910:	d1f8      	bne.n	5904 <print.constprop.0+0x190>
    5912:	44ab      	add	fp, r5
	for ( ; width > 0; --width) {
    5914:	f1b9 0f00 	cmp.w	r9, #0
    5918:	eb03 050b 	add.w	r5, r3, fp
    591c:	dd21      	ble.n	5962 <print.constprop.0+0x1ee>
    hal_uarte_char_write(c);
    591e:	46c8      	mov	r8, r9
    5920:	fa5f fa8a 	uxtb.w	sl, sl
    5924:	4650      	mov	r0, sl
    5926:	f000 f8bb 	bl	5aa0 <hal_uarte_char_write>
	for ( ; width > 0; --width) {
    592a:	f1b8 0801 	subs.w	r8, r8, #1
    592e:	d1f9      	bne.n	5924 <print.constprop.0+0x1b0>
				pc += prints (out, s?s:"(null)", width, pad);
    5930:	44a9      	add	r9, r5
    5932:	444e      	add	r6, r9
				continue;
    5934:	e72d      	b.n	5792 <print.constprop.0+0x1e>
				pc += printi (out, va_arg( args, int ), 10, 1, width, pad, 'a');
    5936:	9200      	str	r2, [sp, #0]
    5938:	462b      	mov	r3, r5
    593a:	2201      	movs	r2, #1
    593c:	e7b9      	b.n	58b2 <print.constprop.0+0x13e>
	if (width > 0) {
    593e:	2d00      	cmp	r5, #0
				scr[0] = (char)va_arg( args, int );
    5940:	f897 a000 	ldrb.w	sl, [r7]
	if (!(pad & PAD_RIGHT)) {
    5944:	f002 0201 	and.w	r2, r2, #1
				scr[0] = (char)va_arg( args, int );
    5948:	f107 0704 	add.w	r7, r7, #4
	if (width > 0) {
    594c:	dd37      	ble.n	59be <print.constprop.0+0x24a>
		for (ptr = string; *ptr; ++ptr) ++len;
    594e:	f1ba 0f00 	cmp.w	sl, #0
    5952:	f000 8084 	beq.w	5a5e <print.constprop.0+0x2ea>
		if (len >= width) width = 0;
    5956:	2d01      	cmp	r5, #1
    5958:	d137      	bne.n	59ca <print.constprop.0+0x256>
    hal_uarte_char_write(c);
    595a:	4650      	mov	r0, sl
    595c:	f000 f8a0 	bl	5aa0 <hal_uarte_char_write>
	register int pc = 0, padchar = ' ';
    5960:	2501      	movs	r5, #1
				pc += prints (out, scr, width, pad);
    5962:	442e      	add	r6, r5
    5964:	e715      	b.n	5792 <print.constprop.0+0x1e>
				pc += printi (out, va_arg( args, int ), 16, 0, width, pad, 'A');
    5966:	9200      	str	r2, [sp, #0]
    5968:	462b      	mov	r3, r5
    596a:	2200      	movs	r2, #0
    596c:	4639      	mov	r1, r7
    596e:	2041      	movs	r0, #65	@ 0x41
    5970:	e794      	b.n	589c <print.constprop.0+0x128>
			while (*format == '0') {
    5972:	f04f 0c00 	mov.w	ip, #0
    5976:	e72a      	b.n	57ce <print.constprop.0+0x5a>
	if (width > 0) {
    5978:	2d00      	cmp	r5, #0
    597a:	dd43      	ble.n	5a04 <print.constprop.0+0x290>
	if (!(pad & PAD_RIGHT)) {
    597c:	2028      	movs	r0, #40	@ 0x28
				pc += prints (out, s?s:"(null)", width, pad);
    597e:	f8df 8100 	ldr.w	r8, [pc, #256]	@ 5a80 <print.constprop.0+0x30c>
	if (!(pad & PAD_RIGHT)) {
    5982:	f002 0201 	and.w	r2, r2, #1
    5986:	e7aa      	b.n	58de <print.constprop.0+0x16a>
		else width -= len;
    5988:	eba5 050e 	sub.w	r5, r5, lr
		if (pad & PAD_ZERO) padchar = '0';
    598c:	f1bc 0f00 	cmp.w	ip, #0
    5990:	d14a      	bne.n	5a28 <print.constprop.0+0x2b4>
    5992:	f04f 0b20 	mov.w	fp, #32
	register int pc = 0, padchar = ' ';
    5996:	46da      	mov	sl, fp
	if (!(pad & PAD_RIGHT)) {
    5998:	46a9      	mov	r9, r5
    599a:	b11a      	cbz	r2, 59a4 <print.constprop.0+0x230>
	for ( ; *string ; ++string) {
    599c:	2800      	cmp	r0, #0
    599e:	d068      	beq.n	5a72 <print.constprop.0+0x2fe>
    59a0:	2500      	movs	r5, #0
    59a2:	e009      	b.n	59b8 <print.constprop.0+0x244>
    hal_uarte_char_write(c);
    59a4:	4658      	mov	r0, fp
    59a6:	f000 f87b 	bl	5aa0 <hal_uarte_char_write>
		for ( ; width > 0; --width) {
    59aa:	f1b9 0901 	subs.w	r9, r9, #1
    59ae:	d1f9      	bne.n	59a4 <print.constprop.0+0x230>
	for ( ; *string ; ++string) {
    59b0:	f898 0000 	ldrb.w	r0, [r8]
    59b4:	2800      	cmp	r0, #0
    59b6:	d0d4      	beq.n	5962 <print.constprop.0+0x1ee>
    59b8:	f1c8 0b01 	rsb	fp, r8, #1
    59bc:	e7a2      	b.n	5904 <print.constprop.0+0x190>
	if (!(pad & PAD_RIGHT)) {
    59be:	b9ea      	cbnz	r2, 59fc <print.constprop.0+0x288>
	for ( ; *string ; ++string) {
    59c0:	f1ba 0f00 	cmp.w	sl, #0
    59c4:	f43f aee5 	beq.w	5792 <print.constprop.0+0x1e>
    59c8:	e7c7      	b.n	595a <print.constprop.0+0x1e6>
    59ca:	3d01      	subs	r5, #1
		if (pad & PAD_ZERO) padchar = '0';
    59cc:	f1bc 0f00 	cmp.w	ip, #0
    59d0:	d12e      	bne.n	5a30 <print.constprop.0+0x2bc>
	if (!(pad & PAD_RIGHT)) {
    59d2:	f04f 0920 	mov.w	r9, #32
    59d6:	b37a      	cbz	r2, 5a38 <print.constprop.0+0x2c4>
    hal_uarte_char_write(c);
    59d8:	4650      	mov	r0, sl
    59da:	f000 f861 	bl	5aa0 <hal_uarte_char_write>
		++pc;
    59de:	f04f 0a01 	mov.w	sl, #1
    hal_uarte_char_write(c);
    59e2:	46a8      	mov	r8, r5
    59e4:	fa5f f989 	uxtb.w	r9, r9
    59e8:	4648      	mov	r0, r9
    59ea:	f000 f859 	bl	5aa0 <hal_uarte_char_write>
	for ( ; width > 0; --width) {
    59ee:	f1b8 0801 	subs.w	r8, r8, #1
    59f2:	d1f9      	bne.n	59e8 <print.constprop.0+0x274>
				pc += prints (out, scr, width, pad);
    59f4:	eb05 030a 	add.w	r3, r5, sl
    59f8:	441e      	add	r6, r3
				continue;
    59fa:	e6ca      	b.n	5792 <print.constprop.0+0x1e>
	for ( ; *string ; ++string) {
    59fc:	f1ba 0f00 	cmp.w	sl, #0
    5a00:	d1ab      	bne.n	595a <print.constprop.0+0x1e6>
    5a02:	e6c6      	b.n	5792 <print.constprop.0+0x1e>
	if (width > 0) {
    5a04:	2028      	movs	r0, #40	@ 0x28
				pc += prints (out, s?s:"(null)", width, pad);
    5a06:	f8df 8078 	ldr.w	r8, [pc, #120]	@ 5a80 <print.constprop.0+0x30c>
	for ( ; *string ; ++string) {
    5a0a:	46a9      	mov	r9, r5
    5a0c:	f04f 0a20 	mov.w	sl, #32
    5a10:	2500      	movs	r5, #0
    5a12:	f1c8 0b01 	rsb	fp, r8, #1
    5a16:	e775      	b.n	5904 <print.constprop.0+0x190>
	if (!(pad & PAD_RIGHT)) {
    5a18:	b9f2      	cbnz	r2, 5a58 <print.constprop.0+0x2e4>
	for ( ; *string ; ++string) {
    5a1a:	2800      	cmp	r0, #0
    5a1c:	f43f aeb9 	beq.w	5792 <print.constprop.0+0x1e>
    5a20:	e7f3      	b.n	5a0a <print.constprop.0+0x296>
		if (pad & PAD_ZERO) padchar = '0';
    5a22:	f04f 0a30 	mov.w	sl, #48	@ 0x30
    5a26:	e76b      	b.n	5900 <print.constprop.0+0x18c>
    5a28:	f04f 0b30 	mov.w	fp, #48	@ 0x30
    5a2c:	46da      	mov	sl, fp
    5a2e:	e7b3      	b.n	5998 <print.constprop.0+0x224>
	if (!(pad & PAD_RIGHT)) {
    5a30:	f04f 0930 	mov.w	r9, #48	@ 0x30
    5a34:	2a00      	cmp	r2, #0
    5a36:	d1cf      	bne.n	59d8 <print.constprop.0+0x264>
    5a38:	46a8      	mov	r8, r5
    hal_uarte_char_write(c);
    5a3a:	4648      	mov	r0, r9
    5a3c:	f000 f830 	bl	5aa0 <hal_uarte_char_write>
		for ( ; width > 0; --width) {
    5a40:	f1b8 0801 	subs.w	r8, r8, #1
    5a44:	d1f9      	bne.n	5a3a <print.constprop.0+0x2c6>
	for ( ; *string ; ++string) {
    5a46:	f1ba 0f00 	cmp.w	sl, #0
    5a4a:	d08a      	beq.n	5962 <print.constprop.0+0x1ee>
    hal_uarte_char_write(c);
    5a4c:	4650      	mov	r0, sl
		++pc;
    5a4e:	3501      	adds	r5, #1
    hal_uarte_char_write(c);
    5a50:	f000 f826 	bl	5aa0 <hal_uarte_char_write>
				pc += prints (out, scr, width, pad);
    5a54:	442e      	add	r6, r5
    5a56:	e69c      	b.n	5792 <print.constprop.0+0x1e>
	for ( ; *string ; ++string) {
    5a58:	2800      	cmp	r0, #0
    5a5a:	d1d6      	bne.n	5a0a <print.constprop.0+0x296>
    5a5c:	e699      	b.n	5792 <print.constprop.0+0x1e>
		if (pad & PAD_ZERO) padchar = '0';
    5a5e:	f1bc 0f00 	cmp.w	ip, #0
    5a62:	d008      	beq.n	5a76 <print.constprop.0+0x302>
	if (!(pad & PAD_RIGHT)) {
    5a64:	f04f 0930 	mov.w	r9, #48	@ 0x30
    5a68:	2a00      	cmp	r2, #0
    5a6a:	d0e5      	beq.n	5a38 <print.constprop.0+0x2c4>
	register int pc = 0, padchar = ' ';
    5a6c:	f04f 0a00 	mov.w	sl, #0
    5a70:	e7b7      	b.n	59e2 <print.constprop.0+0x26e>
	for ( ; *string ; ++string) {
    5a72:	4605      	mov	r5, r0
    5a74:	e753      	b.n	591e <print.constprop.0+0x1aa>
	if (!(pad & PAD_RIGHT)) {
    5a76:	f04f 0920 	mov.w	r9, #32
    5a7a:	2a00      	cmp	r2, #0
    5a7c:	d0dc      	beq.n	5a38 <print.constprop.0+0x2c4>
    5a7e:	e7f5      	b.n	5a6c <print.constprop.0+0x2f8>
    5a80:	00000da4 	.word	0x00000da4

00005a84 <printf>:



int printf(const char *format, ...)
{
    5a84:	b40f      	push	{r0, r1, r2, r3}
    5a86:	b500      	push	{lr}
    5a88:	b083      	sub	sp, #12
    5a8a:	a904      	add	r1, sp, #16
    5a8c:	f851 0b04 	ldr.w	r0, [r1], #4
        va_list args;

        va_start( args, format );
    5a90:	9101      	str	r1, [sp, #4]
        return print( 0, format, args );
    5a92:	f7ff fe6f 	bl	5774 <print.constprop.0>
}
    5a96:	b003      	add	sp, #12
    5a98:	f85d eb04 	ldr.w	lr, [sp], #4
    5a9c:	b004      	add	sp, #16
    5a9e:	4770      	bx	lr

00005aa0 <hal_uarte_char_write>:
  
  m_initialized = true;
}

uint32_t hal_uarte_char_write(uint8_t ch) {
    if (!m_initialized) {
    5aa0:	4b15      	ldr	r3, [pc, #84]	@ (5af8 <hal_uarte_char_write+0x58>)
uint32_t hal_uarte_char_write(uint8_t ch) {
    5aa2:	b430      	push	{r4, r5}
    if (!m_initialized) {
    5aa4:	781a      	ldrb	r2, [r3, #0]
    5aa6:	b972      	cbnz	r2, 5ac6 <hal_uarte_char_write+0x26>
  uarte_instance->PSEL.TXD = 6;
    5aa8:	2406      	movs	r4, #6
  uarte_instance->BAUDRATE = UARTE_BAUDRATE_BAUDRATE_Baud115200;
    5aaa:	f04f 75eb 	mov.w	r5, #30801920	@ 0x1d60000
    5aae:	4a13      	ldr	r2, [pc, #76]	@ (5afc <hal_uarte_char_write+0x5c>)
  uarte_instance->CONFIG = (uint32_t)hwfc | (uint32_t)parity;
    5ab0:	2101      	movs	r1, #1
  uarte_instance->BAUDRATE = UARTE_BAUDRATE_BAUDRATE_Baud115200;
    5ab2:	f8c2 5524 	str.w	r5, [r2, #1316]	@ 0x524
  uarte_instance->PSEL.TXD = 6;
    5ab6:	f8c2 4604 	str.w	r4, [r2, #1540]	@ 0x604
  uarte_instance->ENABLE = (UARTE_ENABLE_ENABLE_Enabled << UARTE_ENABLE_ENABLE_Pos);
    5aba:	2408      	movs	r4, #8
  uarte_instance->CONFIG = (uint32_t)hwfc | (uint32_t)parity;
    5abc:	f8c2 156c 	str.w	r1, [r2, #1388]	@ 0x56c
  uarte_instance->ENABLE = (UARTE_ENABLE_ENABLE_Enabled << UARTE_ENABLE_ENABLE_Pos);
    5ac0:	f8c2 4500 	str.w	r4, [r2, #1280]	@ 0x500
  m_initialized = true;
    5ac4:	7019      	strb	r1, [r3, #0]


    m_tx_buf[0] = ch;

    uarte_instance->DMA.TX.PTR = (uint32_t)((uint8_t *)m_tx_buf);
    uarte_instance->DMA.TX.MAXCNT = (uint32_t)sizeof(m_tx_buf);
    5ac6:	2301      	movs	r3, #1
    uarte_instance->ERRORSRC = 0;
    5ac8:	2400      	movs	r4, #0
    5aca:	4a0c      	ldr	r2, [pc, #48]	@ (5afc <hal_uarte_char_write+0x5c>)
    m_tx_buf[0] = ch;
    5acc:	490c      	ldr	r1, [pc, #48]	@ (5b00 <hal_uarte_char_write+0x60>)
    uarte_instance->ERRORSRC = 0;
    5ace:	f8c2 4480 	str.w	r4, [r2, #1152]	@ 0x480
    m_tx_buf[0] = ch;
    5ad2:	7008      	strb	r0, [r1, #0]
    uarte_instance->DMA.TX.PTR = (uint32_t)((uint8_t *)m_tx_buf);
    5ad4:	f8c2 173c 	str.w	r1, [r2, #1852]	@ 0x73c
    uarte_instance->DMA.TX.MAXCNT = (uint32_t)sizeof(m_tx_buf);
    5ad8:	f8c2 3740 	str.w	r3, [r2, #1856]	@ 0x740
    uarte_instance->TASKS_DMA.TX.START = 1;
    5adc:	6513      	str	r3, [r2, #80]	@ 0x50


     while((0 == uarte_instance->EVENTS_TXDRDY)) ;
    5ade:	f8d2 310c 	ldr.w	r3, [r2, #268]	@ 0x10c
    5ae2:	2b00      	cmp	r3, #0
    5ae4:	d0fb      	beq.n	5ade <hal_uarte_char_write+0x3e>

    uarte_instance->EVENTS_TXDRDY  = 0;
    uarte_instance->TASKS_DMA.TX.STOP  = 1;

    return uarte_instance->ERRORSRC;
}
    5ae6:	bc30      	pop	{r4, r5}
    uarte_instance->EVENTS_TXDRDY  = 0;
    5ae8:	2100      	movs	r1, #0
    uarte_instance->TASKS_DMA.TX.STOP  = 1;
    5aea:	2301      	movs	r3, #1
    uarte_instance->EVENTS_TXDRDY  = 0;
    5aec:	f8c2 110c 	str.w	r1, [r2, #268]	@ 0x10c
    uarte_instance->TASKS_DMA.TX.STOP  = 1;
    5af0:	6553      	str	r3, [r2, #84]	@ 0x54
    return uarte_instance->ERRORSRC;
    5af2:	f8d2 0480 	ldr.w	r0, [r2, #1152]	@ 0x480
}
    5af6:	4770      	bx	lr
    5af8:	20000191 	.word	0x20000191
    5afc:	50104000 	.word	0x50104000
    5b00:	20000190 	.word	0x20000190

00005b04 <_exit>:
#else
#ifndef SIM
void _exit(int status) {
    (void)status;   // Remove unused parameter warning
//    _write(1, "exit", 4);
    while (1) {
    5b04:	e7fe      	b.n	5b04 <_exit>
    5b06:	bf00      	nop

00005b08 <Reset_Handler>:
 * All addresses must be aligned to 4 bytes boundary.
 */
#ifndef __STARTUP_SKIP_ETEXT

/* Load .data */
    ldr r1, =__data_start
    5b08:	4919      	ldr	r1, [pc, #100]	@ (5b70 <clear_bss_done+0x8>)
    ldr r2, =__data_end
    5b0a:	4a1a      	ldr	r2, [pc, #104]	@ (5b74 <clear_bss_done+0xc>)
    ldr r3, =__data_load_start
    5b0c:	4b1a      	ldr	r3, [pc, #104]	@ (5b78 <clear_bss_done+0x10>)
    bl copy_region
    5b0e:	f000 f810 	bl	5b32 <copy_region>

/* Load .sdata */
    ldr r1, =__sdata_start
    5b12:	491a      	ldr	r1, [pc, #104]	@ (5b7c <clear_bss_done+0x14>)
    ldr r2, =__sdata_end
    5b14:	4a1a      	ldr	r2, [pc, #104]	@ (5b80 <clear_bss_done+0x18>)
    ldr r3, =__sdata_load_start
    5b16:	4b1b      	ldr	r3, [pc, #108]	@ (5b84 <clear_bss_done+0x1c>)
    bl copy_region
    5b18:	f000 f80b 	bl	5b32 <copy_region>

/* Load .tdata */
    ldr r1, =__tdata_start
    5b1c:	491a      	ldr	r1, [pc, #104]	@ (5b88 <clear_bss_done+0x20>)
    ldr r2, =__tdata_end
    5b1e:	4a1b      	ldr	r2, [pc, #108]	@ (5b8c <clear_bss_done+0x24>)
    ldr r3, =__tdata_load_start
    5b20:	4b1b      	ldr	r3, [pc, #108]	@ (5b90 <clear_bss_done+0x28>)
    bl copy_region
    5b22:	f000 f806 	bl	5b32 <copy_region>

/* Load .fast */
    ldr r1, =__fast_start
    5b26:	491b      	ldr	r1, [pc, #108]	@ (5b94 <clear_bss_done+0x2c>)
    ldr r2, =__fast_end
    5b28:	4a1b      	ldr	r2, [pc, #108]	@ (5b98 <clear_bss_done+0x30>)
    ldr r3, =__fast_load_start
    5b2a:	4b1c      	ldr	r3, [pc, #112]	@ (5b9c <clear_bss_done+0x34>)
    bl copy_region
    5b2c:	f000 f801 	bl	5b32 <copy_region>

    b copy_etext_done
    5b30:	e006      	b.n	5b40 <copy_etext_done>

00005b32 <copy_region>:

/* Method that loads data from nvm to ram */
copy_region:
    subs r2, r2, r1
    5b32:	1a52      	subs	r2, r2, r1
    ble L_copy_region_done
    5b34:	dd03      	ble.n	5b3e <L_copy_region_done>

00005b36 <L_copy_region>:

L_copy_region:
    subs r2, r2, #4
    5b36:	3a04      	subs	r2, #4
    ldr r0, [r3,r2]
    5b38:	5898      	ldr	r0, [r3, r2]
    str r0, [r1,r2]
    5b3a:	5088      	str	r0, [r1, r2]
    bgt L_copy_region
    5b3c:	dcfb      	bgt.n	5b36 <L_copy_region>

00005b3e <L_copy_region_done>:

L_copy_region_done:

    bx lr
    5b3e:	4770      	bx	lr

00005b40 <copy_etext_done>:
 *    __bss_end__: end of the BSS section.
 *
 * All addresses must be aligned to 4 bytes boundary.
 */
#ifdef __STARTUP_CLEAR_BSS
    ldr r1, =__bss_start__
    5b40:	4917      	ldr	r1, [pc, #92]	@ (5ba0 <clear_bss_done+0x38>)
    ldr r2, =__bss_end__
    5b42:	4a18      	ldr	r2, [pc, #96]	@ (5ba4 <clear_bss_done+0x3c>)
    bl clear_region
    5b44:	f000 f809 	bl	5b5a <clear_region>

    ldr r1, =__tbss_start__
    5b48:	4917      	ldr	r1, [pc, #92]	@ (5ba8 <clear_bss_done+0x40>)
    ldr r2, =__tbss_end__
    5b4a:	4a18      	ldr	r2, [pc, #96]	@ (5bac <clear_bss_done+0x44>)
    bl clear_region
    5b4c:	f000 f805 	bl	5b5a <clear_region>

    ldr r1, =__sbss_start__
    5b50:	4917      	ldr	r1, [pc, #92]	@ (5bb0 <clear_bss_done+0x48>)
    ldr r2, =__sbss_end__
    5b52:	4a18      	ldr	r2, [pc, #96]	@ (5bb4 <clear_bss_done+0x4c>)
    bl clear_region
    5b54:	f000 f801 	bl	5b5a <clear_region>

    b clear_bss_done
    5b58:	e006      	b.n	5b68 <clear_bss_done>

00005b5a <clear_region>:

/* Method that clears default-0 registers */
clear_region:
    movs r0, 0
    5b5a:	2000      	movs	r0, #0

    subs r2, r2, r1
    5b5c:	1a52      	subs	r2, r2, r1
    ble .L_clear_region_done
    5b5e:	dd02      	ble.n	5b66 <clear_region+0xc>

.L_clear_region:
    subs r2, r2, #4
    5b60:	3a04      	subs	r2, #4
    str r0, [r1, r2]
    5b62:	5088      	str	r0, [r1, r2]
    bgt .L_clear_region
    5b64:	dcfc      	bgt.n	5b60 <clear_region+0x6>

.L_clear_region_done:

    bx lr
    5b66:	4770      	bx	lr

00005b68 <clear_bss_done>:
clear_bss_done:

#endif /* __STARTUP_CLEAR_BSS */

/* Execute SystemInit function. */
    bl SystemInit
    5b68:	f000 f832 	bl	5bd0 <SystemInit>
 * If those libraries are not accessible, define __START as your entry point.
 */
#ifndef __START
#define __START _start
#endif
    bl __START
    5b6c:	f7fb f96c 	bl	e48 <_mainCRTStartup>
    ldr r1, =__data_start
    5b70:	20000000 	.word	0x20000000
    ldr r2, =__data_end
    5b74:	20000058 	.word	0x20000058
    ldr r3, =__data_load_start
    5b78:	00006b34 	.word	0x00006b34
    ldr r1, =__sdata_start
    5b7c:	20000058 	.word	0x20000058
    ldr r2, =__sdata_end
    5b80:	20000058 	.word	0x20000058
    ldr r3, =__sdata_load_start
    5b84:	00006b8c 	.word	0x00006b8c
    ldr r1, =__tdata_start
    5b88:	20000058 	.word	0x20000058
    ldr r2, =__tdata_end
    5b8c:	20000058 	.word	0x20000058
    ldr r3, =__tdata_load_start
    5b90:	00006b8c 	.word	0x00006b8c
    ldr r1, =__fast_start
    5b94:	20000058 	.word	0x20000058
    ldr r2, =__fast_end
    5b98:	20000058 	.word	0x20000058
    ldr r3, =__fast_load_start
    5b9c:	00006b8c 	.word	0x00006b8c
    ldr r1, =__bss_start__
    5ba0:	20000058 	.word	0x20000058
    ldr r2, =__bss_end__
    5ba4:	20000360 	.word	0x20000360
    ldr r1, =__tbss_start__
    5ba8:	20000360 	.word	0x20000360
    ldr r2, =__tbss_end__
    5bac:	20000360 	.word	0x20000360
    ldr r1, =__sbss_start__
    5bb0:	20000360 	.word	0x20000360
    ldr r2, =__sbss_end__
    5bb4:	20000360 	.word	0x20000360

00005bb8 <NMI_Handler>:
/* Dummy Exception Handlers (infinite loops which can be modified) */

    .weak   NMI_Handler
    .type   NMI_Handler, %function
NMI_Handler:
    b       .
    5bb8:	e7fe      	b.n	5bb8 <NMI_Handler>

00005bba <HardFault_Handler>:


    .weak   HardFault_Handler
    .type   HardFault_Handler, %function
HardFault_Handler:
    b       .
    5bba:	e7fe      	b.n	5bba <HardFault_Handler>

00005bbc <MemoryManagement_Handler>:


    .weak   MemoryManagement_Handler
    .type   MemoryManagement_Handler, %function
MemoryManagement_Handler:
    b       .
    5bbc:	e7fe      	b.n	5bbc <MemoryManagement_Handler>

00005bbe <BusFault_Handler>:


    .weak   BusFault_Handler
    .type   BusFault_Handler, %function
BusFault_Handler:
    b       .
    5bbe:	e7fe      	b.n	5bbe <BusFault_Handler>

00005bc0 <UsageFault_Handler>:


    .weak   UsageFault_Handler
    .type   UsageFault_Handler, %function
UsageFault_Handler:
    b       .
    5bc0:	e7fe      	b.n	5bc0 <UsageFault_Handler>

00005bc2 <SecureFault_Handler>:


    .weak   SecureFault_Handler
    .type   SecureFault_Handler, %function
SecureFault_Handler:
    b       .
    5bc2:	e7fe      	b.n	5bc2 <SecureFault_Handler>

00005bc4 <SVC_Handler>:


    .weak   SVC_Handler
    .type   SVC_Handler, %function
SVC_Handler:
    b       .
    5bc4:	e7fe      	b.n	5bc4 <SVC_Handler>

00005bc6 <DebugMon_Handler>:


    .weak   DebugMon_Handler
    .type   DebugMon_Handler, %function
DebugMon_Handler:
    b       .
    5bc6:	e7fe      	b.n	5bc6 <DebugMon_Handler>

00005bc8 <PendSV_Handler>:


    .weak   PendSV_Handler
    .type   PendSV_Handler, %function
PendSV_Handler:
    b       .
    5bc8:	e7fe      	b.n	5bc8 <PendSV_Handler>

00005bca <SysTick_Handler>:


    .weak   SysTick_Handler
    .type   SysTick_Handler, %function
SysTick_Handler:
    b       .
    5bca:	e7fe      	b.n	5bca <SysTick_Handler>

00005bcc <Default_Handler>:
/* IRQ Handlers */

    .globl  Default_Handler
    .type   Default_Handler, %function
Default_Handler:
    b       .
    5bcc:	e7fe      	b.n	5bcc <Default_Handler>
    5bce:	bf00      	nop

00005bd0 <SystemInit>:
            #elif defined(NRF_CONFIG_CPU_FREQ_MHZ) && (NRF_CONFIG_CPU_FREQ_MHZ==128)
                NRF_OSCILLATORS->PLL.FREQ = OSCILLATORS_PLL_FREQ_FREQ_CK128M;
            #elif defined(NRF_CONFIG_CPU_FREQ_MHZ)
                #error "Illegal CPU frequency set"
            #else
                NRF_OSCILLATORS->PLL.FREQ = OSCILLATORS_PLL_FREQ_FREQ_CK128M;
    5bd0:	2301      	movs	r3, #1
        #if defined (NRF54L05_XXAA) || defined (DEVELOP_IN_NRF54L05)\
         || defined (NRF54L10_XXAA) || defined (DEVELOP_IN_NRF54L10)\
         || defined (NRF54L15_XXAA) || defined (DEVELOP_IN_NRF54L15)\
         || defined (NRF54LM20A_XXAA) || defined (DEVELOP_IN_NRF54LM20A)\
         || defined (NRF54LV10A_XXAA) || defined (DEVELOP_IN_NRF54LV10A)
            uint32_t var1 = *(uint32_t *)0x00FFC340ul;
    5bd2:	4a67      	ldr	r2, [pc, #412]	@ (5d70 <__text_size+0x38>)
    5bd4:	4867      	ldr	r0, [pc, #412]	@ (5d74 <__text_size+0x3c>)
                        return true;
                }
            }
        #endif
        #if defined (NRF54LM20A_XXAA) || defined (DEVELOP_IN_NRF54LM20A)
            if (var1 == 0x29)
    5bd6:	f8d2 2340 	ldr.w	r2, [r2, #832]	@ 0x340

        #if !defined(NRF_TRUSTZONE_NONSECURE) && defined(__ARM_FEATURE_CMSE)
            #if defined (NRF54LM20A_XXAA) || defined (NRF54LM20B_XXAA) || defined (NRF54LV10A_XXAA)
                /* Dummy-read KMU to starts its boot preparations. This operation should be at
                   the beginning of SystemInit to allow KMU to run to completion during the function call */
                NRF_KMU->STATUS;
    5bda:	4967      	ldr	r1, [pc, #412]	@ (5d78 <__text_size+0x40>)
    5bdc:	2a29      	cmp	r2, #41	@ 0x29

            #if NRF54L_ERRATA_37_ENABLE_WORKAROUND
                /* Workaround for Errata 37 */
                if (nrf54l_errata_37())
                {
                    *((volatile uint32_t *)0x5005340C) = 1ul;
    5bde:	bf08      	it	eq
    5be0:	4a66      	ldreq	r2, [pc, #408]	@ (5d7c <__text_size+0x44>)
                NRF_OSCILLATORS->PLL.FREQ = OSCILLATORS_PLL_FREQ_FREQ_CK128M;
    5be2:	f8c0 3800 	str.w	r3, [r0, #2048]	@ 0x800
                NRF_KMU->STATUS;
    5be6:	f8d1 1400 	ldr.w	r1, [r1, #1024]	@ 0x400
                    *((volatile uint32_t *)0x5005340C) = 1ul;
    5bea:	bf08      	it	eq
    5bec:	f8c2 340c 	streq.w	r3, [r2, #1036]	@ 0x40c
     TAMPC_PROTECT_DOMAIN_DBGEN_CTRL_KEY_KEY << TAMPC_PROTECT_DOMAIN_DBGEN_CTRL_KEY_Pos)


static inline void nrf54l_handle_approtect_signal(volatile uint32_t * signal_ctrl)
{
    if ((*signal_ctrl & TAMPC_SIGNAL_IS_LOCKED) != 0)
    5bf0:	4b63      	ldr	r3, [pc, #396]	@ (5d80 <__text_size+0x48>)
    5bf2:	f8d3 2500 	ldr.w	r2, [r3, #1280]	@ 0x500
    5bf6:	0790      	lsls	r0, r2, #30
    5bf8:	d50d      	bpl.n	5c16 <SystemInit+0x46>
    {
        if ((*signal_ctrl & TAMPC_SIGNAL_IS_HIGH) != 0)
    5bfa:	f8d3 3500 	ldr.w	r3, [r3, #1280]	@ 0x500
    5bfe:	07d9      	lsls	r1, r3, #31
    5c00:	d50f      	bpl.n	5c22 <SystemInit+0x52>
            /* Do hard reset, invalid state. */
            
            /* Temporary fix - use WDT to trigger hard reset. */
            /* Replace with proper hard reset task later if added. */
            /* Make sure WDT is always running independent of CPU state. */
            NRF_WDT30->CONFIG = 9;
    5c02:	2009      	movs	r0, #9

            /* Set minimum tick length */
            NRF_WDT30->CRV = 0xF;
    5c04:	210f      	movs	r1, #15

            /* Start WDT */
            NRF_WDT30->TASKS_START = 1;
    5c06:	2201      	movs	r2, #1
            NRF_WDT30->CONFIG = 9;
    5c08:	4b5e      	ldr	r3, [pc, #376]	@ (5d84 <__text_size+0x4c>)
    5c0a:	f8c3 050c 	str.w	r0, [r3, #1292]	@ 0x50c
            NRF_WDT30->CRV = 0xF;
    5c0e:	f8c3 1504 	str.w	r1, [r3, #1284]	@ 0x504
            NRF_WDT30->TASKS_START = 1;
    5c12:	601a      	str	r2, [r3, #0]

            /* Wait for timer to elapse */
            while(1);
    5c14:	e7fe      	b.n	5c14 <SystemInit+0x44>
    *signal_ctrl = TAMPC_SIGNAL_LOCK;
#elif defined(ENABLE_AUTHENTICATED_APPROTECT)
    /* Do nothing, TAMPC should already be in correct state. */
#else
    /* Disable APPROTECT */
    *signal_ctrl = TAMPC_SIGNAL_CLEAR_WRITEPROTECTION;
    5c16:	495c      	ldr	r1, [pc, #368]	@ (5d88 <__text_size+0x50>)
    *signal_ctrl = TAMPC_SIGNAL_OPEN;
    5c18:	4a5c      	ldr	r2, [pc, #368]	@ (5d8c <__text_size+0x54>)
    *signal_ctrl = TAMPC_SIGNAL_CLEAR_WRITEPROTECTION;
    5c1a:	f8c3 1500 	str.w	r1, [r3, #1280]	@ 0x500
    *signal_ctrl = TAMPC_SIGNAL_OPEN;
    5c1e:	f8c3 2500 	str.w	r2, [r3, #1280]	@ 0x500
    if ((*signal_ctrl & TAMPC_SIGNAL_IS_LOCKED) != 0)
    5c22:	4b57      	ldr	r3, [pc, #348]	@ (5d80 <__text_size+0x48>)
    5c24:	f8d3 2508 	ldr.w	r2, [r3, #1288]	@ 0x508
    5c28:	0792      	lsls	r2, r2, #30
    5c2a:	d418      	bmi.n	5c5e <SystemInit+0x8e>
    *signal_ctrl = TAMPC_SIGNAL_CLEAR_WRITEPROTECTION;
    5c2c:	4956      	ldr	r1, [pc, #344]	@ (5d88 <__text_size+0x50>)
    *signal_ctrl = TAMPC_SIGNAL_OPEN;
    5c2e:	4a57      	ldr	r2, [pc, #348]	@ (5d8c <__text_size+0x54>)
    *signal_ctrl = TAMPC_SIGNAL_CLEAR_WRITEPROTECTION;
    5c30:	f8c3 1508 	str.w	r1, [r3, #1288]	@ 0x508
    *signal_ctrl = TAMPC_SIGNAL_OPEN;
    5c34:	f8c3 2508 	str.w	r2, [r3, #1288]	@ 0x508
#endif
}

static inline void nrf54l_handle_secureapprotect_signal(volatile uint32_t * signal_ctrl)
{
    if ((*signal_ctrl & TAMPC_SIGNAL_IS_LOCKED) != 0)
    5c38:	4b51      	ldr	r3, [pc, #324]	@ (5d80 <__text_size+0x48>)
    5c3a:	f8d3 2510 	ldr.w	r2, [r3, #1296]	@ 0x510
    5c3e:	0790      	lsls	r0, r2, #30
    5c40:	d51b      	bpl.n	5c7a <SystemInit+0xaa>
    {
        if ((*signal_ctrl & TAMPC_SIGNAL_IS_HIGH) != 0)
    5c42:	f8d3 3510 	ldr.w	r3, [r3, #1296]	@ 0x510
    5c46:	07d9      	lsls	r1, r3, #31
    5c48:	d51d      	bpl.n	5c86 <SystemInit+0xb6>
            NRF_WDT30->CONFIG = 9;
    5c4a:	2009      	movs	r0, #9
            NRF_WDT30->CRV = 0xF;
    5c4c:	210f      	movs	r1, #15
            NRF_WDT30->TASKS_START = 1;
    5c4e:	2201      	movs	r2, #1
            NRF_WDT30->CONFIG = 9;
    5c50:	4b4c      	ldr	r3, [pc, #304]	@ (5d84 <__text_size+0x4c>)
    5c52:	f8c3 050c 	str.w	r0, [r3, #1292]	@ 0x50c
            NRF_WDT30->CRV = 0xF;
    5c56:	f8c3 1504 	str.w	r1, [r3, #1284]	@ 0x504
            NRF_WDT30->TASKS_START = 1;
    5c5a:	601a      	str	r2, [r3, #0]
            while(1);
    5c5c:	e7fe      	b.n	5c5c <SystemInit+0x8c>
        if ((*signal_ctrl & TAMPC_SIGNAL_IS_HIGH) != 0)
    5c5e:	f8d3 3508 	ldr.w	r3, [r3, #1288]	@ 0x508
    5c62:	07db      	lsls	r3, r3, #31
    5c64:	d5e8      	bpl.n	5c38 <SystemInit+0x68>
            NRF_WDT30->CONFIG = 9;
    5c66:	2009      	movs	r0, #9
            NRF_WDT30->CRV = 0xF;
    5c68:	210f      	movs	r1, #15
            NRF_WDT30->TASKS_START = 1;
    5c6a:	2201      	movs	r2, #1
            NRF_WDT30->CONFIG = 9;
    5c6c:	4b45      	ldr	r3, [pc, #276]	@ (5d84 <__text_size+0x4c>)
    5c6e:	f8c3 050c 	str.w	r0, [r3, #1292]	@ 0x50c
            NRF_WDT30->CRV = 0xF;
    5c72:	f8c3 1504 	str.w	r1, [r3, #1284]	@ 0x504
            NRF_WDT30->TASKS_START = 1;
    5c76:	601a      	str	r2, [r3, #0]
            while(1);
    5c78:	e7fe      	b.n	5c78 <SystemInit+0xa8>
#elif defined(ENABLE_AUTHENTICATED_SECUREAPPROTECT)
    /* Do nothing, TAMPC should already be in correct state. */
    // TODO: What about if approtect is disabled here?
#else
    /* Disable APPROTECT */
    *signal_ctrl = TAMPC_SIGNAL_CLEAR_WRITEPROTECTION;
    5c7a:	4943      	ldr	r1, [pc, #268]	@ (5d88 <__text_size+0x50>)
    *signal_ctrl = TAMPC_SIGNAL_OPEN;
    5c7c:	4a43      	ldr	r2, [pc, #268]	@ (5d8c <__text_size+0x54>)
    *signal_ctrl = TAMPC_SIGNAL_CLEAR_WRITEPROTECTION;
    5c7e:	f8c3 1510 	str.w	r1, [r3, #1296]	@ 0x510
    *signal_ctrl = TAMPC_SIGNAL_OPEN;
    5c82:	f8c3 2510 	str.w	r2, [r3, #1296]	@ 0x510
    if ((*signal_ctrl & TAMPC_SIGNAL_IS_LOCKED) != 0)
    5c86:	4b3e      	ldr	r3, [pc, #248]	@ (5d80 <__text_size+0x48>)
    5c88:	f8d3 2518 	ldr.w	r2, [r3, #1304]	@ 0x518
    5c8c:	0792      	lsls	r2, r2, #30
    5c8e:	d418      	bmi.n	5cc2 <SystemInit+0xf2>
    *signal_ctrl = TAMPC_SIGNAL_CLEAR_WRITEPROTECTION;
    5c90:	493d      	ldr	r1, [pc, #244]	@ (5d88 <__text_size+0x50>)
    *signal_ctrl = TAMPC_SIGNAL_OPEN;
    5c92:	4a3e      	ldr	r2, [pc, #248]	@ (5d8c <__text_size+0x54>)
    *signal_ctrl = TAMPC_SIGNAL_CLEAR_WRITEPROTECTION;
    5c94:	f8c3 1518 	str.w	r1, [r3, #1304]	@ 0x518
    *signal_ctrl = TAMPC_SIGNAL_OPEN;
    5c98:	f8c3 2518 	str.w	r2, [r3, #1304]	@ 0x518
    if ((*signal_ctrl & TAMPC_SIGNAL_IS_LOCKED) != 0)
    5c9c:	4b38      	ldr	r3, [pc, #224]	@ (5d80 <__text_size+0x48>)
    5c9e:	f8d3 2700 	ldr.w	r2, [r3, #1792]	@ 0x700
    5ca2:	0790      	lsls	r0, r2, #30
    5ca4:	d51b      	bpl.n	5cde <SystemInit+0x10e>
        if ((*signal_ctrl & TAMPC_SIGNAL_IS_HIGH) != 0)
    5ca6:	f8d3 3700 	ldr.w	r3, [r3, #1792]	@ 0x700
    5caa:	07d9      	lsls	r1, r3, #31
    5cac:	d51d      	bpl.n	5cea <SystemInit+0x11a>
            NRF_WDT30->CONFIG = 9;
    5cae:	2009      	movs	r0, #9
            NRF_WDT30->CRV = 0xF;
    5cb0:	210f      	movs	r1, #15
            NRF_WDT30->TASKS_START = 1;
    5cb2:	2201      	movs	r2, #1
            NRF_WDT30->CONFIG = 9;
    5cb4:	4b33      	ldr	r3, [pc, #204]	@ (5d84 <__text_size+0x4c>)
    5cb6:	f8c3 050c 	str.w	r0, [r3, #1292]	@ 0x50c
            NRF_WDT30->CRV = 0xF;
    5cba:	f8c3 1504 	str.w	r1, [r3, #1284]	@ 0x504
            NRF_WDT30->TASKS_START = 1;
    5cbe:	601a      	str	r2, [r3, #0]
            while(1);
    5cc0:	e7fe      	b.n	5cc0 <SystemInit+0xf0>
        if ((*signal_ctrl & TAMPC_SIGNAL_IS_HIGH) != 0)
    5cc2:	f8d3 3518 	ldr.w	r3, [r3, #1304]	@ 0x518
    5cc6:	07db      	lsls	r3, r3, #31
    5cc8:	d5e8      	bpl.n	5c9c <SystemInit+0xcc>
            NRF_WDT30->CONFIG = 9;
    5cca:	2009      	movs	r0, #9
            NRF_WDT30->CRV = 0xF;
    5ccc:	210f      	movs	r1, #15
            NRF_WDT30->TASKS_START = 1;
    5cce:	2201      	movs	r2, #1
            NRF_WDT30->CONFIG = 9;
    5cd0:	4b2c      	ldr	r3, [pc, #176]	@ (5d84 <__text_size+0x4c>)
    5cd2:	f8c3 050c 	str.w	r0, [r3, #1292]	@ 0x50c
            NRF_WDT30->CRV = 0xF;
    5cd6:	f8c3 1504 	str.w	r1, [r3, #1284]	@ 0x504
            NRF_WDT30->TASKS_START = 1;
    5cda:	601a      	str	r2, [r3, #0]
            while(1);
    5cdc:	e7fe      	b.n	5cdc <SystemInit+0x10c>
    *signal_ctrl = TAMPC_SIGNAL_CLEAR_WRITEPROTECTION;
    5cde:	492a      	ldr	r1, [pc, #168]	@ (5d88 <__text_size+0x50>)
    *signal_ctrl = TAMPC_SIGNAL_OPEN;
    5ce0:	4a2a      	ldr	r2, [pc, #168]	@ (5d8c <__text_size+0x54>)
    *signal_ctrl = TAMPC_SIGNAL_CLEAR_WRITEPROTECTION;
    5ce2:	f8c3 1700 	str.w	r1, [r3, #1792]	@ 0x700
    *signal_ctrl = TAMPC_SIGNAL_OPEN;
    5ce6:	f8c3 2700 	str.w	r2, [r3, #1792]	@ 0x700
                nrf54l_handle_approtect();
            #endif
            #if defined(__FPU_PRESENT) && __FPU_PRESENT
                /* Allow Non-Secure code to run FPU instructions.
                * If only the secure code should control FPU power state these registers should be configured accordingly in the secure application code. */
                SCB->NSACR |= (3UL << 10ul);
    5cea:	4929      	ldr	r1, [pc, #164]	@ (5d90 <__text_size+0x58>)
                    #endif
                    * ((volatile uint32_t*)NRF_FICR->TRIMCNF[index].ADDR) = NRF_FICR->TRIMCNF[index].DATA;

                #else

                    for (index = 0ul; index < FICR_TRIMCNF_MaxCount && NRF_FICR_NS->TRIMCNF[index].ADDR != 0xFFFFFFFFul && NRF_FICR_NS->TRIMCNF[index].ADDR != 0x00000000ul; index++) {
    5cec:	2200      	movs	r2, #0
                SCB->NSACR |= (3UL << 10ul);
    5cee:	f8d1 308c 	ldr.w	r3, [r1, #140]	@ 0x8c
    5cf2:	f443 6340 	orr.w	r3, r3, #3072	@ 0xc00
    5cf6:	f8c1 308c 	str.w	r3, [r1, #140]	@ 0x8c
                    for (index = 0ul; index < FICR_TRIMCNF_MaxCount && NRF_FICR_NS->TRIMCNF[index].ADDR != 0xFFFFFFFFul && NRF_FICR_NS->TRIMCNF[index].ADDR != 0x00000000ul; index++) {
    5cfa:	e009      	b.n	5d10 <SystemInit+0x140>
    5cfc:	f8d3 1400 	ldr.w	r1, [r3, #1024]	@ 0x400
    5d00:	b181      	cbz	r1, 5d24 <SystemInit+0x154>
                    #if defined ( __ICCARM__ )
                        /* IAR will complain about the order of volatile pointer accesses. */
                        #pragma diag_suppress=Pa082
                    #endif
                    * ((volatile uint32_t*)NRF_FICR_NS->TRIMCNF[index].ADDR) = NRF_FICR_NS->TRIMCNF[index].DATA;
    5d02:	f8d3 1400 	ldr.w	r1, [r3, #1024]	@ 0x400
    5d06:	f8d3 3404 	ldr.w	r3, [r3, #1028]	@ 0x404
                    for (index = 0ul; index < FICR_TRIMCNF_MaxCount && NRF_FICR_NS->TRIMCNF[index].ADDR != 0xFFFFFFFFul && NRF_FICR_NS->TRIMCNF[index].ADDR != 0x00000000ul; index++) {
    5d0a:	2a40      	cmp	r2, #64	@ 0x40
                    * ((volatile uint32_t*)NRF_FICR_NS->TRIMCNF[index].ADDR) = NRF_FICR_NS->TRIMCNF[index].DATA;
    5d0c:	600b      	str	r3, [r1, #0]
                    for (index = 0ul; index < FICR_TRIMCNF_MaxCount && NRF_FICR_NS->TRIMCNF[index].ADDR != 0xFFFFFFFFul && NRF_FICR_NS->TRIMCNF[index].ADDR != 0x00000000ul; index++) {
    5d0e:	d009      	beq.n	5d24 <SystemInit+0x154>
                    * ((volatile uint32_t*)NRF_FICR_NS->TRIMCNF[index].ADDR) = NRF_FICR_NS->TRIMCNF[index].DATA;
    5d10:	00d3      	lsls	r3, r2, #3
    5d12:	f503 037f 	add.w	r3, r3, #16711680	@ 0xff0000
    5d16:	f503 4340 	add.w	r3, r3, #49152	@ 0xc000
                    for (index = 0ul; index < FICR_TRIMCNF_MaxCount && NRF_FICR_NS->TRIMCNF[index].ADDR != 0xFFFFFFFFul && NRF_FICR_NS->TRIMCNF[index].ADDR != 0x00000000ul; index++) {
    5d1a:	f8d3 1400 	ldr.w	r1, [r3, #1024]	@ 0x400
    5d1e:	3201      	adds	r2, #1
    5d20:	3101      	adds	r1, #1
    5d22:	d1eb      	bne.n	5cfc <SystemInit+0x12c>
                    *((volatile uint32_t *)0x5012063Cul) &= ~(1ul << 19);
                }
            #endif

            /* When RESETREAS shows a pin reset (RESETPIN), ignore other reset reason bits. */
            if (NRF_RESET->RESETREAS & RESET_RESETREAS_RESETPIN_Msk)
    5d24:	4b1b      	ldr	r3, [pc, #108]	@ (5d94 <__text_size+0x5c>)
    5d26:	f8d3 2600 	ldr.w	r2, [r3, #1536]	@ 0x600
    5d2a:	07d2      	lsls	r2, r2, #31
    5d2c:	d503      	bpl.n	5d36 <SystemInit+0x166>
            {
                NRF_RESET->RESETREAS =  ~RESET_RESETREAS_RESETPIN_Msk;
    5d2e:	f06f 0201 	mvn.w	r2, #1
    5d32:	f8c3 2600 	str.w	r2, [r3, #1536]	@ 0x600
            }

            #ifndef NRF_DISABLE_RRAM_POWER_OFF
                /* Allow RRAMC to go into poweroff mode during System on idle for lower power consumption at a penalty of 9us extra RRAM ready time */
                NRF_RRAMC->POWER.LOWPOWERCONFIG = (RRAMC_POWER_LOWPOWERCONFIG_MODE_PowerOff << RRAMC_POWER_LOWPOWERCONFIG_MODE_Pos);
    5d36:	2000      	movs	r0, #0
    5d38:	4917      	ldr	r1, [pc, #92]	@ (5d98 <__text_size+0x60>)
        * compiler. Since the FPU consumes energy, remember to disable FPU use in the compiler if floating point unit
        * operations are not used in your code. */
        
        /* Allow Non-Secure code to run FPU instructions.
         * If only the secure code should control FPU power state these registers should be configured accordingly in the secure application code. */
        SCB->NSACR |= (3UL << 10ul);
    5d3a:	4b15      	ldr	r3, [pc, #84]	@ (5d90 <__text_size+0x58>)
                NRF_RRAMC->POWER.LOWPOWERCONFIG = (RRAMC_POWER_LOWPOWERCONFIG_MODE_PowerOff << RRAMC_POWER_LOWPOWERCONFIG_MODE_Pos);
    5d3c:	f8c1 0518 	str.w	r0, [r1, #1304]	@ 0x518
        SCB->NSACR |= (3UL << 10ul);
    5d40:	f8d3 208c 	ldr.w	r2, [r3, #140]	@ 0x8c
    5d44:	f442 6240 	orr.w	r2, r2, #3072	@ 0xc00
    5d48:	f8c3 208c 	str.w	r2, [r3, #140]	@ 0x8c

        #if (__FPU_USED == 1ul)
            SCB->CPACR |= (3UL << 20ul) | (3UL << 22ul);
    5d4c:	f8d3 2088 	ldr.w	r2, [r3, #136]	@ 0x88
    5d50:	f442 0270 	orr.w	r2, r2, #15728640	@ 0xf00000
    5d54:	f8c3 2088 	str.w	r2, [r3, #136]	@ 0x88
  \details Acts as a special kind of Data Memory Barrier.
           It completes when all explicit memory accesses before this instruction complete.
 */
__STATIC_FORCEINLINE void __DSB(void)
{
  __ASM volatile ("dsb 0xF":::"memory");
    5d58:	f3bf 8f4f 	dsb	sy
  __ASM volatile ("isb 0xF":::"memory");
    5d5c:	f3bf 8f6f 	isb	sy
        #endif

        #if !defined(NRF_TRUSTZONE_NONSECURE) && defined(__ARM_FEATURE_CMSE) && !defined (NRF_SKIP_KMU_WAIT_FOR_READY)
            #if defined (NRF54LM20A_XXAA) || defined (NRF54LM20B_XXAA) || defined (NRF54LV10A_XXAA)
                /* KMU is ready by now, but to be sure allow it to run to completion */
                while(NRF_KMU->STATUS == KMU_STATUS_STATUS_Busy)
    5d60:	4a05      	ldr	r2, [pc, #20]	@ (5d78 <__text_size+0x40>)
                NRF_GLITCHDET_S->CONFIG = (GLITCHDET_CONFIG_ENABLE_Disable << GLITCHDET_CONFIG_ENABLE_Pos);
    5d62:	f8c1 05a0 	str.w	r0, [r1, #1440]	@ 0x5a0
                while(NRF_KMU->STATUS == KMU_STATUS_STATUS_Busy)
    5d66:	f8d2 3400 	ldr.w	r3, [r2, #1024]	@ 0x400
    5d6a:	2b01      	cmp	r3, #1
    5d6c:	d0fb      	beq.n	5d66 <__text_size+0x2e>
                }
            #endif
        #endif

    #endif
}
    5d6e:	4770      	bx	lr
    5d70:	00ffc000 	.word	0x00ffc000
    5d74:	50120000 	.word	0x50120000
    5d78:	50049000 	.word	0x50049000
    5d7c:	50053000 	.word	0x50053000
    5d80:	500ef000 	.word	0x500ef000
    5d84:	50108000 	.word	0x50108000
    5d88:	50fa00f0 	.word	0x50fa00f0
    5d8c:	50fa0001 	.word	0x50fa0001
    5d90:	e000ed00 	.word	0xe000ed00
    5d94:	5010e000 	.word	0x5010e000
    5d98:	5004e000 	.word	0x5004e000

00005d9c <__aeabi_uldivmod>:
    5d9c:	b953      	cbnz	r3, 5db4 <__aeabi_uldivmod+0x18>
    5d9e:	b94a      	cbnz	r2, 5db4 <__aeabi_uldivmod+0x18>
    5da0:	2900      	cmp	r1, #0
    5da2:	bf08      	it	eq
    5da4:	2800      	cmpeq	r0, #0
    5da6:	bf1c      	itt	ne
    5da8:	f04f 31ff 	movne.w	r1, #4294967295	@ 0xffffffff
    5dac:	f04f 30ff 	movne.w	r0, #4294967295	@ 0xffffffff
    5db0:	f000 b98c 	b.w	60cc <__aeabi_idiv0>
    5db4:	f1ad 0c08 	sub.w	ip, sp, #8
    5db8:	e96d ce04 	strd	ip, lr, [sp, #-16]!
    5dbc:	f000 f806 	bl	5dcc <__udivmoddi4>
    5dc0:	f8dd e004 	ldr.w	lr, [sp, #4]
    5dc4:	e9dd 2302 	ldrd	r2, r3, [sp, #8]
    5dc8:	b004      	add	sp, #16
    5dca:	4770      	bx	lr

00005dcc <__udivmoddi4>:
    5dcc:	e92d 4ff0 	stmdb	sp!, {r4, r5, r6, r7, r8, r9, sl, fp, lr}
    5dd0:	9d09      	ldr	r5, [sp, #36]	@ 0x24
    5dd2:	460e      	mov	r6, r1
    5dd4:	4604      	mov	r4, r0
    5dd6:	460f      	mov	r7, r1
    5dd8:	2b00      	cmp	r3, #0
    5dda:	d147      	bne.n	5e6c <__udivmoddi4+0xa0>
    5ddc:	428a      	cmp	r2, r1
    5dde:	4694      	mov	ip, r2
    5de0:	fab2 f382 	clz	r3, r2
    5de4:	d95a      	bls.n	5e9c <__udivmoddi4+0xd0>
    5de6:	b143      	cbz	r3, 5dfa <__udivmoddi4+0x2e>
    5de8:	fa02 fc03 	lsl.w	ip, r2, r3
    5dec:	f1c3 0220 	rsb	r2, r3, #32
    5df0:	409f      	lsls	r7, r3
    5df2:	409c      	lsls	r4, r3
    5df4:	fa20 f202 	lsr.w	r2, r0, r2
    5df8:	4317      	orrs	r7, r2
    5dfa:	ea4f 461c 	mov.w	r6, ip, lsr #16
    5dfe:	fa1f fe8c 	uxth.w	lr, ip
    5e02:	0c22      	lsrs	r2, r4, #16
    5e04:	fbb7 f1f6 	udiv	r1, r7, r6
    5e08:	fb06 7711 	mls	r7, r6, r1, r7
    5e0c:	fb01 f00e 	mul.w	r0, r1, lr
    5e10:	ea42 4207 	orr.w	r2, r2, r7, lsl #16
    5e14:	4290      	cmp	r0, r2
    5e16:	d908      	bls.n	5e2a <__udivmoddi4+0x5e>
    5e18:	eb1c 0202 	adds.w	r2, ip, r2
    5e1c:	f101 37ff 	add.w	r7, r1, #4294967295	@ 0xffffffff
    5e20:	d202      	bcs.n	5e28 <__udivmoddi4+0x5c>
    5e22:	4290      	cmp	r0, r2
    5e24:	f200 813c 	bhi.w	60a0 <__udivmoddi4+0x2d4>
    5e28:	4639      	mov	r1, r7
    5e2a:	1a12      	subs	r2, r2, r0
    5e2c:	b2a4      	uxth	r4, r4
    5e2e:	fbb2 f0f6 	udiv	r0, r2, r6
    5e32:	fb06 2210 	mls	r2, r6, r0, r2
    5e36:	fb00 fe0e 	mul.w	lr, r0, lr
    5e3a:	ea44 4402 	orr.w	r4, r4, r2, lsl #16
    5e3e:	45a6      	cmp	lr, r4
    5e40:	d908      	bls.n	5e54 <__udivmoddi4+0x88>
    5e42:	eb1c 0404 	adds.w	r4, ip, r4
    5e46:	f100 32ff 	add.w	r2, r0, #4294967295	@ 0xffffffff
    5e4a:	d202      	bcs.n	5e52 <__udivmoddi4+0x86>
    5e4c:	45a6      	cmp	lr, r4
    5e4e:	f200 812a 	bhi.w	60a6 <__udivmoddi4+0x2da>
    5e52:	4610      	mov	r0, r2
    5e54:	ea40 4001 	orr.w	r0, r0, r1, lsl #16
    5e58:	eba4 040e 	sub.w	r4, r4, lr
    5e5c:	2100      	movs	r1, #0
    5e5e:	b11d      	cbz	r5, 5e68 <__udivmoddi4+0x9c>
    5e60:	40dc      	lsrs	r4, r3
    5e62:	2300      	movs	r3, #0
    5e64:	e9c5 4300 	strd	r4, r3, [r5]
    5e68:	e8bd 8ff0 	ldmia.w	sp!, {r4, r5, r6, r7, r8, r9, sl, fp, pc}
    5e6c:	428b      	cmp	r3, r1
    5e6e:	d905      	bls.n	5e7c <__udivmoddi4+0xb0>
    5e70:	b10d      	cbz	r5, 5e76 <__udivmoddi4+0xaa>
    5e72:	e9c5 0100 	strd	r0, r1, [r5]
    5e76:	2100      	movs	r1, #0
    5e78:	4608      	mov	r0, r1
    5e7a:	e7f5      	b.n	5e68 <__udivmoddi4+0x9c>
    5e7c:	fab3 f183 	clz	r1, r3
    5e80:	2900      	cmp	r1, #0
    5e82:	d14f      	bne.n	5f24 <__udivmoddi4+0x158>
    5e84:	42b3      	cmp	r3, r6
    5e86:	f0c0 8102 	bcc.w	608e <__udivmoddi4+0x2c2>
    5e8a:	4282      	cmp	r2, r0
    5e8c:	f240 80ff 	bls.w	608e <__udivmoddi4+0x2c2>
    5e90:	4608      	mov	r0, r1
    5e92:	2d00      	cmp	r5, #0
    5e94:	d0e8      	beq.n	5e68 <__udivmoddi4+0x9c>
    5e96:	e9c5 4700 	strd	r4, r7, [r5]
    5e9a:	e7e5      	b.n	5e68 <__udivmoddi4+0x9c>
    5e9c:	2b00      	cmp	r3, #0
    5e9e:	f040 80af 	bne.w	6000 <__udivmoddi4+0x234>
    5ea2:	1a8a      	subs	r2, r1, r2
    5ea4:	ea4f 4e1c 	mov.w	lr, ip, lsr #16
    5ea8:	fa1f f78c 	uxth.w	r7, ip
    5eac:	2101      	movs	r1, #1
    5eae:	fbb2 f6fe 	udiv	r6, r2, lr
    5eb2:	fb0e 2016 	mls	r0, lr, r6, r2
    5eb6:	0c22      	lsrs	r2, r4, #16
    5eb8:	ea42 4200 	orr.w	r2, r2, r0, lsl #16
    5ebc:	fb07 f006 	mul.w	r0, r7, r6
    5ec0:	4290      	cmp	r0, r2
    5ec2:	d90f      	bls.n	5ee4 <__udivmoddi4+0x118>
    5ec4:	eb1c 0202 	adds.w	r2, ip, r2
    5ec8:	f106 38ff 	add.w	r8, r6, #4294967295	@ 0xffffffff
    5ecc:	bf2c      	ite	cs
    5ece:	f04f 0901 	movcs.w	r9, #1
    5ed2:	f04f 0900 	movcc.w	r9, #0
    5ed6:	4290      	cmp	r0, r2
    5ed8:	d903      	bls.n	5ee2 <__udivmoddi4+0x116>
    5eda:	f1b9 0f00 	cmp.w	r9, #0
    5ede:	f000 80dc 	beq.w	609a <__udivmoddi4+0x2ce>
    5ee2:	4646      	mov	r6, r8
    5ee4:	1a12      	subs	r2, r2, r0
    5ee6:	b2a4      	uxth	r4, r4
    5ee8:	fbb2 f0fe 	udiv	r0, r2, lr
    5eec:	fb0e 2210 	mls	r2, lr, r0, r2
    5ef0:	fb00 f707 	mul.w	r7, r0, r7
    5ef4:	ea44 4402 	orr.w	r4, r4, r2, lsl #16
    5ef8:	42a7      	cmp	r7, r4
    5efa:	d90f      	bls.n	5f1c <__udivmoddi4+0x150>
    5efc:	eb1c 0404 	adds.w	r4, ip, r4
    5f00:	f100 32ff 	add.w	r2, r0, #4294967295	@ 0xffffffff
    5f04:	bf2c      	ite	cs
    5f06:	f04f 0e01 	movcs.w	lr, #1
    5f0a:	f04f 0e00 	movcc.w	lr, #0
    5f0e:	42a7      	cmp	r7, r4
    5f10:	d903      	bls.n	5f1a <__udivmoddi4+0x14e>
    5f12:	f1be 0f00 	cmp.w	lr, #0
    5f16:	f000 80c9 	beq.w	60ac <__udivmoddi4+0x2e0>
    5f1a:	4610      	mov	r0, r2
    5f1c:	1be4      	subs	r4, r4, r7
    5f1e:	ea40 4006 	orr.w	r0, r0, r6, lsl #16
    5f22:	e79c      	b.n	5e5e <__udivmoddi4+0x92>
    5f24:	f1c1 0420 	rsb	r4, r1, #32
    5f28:	408b      	lsls	r3, r1
    5f2a:	fa06 fc01 	lsl.w	ip, r6, r1
    5f2e:	fa00 fe01 	lsl.w	lr, r0, r1
    5f32:	fa22 f704 	lsr.w	r7, r2, r4
    5f36:	40e6      	lsrs	r6, r4
    5f38:	408a      	lsls	r2, r1
    5f3a:	431f      	orrs	r7, r3
    5f3c:	fa20 f304 	lsr.w	r3, r0, r4
    5f40:	ea4f 4817 	mov.w	r8, r7, lsr #16
    5f44:	ea43 030c 	orr.w	r3, r3, ip
    5f48:	fa1f fc87 	uxth.w	ip, r7
    5f4c:	ea4f 4913 	mov.w	r9, r3, lsr #16
    5f50:	fbb6 f0f8 	udiv	r0, r6, r8
    5f54:	fb08 6610 	mls	r6, r8, r0, r6
    5f58:	ea49 4606 	orr.w	r6, r9, r6, lsl #16
    5f5c:	fb00 f90c 	mul.w	r9, r0, ip
    5f60:	45b1      	cmp	r9, r6
    5f62:	d90e      	bls.n	5f82 <__udivmoddi4+0x1b6>
    5f64:	19be      	adds	r6, r7, r6
    5f66:	f100 3aff 	add.w	sl, r0, #4294967295	@ 0xffffffff
    5f6a:	bf2c      	ite	cs
    5f6c:	f04f 0b01 	movcs.w	fp, #1
    5f70:	f04f 0b00 	movcc.w	fp, #0
    5f74:	45b1      	cmp	r9, r6
    5f76:	d903      	bls.n	5f80 <__udivmoddi4+0x1b4>
    5f78:	f1bb 0f00 	cmp.w	fp, #0
    5f7c:	f000 80a2 	beq.w	60c4 <__udivmoddi4+0x2f8>
    5f80:	4650      	mov	r0, sl
    5f82:	eba6 0609 	sub.w	r6, r6, r9
    5f86:	fa1f f983 	uxth.w	r9, r3
    5f8a:	fbb6 f3f8 	udiv	r3, r6, r8
    5f8e:	fb08 6613 	mls	r6, r8, r3, r6
    5f92:	fb03 fc0c 	mul.w	ip, r3, ip
    5f96:	ea49 4606 	orr.w	r6, r9, r6, lsl #16
    5f9a:	45b4      	cmp	ip, r6
    5f9c:	d90e      	bls.n	5fbc <__udivmoddi4+0x1f0>
    5f9e:	19be      	adds	r6, r7, r6
    5fa0:	f103 38ff 	add.w	r8, r3, #4294967295	@ 0xffffffff
    5fa4:	bf2c      	ite	cs
    5fa6:	f04f 0901 	movcs.w	r9, #1
    5faa:	f04f 0900 	movcc.w	r9, #0
    5fae:	45b4      	cmp	ip, r6
    5fb0:	d903      	bls.n	5fba <__udivmoddi4+0x1ee>
    5fb2:	f1b9 0f00 	cmp.w	r9, #0
    5fb6:	f000 8082 	beq.w	60be <__udivmoddi4+0x2f2>
    5fba:	4643      	mov	r3, r8
    5fbc:	ea43 4000 	orr.w	r0, r3, r0, lsl #16
    5fc0:	eba6 060c 	sub.w	r6, r6, ip
    5fc4:	fba0 8c02 	umull	r8, ip, r0, r2
    5fc8:	4566      	cmp	r6, ip
    5fca:	4643      	mov	r3, r8
    5fcc:	46e1      	mov	r9, ip
    5fce:	d302      	bcc.n	5fd6 <__udivmoddi4+0x20a>
    5fd0:	d107      	bne.n	5fe2 <__udivmoddi4+0x216>
    5fd2:	45c6      	cmp	lr, r8
    5fd4:	d205      	bcs.n	5fe2 <__udivmoddi4+0x216>
    5fd6:	ebb8 0302 	subs.w	r3, r8, r2
    5fda:	eb6c 0c07 	sbc.w	ip, ip, r7
    5fde:	3801      	subs	r0, #1
    5fe0:	46e1      	mov	r9, ip
    5fe2:	b15d      	cbz	r5, 5ffc <__udivmoddi4+0x230>
    5fe4:	ebbe 0203 	subs.w	r2, lr, r3
    5fe8:	eb66 0609 	sbc.w	r6, r6, r9
    5fec:	fa06 f404 	lsl.w	r4, r6, r4
    5ff0:	fa22 f301 	lsr.w	r3, r2, r1
    5ff4:	40ce      	lsrs	r6, r1
    5ff6:	431c      	orrs	r4, r3
    5ff8:	e9c5 4600 	strd	r4, r6, [r5]
    5ffc:	2100      	movs	r1, #0
    5ffe:	e733      	b.n	5e68 <__udivmoddi4+0x9c>
    6000:	fa02 fc03 	lsl.w	ip, r2, r3
    6004:	f1c3 0220 	rsb	r2, r3, #32
    6008:	4099      	lsls	r1, r3
    600a:	409c      	lsls	r4, r3
    600c:	40d6      	lsrs	r6, r2
    600e:	ea4f 4e1c 	mov.w	lr, ip, lsr #16
    6012:	fa20 f202 	lsr.w	r2, r0, r2
    6016:	fa1f f78c 	uxth.w	r7, ip
    601a:	fbb6 f0fe 	udiv	r0, r6, lr
    601e:	430a      	orrs	r2, r1
    6020:	fb0e 6610 	mls	r6, lr, r0, r6
    6024:	0c11      	lsrs	r1, r2, #16
    6026:	ea41 4106 	orr.w	r1, r1, r6, lsl #16
    602a:	fb00 f607 	mul.w	r6, r0, r7
    602e:	428e      	cmp	r6, r1
    6030:	d90e      	bls.n	6050 <__udivmoddi4+0x284>
    6032:	eb1c 0101 	adds.w	r1, ip, r1
    6036:	f100 38ff 	add.w	r8, r0, #4294967295	@ 0xffffffff
    603a:	bf2c      	ite	cs
    603c:	f04f 0901 	movcs.w	r9, #1
    6040:	f04f 0900 	movcc.w	r9, #0
    6044:	428e      	cmp	r6, r1
    6046:	d902      	bls.n	604e <__udivmoddi4+0x282>
    6048:	f1b9 0f00 	cmp.w	r9, #0
    604c:	d034      	beq.n	60b8 <__udivmoddi4+0x2ec>
    604e:	4640      	mov	r0, r8
    6050:	1b89      	subs	r1, r1, r6
    6052:	b292      	uxth	r2, r2
    6054:	fbb1 f6fe 	udiv	r6, r1, lr
    6058:	fb0e 1116 	mls	r1, lr, r6, r1
    605c:	ea42 4201 	orr.w	r2, r2, r1, lsl #16
    6060:	fb06 f107 	mul.w	r1, r6, r7
    6064:	4291      	cmp	r1, r2
    6066:	d90e      	bls.n	6086 <__udivmoddi4+0x2ba>
    6068:	eb1c 0202 	adds.w	r2, ip, r2
    606c:	f106 38ff 	add.w	r8, r6, #4294967295	@ 0xffffffff
    6070:	bf2c      	ite	cs
    6072:	f04f 0901 	movcs.w	r9, #1
    6076:	f04f 0900 	movcc.w	r9, #0
    607a:	4291      	cmp	r1, r2
    607c:	d902      	bls.n	6084 <__udivmoddi4+0x2b8>
    607e:	f1b9 0f00 	cmp.w	r9, #0
    6082:	d016      	beq.n	60b2 <__udivmoddi4+0x2e6>
    6084:	4646      	mov	r6, r8
    6086:	1a52      	subs	r2, r2, r1
    6088:	ea46 4100 	orr.w	r1, r6, r0, lsl #16
    608c:	e70f      	b.n	5eae <__udivmoddi4+0xe2>
    608e:	1a84      	subs	r4, r0, r2
    6090:	eb66 0203 	sbc.w	r2, r6, r3
    6094:	2001      	movs	r0, #1
    6096:	4617      	mov	r7, r2
    6098:	e6fb      	b.n	5e92 <__udivmoddi4+0xc6>
    609a:	3e02      	subs	r6, #2
    609c:	4462      	add	r2, ip
    609e:	e721      	b.n	5ee4 <__udivmoddi4+0x118>
    60a0:	3902      	subs	r1, #2
    60a2:	4462      	add	r2, ip
    60a4:	e6c1      	b.n	5e2a <__udivmoddi4+0x5e>
    60a6:	4464      	add	r4, ip
    60a8:	3802      	subs	r0, #2
    60aa:	e6d3      	b.n	5e54 <__udivmoddi4+0x88>
    60ac:	4464      	add	r4, ip
    60ae:	3802      	subs	r0, #2
    60b0:	e734      	b.n	5f1c <__udivmoddi4+0x150>
    60b2:	3e02      	subs	r6, #2
    60b4:	4462      	add	r2, ip
    60b6:	e7e6      	b.n	6086 <__udivmoddi4+0x2ba>
    60b8:	3802      	subs	r0, #2
    60ba:	4461      	add	r1, ip
    60bc:	e7c8      	b.n	6050 <__udivmoddi4+0x284>
    60be:	3b02      	subs	r3, #2
    60c0:	443e      	add	r6, r7
    60c2:	e77b      	b.n	5fbc <__udivmoddi4+0x1f0>
    60c4:	3802      	subs	r0, #2
    60c6:	443e      	add	r6, r7
    60c8:	e75b      	b.n	5f82 <__udivmoddi4+0x1b6>
    60ca:	bf00      	nop

000060cc <__aeabi_idiv0>:
    60cc:	4770      	bx	lr
    60ce:	bf00      	nop

000060d0 <qsort>:
    60d0:	e92d 4ff0 	stmdb	sp!, {r4, r5, r6, r7, r8, r9, sl, fp, lr}
    60d4:	461d      	mov	r5, r3
    60d6:	ea40 0302 	orr.w	r3, r0, r2
    60da:	b09b      	sub	sp, #108	@ 0x6c
    60dc:	4683      	mov	fp, r0
    60de:	079b      	lsls	r3, r3, #30
    60e0:	9201      	str	r2, [sp, #4]
    60e2:	f040 8307 	bne.w	66f4 <qsort+0x624>
    60e6:	1f17      	subs	r7, r2, #4
    60e8:	bf18      	it	ne
    60ea:	2701      	movne	r7, #1
    60ec:	9b01      	ldr	r3, [sp, #4]
    60ee:	089a      	lsrs	r2, r3, #2
    60f0:	005b      	lsls	r3, r3, #1
    60f2:	9205      	str	r2, [sp, #20]
    60f4:	2200      	movs	r2, #0
    60f6:	9309      	str	r3, [sp, #36]	@ 0x24
    60f8:	9207      	str	r2, [sp, #28]
    60fa:	9a01      	ldr	r2, [sp, #4]
    60fc:	2906      	cmp	r1, #6
    60fe:	fb02 f301 	mul.w	r3, r2, r1
    6102:	445a      	add	r2, fp
    6104:	eb0b 0003 	add.w	r0, fp, r3
    6108:	9208      	str	r2, [sp, #32]
    610a:	9004      	str	r0, [sp, #16]
    610c:	f240 816a 	bls.w	63e4 <qsort+0x314>
    6110:	9801      	ldr	r0, [sp, #4]
    6112:	ea4f 0851 	mov.w	r8, r1, lsr #1
    6116:	2907      	cmp	r1, #7
    6118:	eba3 0300 	sub.w	r3, r3, r0
    611c:	fb00 b808 	mla	r8, r0, r8, fp
    6120:	eb0b 0403 	add.w	r4, fp, r3
    6124:	d013      	beq.n	614e <qsort+0x7e>
    6126:	2928      	cmp	r1, #40	@ 0x28
    6128:	f200 8200 	bhi.w	652c <qsort+0x45c>
    612c:	4626      	mov	r6, r4
    612e:	46da      	mov	sl, fp
    6130:	4641      	mov	r1, r8
    6132:	4650      	mov	r0, sl
    6134:	9202      	str	r2, [sp, #8]
    6136:	47a8      	blx	r5
    6138:	2800      	cmp	r0, #0
    613a:	9a02      	ldr	r2, [sp, #8]
    613c:	f2c0 81e6 	blt.w	650c <qsort+0x43c>
    6140:	4631      	mov	r1, r6
    6142:	4640      	mov	r0, r8
    6144:	9202      	str	r2, [sp, #8]
    6146:	47a8      	blx	r5
    6148:	2800      	cmp	r0, #0
    614a:	9a02      	ldr	r2, [sp, #8]
    614c:	dd4b      	ble.n	61e6 <qsort+0x116>
    614e:	2f00      	cmp	r7, #0
    6150:	d153      	bne.n	61fa <qsort+0x12a>
    6152:	f8db 3000 	ldr.w	r3, [fp]
    6156:	f8d8 1000 	ldr.w	r1, [r8]
    615a:	f8cb 1000 	str.w	r1, [fp]
    615e:	f8c8 3000 	str.w	r3, [r8]
    6162:	9b08      	ldr	r3, [sp, #32]
    6164:	f04f 0a00 	mov.w	sl, #0
    6168:	9203      	str	r2, [sp, #12]
    616a:	461e      	mov	r6, r3
    616c:	9306      	str	r3, [sp, #24]
    616e:	9b01      	ldr	r3, [sp, #4]
    6170:	46d0      	mov	r8, sl
    6172:	46a2      	mov	sl, r4
    6174:	f1c3 0900 	rsb	r9, r3, #0
    6178:	42a6      	cmp	r6, r4
    617a:	4633      	mov	r3, r6
    617c:	d85e      	bhi.n	623c <qsort+0x16c>
    617e:	4659      	mov	r1, fp
    6180:	4630      	mov	r0, r6
    6182:	9602      	str	r6, [sp, #8]
    6184:	47a8      	blx	r5
    6186:	2800      	cmp	r0, #0
    6188:	9b02      	ldr	r3, [sp, #8]
    618a:	f340 80fb 	ble.w	6384 <qsort+0x2b4>
    618e:	4652      	mov	r2, sl
    6190:	9302      	str	r3, [sp, #8]
    6192:	46c2      	mov	sl, r8
    6194:	4690      	mov	r8, r2
    6196:	e00c      	b.n	61b2 <qsort+0xe2>
    6198:	6823      	ldr	r3, [r4, #0]
    619a:	f8d8 1000 	ldr.w	r1, [r8]
    619e:	6021      	str	r1, [r4, #0]
    61a0:	f8c8 3000 	str.w	r3, [r8]
    61a4:	44c8      	add	r8, r9
    61a6:	f04f 0a01 	mov.w	sl, #1
    61aa:	444c      	add	r4, r9
    61ac:	42a6      	cmp	r6, r4
    61ae:	f200 8090 	bhi.w	62d2 <qsort+0x202>
    61b2:	4659      	mov	r1, fp
    61b4:	4620      	mov	r0, r4
    61b6:	47a8      	blx	r5
    61b8:	2800      	cmp	r0, #0
    61ba:	db2e      	blt.n	621a <qsort+0x14a>
    61bc:	d1f5      	bne.n	61aa <qsort+0xda>
    61be:	2f00      	cmp	r7, #0
    61c0:	d0ea      	beq.n	6198 <qsort+0xc8>
    61c2:	2f01      	cmp	r7, #1
    61c4:	d077      	beq.n	62b6 <qsort+0x1e6>
    61c6:	9a01      	ldr	r2, [sp, #4]
    61c8:	4641      	mov	r1, r8
    61ca:	4623      	mov	r3, r4
    61cc:	eb04 0e02 	add.w	lr, r4, r2
    61d0:	781a      	ldrb	r2, [r3, #0]
    61d2:	7808      	ldrb	r0, [r1, #0]
    61d4:	f803 0b01 	strb.w	r0, [r3], #1
    61d8:	f801 2b01 	strb.w	r2, [r1], #1
    61dc:	ebae 0203 	sub.w	r2, lr, r3
    61e0:	2a00      	cmp	r2, #0
    61e2:	dcf5      	bgt.n	61d0 <qsort+0x100>
    61e4:	e7de      	b.n	61a4 <qsort+0xd4>
    61e6:	4631      	mov	r1, r6
    61e8:	4650      	mov	r0, sl
    61ea:	47a8      	blx	r5
    61ec:	2800      	cmp	r0, #0
    61ee:	9a02      	ldr	r2, [sp, #8]
    61f0:	f2c0 819a 	blt.w	6528 <qsort+0x458>
    61f4:	46b0      	mov	r8, r6
    61f6:	2f00      	cmp	r7, #0
    61f8:	d0ab      	beq.n	6152 <qsort+0x82>
    61fa:	2f01      	cmp	r7, #1
    61fc:	f000 820f 	beq.w	661e <qsort+0x54e>
    6200:	465b      	mov	r3, fp
    6202:	9e08      	ldr	r6, [sp, #32]
    6204:	7819      	ldrb	r1, [r3, #0]
    6206:	f898 0000 	ldrb.w	r0, [r8]
    620a:	f803 0b01 	strb.w	r0, [r3], #1
    620e:	f808 1b01 	strb.w	r1, [r8], #1
    6212:	1af1      	subs	r1, r6, r3
    6214:	2900      	cmp	r1, #0
    6216:	dcf5      	bgt.n	6204 <qsort+0x134>
    6218:	e7a3      	b.n	6162 <qsort+0x92>
    621a:	46c2      	mov	sl, r8
    621c:	9b02      	ldr	r3, [sp, #8]
    621e:	2f00      	cmp	r7, #0
    6220:	f040 80a1 	bne.w	6366 <qsort+0x296>
    6224:	6833      	ldr	r3, [r6, #0]
    6226:	6822      	ldr	r2, [r4, #0]
    6228:	6032      	str	r2, [r6, #0]
    622a:	6023      	str	r3, [r4, #0]
    622c:	9b01      	ldr	r3, [sp, #4]
    622e:	441e      	add	r6, r3
    6230:	444c      	add	r4, r9
    6232:	f04f 0801 	mov.w	r8, #1
    6236:	4633      	mov	r3, r6
    6238:	42a6      	cmp	r6, r4
    623a:	d9a0      	bls.n	617e <qsort+0xae>
    623c:	4651      	mov	r1, sl
    623e:	46c2      	mov	sl, r8
    6240:	9a03      	ldr	r2, [sp, #12]
    6242:	4688      	mov	r8, r1
    6244:	f1ba 0f00 	cmp.w	sl, #0
    6248:	d048      	beq.n	62dc <qsort+0x20c>
    624a:	9a06      	ldr	r2, [sp, #24]
    624c:	1ab1      	subs	r1, r6, r2
    624e:	eba2 020b 	sub.w	r2, r2, fp
    6252:	428a      	cmp	r2, r1
    6254:	bfa8      	it	ge
    6256:	460a      	movge	r2, r1
    6258:	2a00      	cmp	r2, #0
    625a:	f040 8127 	bne.w	64ac <qsort+0x3dc>
    625e:	9a04      	ldr	r2, [sp, #16]
    6260:	eba8 0404 	sub.w	r4, r8, r4
    6264:	9801      	ldr	r0, [sp, #4]
    6266:	eba2 0208 	sub.w	r2, r2, r8
    626a:	1a12      	subs	r2, r2, r0
    626c:	42a2      	cmp	r2, r4
    626e:	bf28      	it	cs
    6270:	4622      	movcs	r2, r4
    6272:	2a00      	cmp	r2, #0
    6274:	f040 81b1 	bne.w	65da <qsort+0x50a>
    6278:	9b04      	ldr	r3, [sp, #16]
    627a:	42a1      	cmp	r1, r4
    627c:	eba3 0604 	sub.w	r6, r3, r4
    6280:	d305      	bcc.n	628e <qsort+0x1be>
    6282:	4622      	mov	r2, r4
    6284:	4633      	mov	r3, r6
    6286:	460c      	mov	r4, r1
    6288:	465e      	mov	r6, fp
    628a:	4611      	mov	r1, r2
    628c:	469b      	mov	fp, r3
    628e:	9b01      	ldr	r3, [sp, #4]
    6290:	4299      	cmp	r1, r3
    6292:	f240 80f1 	bls.w	6478 <qsort+0x3a8>
    6296:	9a07      	ldr	r2, [sp, #28]
    6298:	2a07      	cmp	r2, #7
    629a:	f200 818e 	bhi.w	65ba <qsort+0x4ea>
    629e:	fbb4 f4f3 	udiv	r4, r4, r3
    62a2:	fbb1 f1f3 	udiv	r1, r1, r3
    62a6:	ab1a      	add	r3, sp, #104	@ 0x68
    62a8:	eb03 03c2 	add.w	r3, r3, r2, lsl #3
    62ac:	e943 6410 	strd	r6, r4, [r3, #-64]	@ 0x40
    62b0:	1c53      	adds	r3, r2, #1
    62b2:	9307      	str	r3, [sp, #28]
    62b4:	e721      	b.n	60fa <qsort+0x2a>
    62b6:	46c4      	mov	ip, r8
    62b8:	4620      	mov	r0, r4
    62ba:	9b05      	ldr	r3, [sp, #20]
    62bc:	3b01      	subs	r3, #1
    62be:	6802      	ldr	r2, [r0, #0]
    62c0:	f8dc 1000 	ldr.w	r1, [ip]
    62c4:	2b00      	cmp	r3, #0
    62c6:	f840 1b04 	str.w	r1, [r0], #4
    62ca:	f84c 2b04 	str.w	r2, [ip], #4
    62ce:	dcf5      	bgt.n	62bc <qsort+0x1ec>
    62d0:	e768      	b.n	61a4 <qsort+0xd4>
    62d2:	e9dd 3202 	ldrd	r3, r2, [sp, #8]
    62d6:	f1ba 0f00 	cmp.w	sl, #0
    62da:	d1b6      	bne.n	624a <qsort+0x17a>
    62dc:	9b08      	ldr	r3, [sp, #32]
    62de:	9904      	ldr	r1, [sp, #16]
    62e0:	428b      	cmp	r3, r1
    62e2:	d233      	bcs.n	634c <qsort+0x27c>
    62e4:	9b01      	ldr	r3, [sp, #4]
    62e6:	4616      	mov	r6, r2
    62e8:	f8dd 9014 	ldr.w	r9, [sp, #20]
    62ec:	425c      	negs	r4, r3
    62ee:	f8dd 8024 	ldr.w	r8, [sp, #36]	@ 0x24
    62f2:	455e      	cmp	r6, fp
    62f4:	d925      	bls.n	6342 <qsort+0x272>
    62f6:	9602      	str	r6, [sp, #8]
    62f8:	e007      	b.n	630a <qsort+0x23a>
    62fa:	f8da 2000 	ldr.w	r2, [sl]
    62fe:	6831      	ldr	r1, [r6, #0]
    6300:	f8ca 1000 	str.w	r1, [sl]
    6304:	6032      	str	r2, [r6, #0]
    6306:	455e      	cmp	r6, fp
    6308:	d91a      	bls.n	6340 <qsort+0x270>
    630a:	46b2      	mov	sl, r6
    630c:	4426      	add	r6, r4
    630e:	4651      	mov	r1, sl
    6310:	4630      	mov	r0, r6
    6312:	47a8      	blx	r5
    6314:	2800      	cmp	r0, #0
    6316:	dd13      	ble.n	6340 <qsort+0x270>
    6318:	2f00      	cmp	r7, #0
    631a:	d0ee      	beq.n	62fa <qsort+0x22a>
    631c:	2f01      	cmp	r7, #1
    631e:	d054      	beq.n	63ca <qsort+0x2fa>
    6320:	4632      	mov	r2, r6
    6322:	eb06 0c08 	add.w	ip, r6, r8
    6326:	f89a 3000 	ldrb.w	r3, [sl]
    632a:	7811      	ldrb	r1, [r2, #0]
    632c:	f80a 1b01 	strb.w	r1, [sl], #1
    6330:	f802 3b01 	strb.w	r3, [r2], #1
    6334:	ebac 030a 	sub.w	r3, ip, sl
    6338:	2b00      	cmp	r3, #0
    633a:	dcf4      	bgt.n	6326 <qsort+0x256>
    633c:	455e      	cmp	r6, fp
    633e:	d8e4      	bhi.n	630a <qsort+0x23a>
    6340:	9e02      	ldr	r6, [sp, #8]
    6342:	9b01      	ldr	r3, [sp, #4]
    6344:	441e      	add	r6, r3
    6346:	9b04      	ldr	r3, [sp, #16]
    6348:	429e      	cmp	r6, r3
    634a:	d3d2      	bcc.n	62f2 <qsort+0x222>
    634c:	9b07      	ldr	r3, [sp, #28]
    634e:	2b00      	cmp	r3, #0
    6350:	f000 8082 	beq.w	6458 <qsort+0x388>
    6354:	9b07      	ldr	r3, [sp, #28]
    6356:	aa1a      	add	r2, sp, #104	@ 0x68
    6358:	3b01      	subs	r3, #1
    635a:	9307      	str	r3, [sp, #28]
    635c:	eb02 03c3 	add.w	r3, r2, r3, lsl #3
    6360:	e953 b110 	ldrd	fp, r1, [r3, #-64]	@ 0x40
    6364:	e6c9      	b.n	60fa <qsort+0x2a>
    6366:	2f01      	cmp	r7, #1
    6368:	d01f      	beq.n	63aa <qsort+0x2da>
    636a:	9a01      	ldr	r2, [sp, #4]
    636c:	4416      	add	r6, r2
    636e:	4622      	mov	r2, r4
    6370:	7819      	ldrb	r1, [r3, #0]
    6372:	7810      	ldrb	r0, [r2, #0]
    6374:	f803 0b01 	strb.w	r0, [r3], #1
    6378:	f802 1b01 	strb.w	r1, [r2], #1
    637c:	1af1      	subs	r1, r6, r3
    637e:	2900      	cmp	r1, #0
    6380:	dcf6      	bgt.n	6370 <qsort+0x2a0>
    6382:	e755      	b.n	6230 <qsort+0x160>
    6384:	d002      	beq.n	638c <qsort+0x2bc>
    6386:	9b01      	ldr	r3, [sp, #4]
    6388:	441e      	add	r6, r3
    638a:	e6f5      	b.n	6178 <qsort+0xa8>
    638c:	2f00      	cmp	r7, #0
    638e:	d17c      	bne.n	648a <qsort+0x3ba>
    6390:	9906      	ldr	r1, [sp, #24]
    6392:	6832      	ldr	r2, [r6, #0]
    6394:	680b      	ldr	r3, [r1, #0]
    6396:	600a      	str	r2, [r1, #0]
    6398:	6033      	str	r3, [r6, #0]
    639a:	9b01      	ldr	r3, [sp, #4]
    639c:	4419      	add	r1, r3
    639e:	9b01      	ldr	r3, [sp, #4]
    63a0:	f04f 0801 	mov.w	r8, #1
    63a4:	9106      	str	r1, [sp, #24]
    63a6:	441e      	add	r6, r3
    63a8:	e6e6      	b.n	6178 <qsort+0xa8>
    63aa:	4620      	mov	r0, r4
    63ac:	9a05      	ldr	r2, [sp, #20]
    63ae:	46a4      	mov	ip, r4
    63b0:	3a01      	subs	r2, #1
    63b2:	6819      	ldr	r1, [r3, #0]
    63b4:	6804      	ldr	r4, [r0, #0]
    63b6:	2a00      	cmp	r2, #0
    63b8:	f843 4b04 	str.w	r4, [r3], #4
    63bc:	f840 1b04 	str.w	r1, [r0], #4
    63c0:	dcf6      	bgt.n	63b0 <qsort+0x2e0>
    63c2:	9b01      	ldr	r3, [sp, #4]
    63c4:	4664      	mov	r4, ip
    63c6:	441e      	add	r6, r3
    63c8:	e732      	b.n	6230 <qsort+0x160>
    63ca:	4630      	mov	r0, r6
    63cc:	464a      	mov	r2, r9
    63ce:	3a01      	subs	r2, #1
    63d0:	f8da 3000 	ldr.w	r3, [sl]
    63d4:	6801      	ldr	r1, [r0, #0]
    63d6:	2a00      	cmp	r2, #0
    63d8:	f84a 1b04 	str.w	r1, [sl], #4
    63dc:	f840 3b04 	str.w	r3, [r0], #4
    63e0:	dcf5      	bgt.n	63ce <qsort+0x2fe>
    63e2:	e790      	b.n	6306 <qsort+0x236>
    63e4:	4282      	cmp	r2, r0
    63e6:	d2b1      	bcs.n	634c <qsort+0x27c>
    63e8:	9b01      	ldr	r3, [sp, #4]
    63ea:	4616      	mov	r6, r2
    63ec:	f8dd 9014 	ldr.w	r9, [sp, #20]
    63f0:	425c      	negs	r4, r3
    63f2:	f8dd 8024 	ldr.w	r8, [sp, #36]	@ 0x24
    63f6:	45b3      	cmp	fp, r6
    63f8:	d225      	bcs.n	6446 <qsort+0x376>
    63fa:	9602      	str	r6, [sp, #8]
    63fc:	e007      	b.n	640e <qsort+0x33e>
    63fe:	f8da 2000 	ldr.w	r2, [sl]
    6402:	6831      	ldr	r1, [r6, #0]
    6404:	f8ca 1000 	str.w	r1, [sl]
    6408:	6032      	str	r2, [r6, #0]
    640a:	455e      	cmp	r6, fp
    640c:	d91a      	bls.n	6444 <qsort+0x374>
    640e:	46b2      	mov	sl, r6
    6410:	4426      	add	r6, r4
    6412:	4651      	mov	r1, sl
    6414:	4630      	mov	r0, r6
    6416:	47a8      	blx	r5
    6418:	2800      	cmp	r0, #0
    641a:	dd13      	ble.n	6444 <qsort+0x374>
    641c:	2f00      	cmp	r7, #0
    641e:	d0ee      	beq.n	63fe <qsort+0x32e>
    6420:	2f01      	cmp	r7, #1
    6422:	d01c      	beq.n	645e <qsort+0x38e>
    6424:	4632      	mov	r2, r6
    6426:	eb06 0c08 	add.w	ip, r6, r8
    642a:	f89a 3000 	ldrb.w	r3, [sl]
    642e:	7811      	ldrb	r1, [r2, #0]
    6430:	f80a 1b01 	strb.w	r1, [sl], #1
    6434:	f802 3b01 	strb.w	r3, [r2], #1
    6438:	ebac 030a 	sub.w	r3, ip, sl
    643c:	2b00      	cmp	r3, #0
    643e:	dcf4      	bgt.n	642a <qsort+0x35a>
    6440:	455e      	cmp	r6, fp
    6442:	d8e4      	bhi.n	640e <qsort+0x33e>
    6444:	9e02      	ldr	r6, [sp, #8]
    6446:	9b01      	ldr	r3, [sp, #4]
    6448:	441e      	add	r6, r3
    644a:	9b04      	ldr	r3, [sp, #16]
    644c:	429e      	cmp	r6, r3
    644e:	d3d2      	bcc.n	63f6 <qsort+0x326>
    6450:	9b07      	ldr	r3, [sp, #28]
    6452:	2b00      	cmp	r3, #0
    6454:	f47f af7e 	bne.w	6354 <qsort+0x284>
    6458:	b01b      	add	sp, #108	@ 0x6c
    645a:	e8bd 8ff0 	ldmia.w	sp!, {r4, r5, r6, r7, r8, r9, sl, fp, pc}
    645e:	4630      	mov	r0, r6
    6460:	464a      	mov	r2, r9
    6462:	3a01      	subs	r2, #1
    6464:	f8da 3000 	ldr.w	r3, [sl]
    6468:	6801      	ldr	r1, [r0, #0]
    646a:	2a00      	cmp	r2, #0
    646c:	f84a 1b04 	str.w	r1, [sl], #4
    6470:	f840 3b04 	str.w	r3, [r0], #4
    6474:	dcf5      	bgt.n	6462 <qsort+0x392>
    6476:	e7c8      	b.n	640a <qsort+0x33a>
    6478:	9b01      	ldr	r3, [sp, #4]
    647a:	429c      	cmp	r4, r3
    647c:	f67f af66 	bls.w	634c <qsort+0x27c>
    6480:	9b01      	ldr	r3, [sp, #4]
    6482:	46b3      	mov	fp, r6
    6484:	fbb4 f1f3 	udiv	r1, r4, r3
    6488:	e637      	b.n	60fa <qsort+0x2a>
    648a:	2f01      	cmp	r7, #1
    648c:	f000 80b6 	beq.w	65fc <qsort+0x52c>
    6490:	9a06      	ldr	r2, [sp, #24]
    6492:	9901      	ldr	r1, [sp, #4]
    6494:	1851      	adds	r1, r2, r1
    6496:	7810      	ldrb	r0, [r2, #0]
    6498:	f893 c000 	ldrb.w	ip, [r3]
    649c:	f802 cb01 	strb.w	ip, [r2], #1
    64a0:	f803 0b01 	strb.w	r0, [r3], #1
    64a4:	1a88      	subs	r0, r1, r2
    64a6:	2800      	cmp	r0, #0
    64a8:	dcf5      	bgt.n	6496 <qsort+0x3c6>
    64aa:	e778      	b.n	639e <qsort+0x2ce>
    64ac:	2f02      	cmp	r7, #2
    64ae:	eba6 0002 	sub.w	r0, r6, r2
    64b2:	f040 80e0 	bne.w	6676 <qsort+0x5a6>
    64b6:	445a      	add	r2, fp
    64b8:	46dc      	mov	ip, fp
    64ba:	f89c e000 	ldrb.w	lr, [ip]
    64be:	f890 9000 	ldrb.w	r9, [r0]
    64c2:	f80c 9b01 	strb.w	r9, [ip], #1
    64c6:	f800 eb01 	strb.w	lr, [r0], #1
    64ca:	eba2 0e0c 	sub.w	lr, r2, ip
    64ce:	f1be 0f00 	cmp.w	lr, #0
    64d2:	dcf2      	bgt.n	64ba <qsort+0x3ea>
    64d4:	9a04      	ldr	r2, [sp, #16]
    64d6:	eba8 0404 	sub.w	r4, r8, r4
    64da:	9801      	ldr	r0, [sp, #4]
    64dc:	eba2 0208 	sub.w	r2, r2, r8
    64e0:	1a12      	subs	r2, r2, r0
    64e2:	42a2      	cmp	r2, r4
    64e4:	bf28      	it	cs
    64e6:	4622      	movcs	r2, r4
    64e8:	2a00      	cmp	r2, #0
    64ea:	f43f aec5 	beq.w	6278 <qsort+0x1a8>
    64ee:	9804      	ldr	r0, [sp, #16]
    64f0:	eba0 0c02 	sub.w	ip, r0, r2
    64f4:	4432      	add	r2, r6
    64f6:	7818      	ldrb	r0, [r3, #0]
    64f8:	f89c 6000 	ldrb.w	r6, [ip]
    64fc:	f803 6b01 	strb.w	r6, [r3], #1
    6500:	f80c 0b01 	strb.w	r0, [ip], #1
    6504:	1ad0      	subs	r0, r2, r3
    6506:	2800      	cmp	r0, #0
    6508:	dcf5      	bgt.n	64f6 <qsort+0x426>
    650a:	e6b5      	b.n	6278 <qsort+0x1a8>
    650c:	4631      	mov	r1, r6
    650e:	4640      	mov	r0, r8
    6510:	47a8      	blx	r5
    6512:	2800      	cmp	r0, #0
    6514:	9a02      	ldr	r2, [sp, #8]
    6516:	f6ff ae1a 	blt.w	614e <qsort+0x7e>
    651a:	4631      	mov	r1, r6
    651c:	4650      	mov	r0, sl
    651e:	47a8      	blx	r5
    6520:	2800      	cmp	r0, #0
    6522:	9a02      	ldr	r2, [sp, #8]
    6524:	f6ff ae66 	blt.w	61f4 <qsort+0x124>
    6528:	46d0      	mov	r8, sl
    652a:	e610      	b.n	614e <qsort+0x7e>
    652c:	08c9      	lsrs	r1, r1, #3
    652e:	9202      	str	r2, [sp, #8]
    6530:	fb00 f601 	mul.w	r6, r0, r1
    6534:	4658      	mov	r0, fp
    6536:	eb0b 0a06 	add.w	sl, fp, r6
    653a:	0073      	lsls	r3, r6, #1
    653c:	eb0b 0946 	add.w	r9, fp, r6, lsl #1
    6540:	4651      	mov	r1, sl
    6542:	9303      	str	r3, [sp, #12]
    6544:	47a8      	blx	r5
    6546:	2800      	cmp	r0, #0
    6548:	9a02      	ldr	r2, [sp, #8]
    654a:	f2c0 80c4 	blt.w	66d6 <qsort+0x606>
    654e:	4649      	mov	r1, r9
    6550:	4650      	mov	r0, sl
    6552:	9202      	str	r2, [sp, #8]
    6554:	47a8      	blx	r5
    6556:	2800      	cmp	r0, #0
    6558:	9a02      	ldr	r2, [sp, #8]
    655a:	dd75      	ble.n	6648 <qsort+0x578>
    655c:	eba8 0306 	sub.w	r3, r8, r6
    6560:	4641      	mov	r1, r8
    6562:	9203      	str	r2, [sp, #12]
    6564:	eb08 0906 	add.w	r9, r8, r6
    6568:	4618      	mov	r0, r3
    656a:	9302      	str	r3, [sp, #8]
    656c:	47a8      	blx	r5
    656e:	2800      	cmp	r0, #0
    6570:	9a03      	ldr	r2, [sp, #12]
    6572:	f2c0 80a0 	blt.w	66b6 <qsort+0x5e6>
    6576:	4649      	mov	r1, r9
    6578:	4640      	mov	r0, r8
    657a:	9203      	str	r2, [sp, #12]
    657c:	47a8      	blx	r5
    657e:	2800      	cmp	r0, #0
    6580:	9a03      	ldr	r2, [sp, #12]
    6582:	dd59      	ble.n	6638 <qsort+0x568>
    6584:	0073      	lsls	r3, r6, #1
    6586:	9202      	str	r2, [sp, #8]
    6588:	eba4 0903 	sub.w	r9, r4, r3
    658c:	444e      	add	r6, r9
    658e:	4648      	mov	r0, r9
    6590:	4631      	mov	r1, r6
    6592:	47a8      	blx	r5
    6594:	2800      	cmp	r0, #0
    6596:	9a02      	ldr	r2, [sp, #8]
    6598:	db5e      	blt.n	6658 <qsort+0x588>
    659a:	4621      	mov	r1, r4
    659c:	4630      	mov	r0, r6
    659e:	9202      	str	r2, [sp, #8]
    65a0:	47a8      	blx	r5
    65a2:	2800      	cmp	r0, #0
    65a4:	9a02      	ldr	r2, [sp, #8]
    65a6:	f73f adc3 	bgt.w	6130 <qsort+0x60>
    65aa:	4621      	mov	r1, r4
    65ac:	4648      	mov	r0, r9
    65ae:	47a8      	blx	r5
    65b0:	2800      	cmp	r0, #0
    65b2:	9a02      	ldr	r2, [sp, #8]
    65b4:	db5d      	blt.n	6672 <qsort+0x5a2>
    65b6:	4626      	mov	r6, r4
    65b8:	e5ba      	b.n	6130 <qsort+0x60>
    65ba:	9a01      	ldr	r2, [sp, #4]
    65bc:	4658      	mov	r0, fp
    65be:	462b      	mov	r3, r5
    65c0:	4690      	mov	r8, r2
    65c2:	fbb1 f1f2 	udiv	r1, r1, r2
    65c6:	f7ff fd83 	bl	60d0 <qsort>
    65ca:	4544      	cmp	r4, r8
    65cc:	f67f aec2 	bls.w	6354 <qsort+0x284>
    65d0:	9b01      	ldr	r3, [sp, #4]
    65d2:	46b3      	mov	fp, r6
    65d4:	fbb4 f1f3 	udiv	r1, r4, r3
    65d8:	e58f      	b.n	60fa <qsort+0x2a>
    65da:	9804      	ldr	r0, [sp, #16]
    65dc:	2f02      	cmp	r7, #2
    65de:	eba0 0c02 	sub.w	ip, r0, r2
    65e2:	d087      	beq.n	64f4 <qsort+0x424>
    65e4:	0892      	lsrs	r2, r2, #2
    65e6:	3a01      	subs	r2, #1
    65e8:	6818      	ldr	r0, [r3, #0]
    65ea:	f8dc 6000 	ldr.w	r6, [ip]
    65ee:	2a00      	cmp	r2, #0
    65f0:	f843 6b04 	str.w	r6, [r3], #4
    65f4:	f84c 0b04 	str.w	r0, [ip], #4
    65f8:	dcf5      	bgt.n	65e6 <qsort+0x516>
    65fa:	e63d      	b.n	6278 <qsort+0x1a8>
    65fc:	e9dd 2005 	ldrd	r2, r0, [sp, #20]
    6600:	46a4      	mov	ip, r4
    6602:	3a01      	subs	r2, #1
    6604:	6801      	ldr	r1, [r0, #0]
    6606:	681c      	ldr	r4, [r3, #0]
    6608:	2a00      	cmp	r2, #0
    660a:	f840 4b04 	str.w	r4, [r0], #4
    660e:	f843 1b04 	str.w	r1, [r3], #4
    6612:	dcf6      	bgt.n	6602 <qsort+0x532>
    6614:	9906      	ldr	r1, [sp, #24]
    6616:	4664      	mov	r4, ip
    6618:	9b01      	ldr	r3, [sp, #4]
    661a:	4419      	add	r1, r3
    661c:	e6bf      	b.n	639e <qsort+0x2ce>
    661e:	4658      	mov	r0, fp
    6620:	9b05      	ldr	r3, [sp, #20]
    6622:	3b01      	subs	r3, #1
    6624:	6801      	ldr	r1, [r0, #0]
    6626:	f8d8 6000 	ldr.w	r6, [r8]
    662a:	2b00      	cmp	r3, #0
    662c:	f840 6b04 	str.w	r6, [r0], #4
    6630:	f848 1b04 	str.w	r1, [r8], #4
    6634:	dcf5      	bgt.n	6622 <qsort+0x552>
    6636:	e594      	b.n	6162 <qsort+0x92>
    6638:	4649      	mov	r1, r9
    663a:	9802      	ldr	r0, [sp, #8]
    663c:	47a8      	blx	r5
    663e:	2800      	cmp	r0, #0
    6640:	9a03      	ldr	r2, [sp, #12]
    6642:	db45      	blt.n	66d0 <qsort+0x600>
    6644:	46c8      	mov	r8, r9
    6646:	e79d      	b.n	6584 <qsort+0x4b4>
    6648:	4649      	mov	r1, r9
    664a:	4658      	mov	r0, fp
    664c:	47a8      	blx	r5
    664e:	2800      	cmp	r0, #0
    6650:	9a02      	ldr	r2, [sp, #8]
    6652:	db4d      	blt.n	66f0 <qsort+0x620>
    6654:	46ca      	mov	sl, r9
    6656:	e781      	b.n	655c <qsort+0x48c>
    6658:	4621      	mov	r1, r4
    665a:	4630      	mov	r0, r6
    665c:	47a8      	blx	r5
    665e:	2800      	cmp	r0, #0
    6660:	9a02      	ldr	r2, [sp, #8]
    6662:	f6ff ad65 	blt.w	6130 <qsort+0x60>
    6666:	4621      	mov	r1, r4
    6668:	4648      	mov	r0, r9
    666a:	47a8      	blx	r5
    666c:	2800      	cmp	r0, #0
    666e:	9a02      	ldr	r2, [sp, #8]
    6670:	dba1      	blt.n	65b6 <qsort+0x4e6>
    6672:	464e      	mov	r6, r9
    6674:	e55c      	b.n	6130 <qsort+0x60>
    6676:	0892      	lsrs	r2, r2, #2
    6678:	465e      	mov	r6, fp
    667a:	468e      	mov	lr, r1
    667c:	469c      	mov	ip, r3
    667e:	3a01      	subs	r2, #1
    6680:	6833      	ldr	r3, [r6, #0]
    6682:	6801      	ldr	r1, [r0, #0]
    6684:	2a00      	cmp	r2, #0
    6686:	f846 1b04 	str.w	r1, [r6], #4
    668a:	f840 3b04 	str.w	r3, [r0], #4
    668e:	dcf6      	bgt.n	667e <qsort+0x5ae>
    6690:	9a04      	ldr	r2, [sp, #16]
    6692:	eba8 0404 	sub.w	r4, r8, r4
    6696:	9801      	ldr	r0, [sp, #4]
    6698:	4671      	mov	r1, lr
    669a:	eba2 0208 	sub.w	r2, r2, r8
    669e:	4663      	mov	r3, ip
    66a0:	1a12      	subs	r2, r2, r0
    66a2:	42a2      	cmp	r2, r4
    66a4:	bf28      	it	cs
    66a6:	4622      	movcs	r2, r4
    66a8:	2a00      	cmp	r2, #0
    66aa:	f43f ade5 	beq.w	6278 <qsort+0x1a8>
    66ae:	9804      	ldr	r0, [sp, #16]
    66b0:	eba0 0c02 	sub.w	ip, r0, r2
    66b4:	e796      	b.n	65e4 <qsort+0x514>
    66b6:	4649      	mov	r1, r9
    66b8:	4640      	mov	r0, r8
    66ba:	47a8      	blx	r5
    66bc:	2800      	cmp	r0, #0
    66be:	9a03      	ldr	r2, [sp, #12]
    66c0:	f6ff af60 	blt.w	6584 <qsort+0x4b4>
    66c4:	4649      	mov	r1, r9
    66c6:	9802      	ldr	r0, [sp, #8]
    66c8:	47a8      	blx	r5
    66ca:	2800      	cmp	r0, #0
    66cc:	9a03      	ldr	r2, [sp, #12]
    66ce:	dbb9      	blt.n	6644 <qsort+0x574>
    66d0:	f8dd 8008 	ldr.w	r8, [sp, #8]
    66d4:	e756      	b.n	6584 <qsort+0x4b4>
    66d6:	4649      	mov	r1, r9
    66d8:	4650      	mov	r0, sl
    66da:	47a8      	blx	r5
    66dc:	2800      	cmp	r0, #0
    66de:	9a02      	ldr	r2, [sp, #8]
    66e0:	f6ff af3c 	blt.w	655c <qsort+0x48c>
    66e4:	4649      	mov	r1, r9
    66e6:	4658      	mov	r0, fp
    66e8:	47a8      	blx	r5
    66ea:	2800      	cmp	r0, #0
    66ec:	9a02      	ldr	r2, [sp, #8]
    66ee:	dbb1      	blt.n	6654 <qsort+0x584>
    66f0:	46da      	mov	sl, fp
    66f2:	e733      	b.n	655c <qsort+0x48c>
    66f4:	2702      	movs	r7, #2
    66f6:	e4f9      	b.n	60ec <qsort+0x1c>

000066f8 <__libc_init_array>:
    66f8:	4b0f      	ldr	r3, [pc, #60]	@ (6738 <__libc_init_array+0x40>)
    66fa:	b570      	push	{r4, r5, r6, lr}
    66fc:	4d0f      	ldr	r5, [pc, #60]	@ (673c <__libc_init_array+0x44>)
    66fe:	42ab      	cmp	r3, r5
    6700:	eba3 0605 	sub.w	r6, r3, r5
    6704:	d007      	beq.n	6716 <__libc_init_array+0x1e>
    6706:	10b6      	asrs	r6, r6, #2
    6708:	2400      	movs	r4, #0
    670a:	3401      	adds	r4, #1
    670c:	f855 3b04 	ldr.w	r3, [r5], #4
    6710:	4798      	blx	r3
    6712:	42a6      	cmp	r6, r4
    6714:	d8f9      	bhi.n	670a <__libc_init_array+0x12>
    6716:	4d0a      	ldr	r5, [pc, #40]	@ (6740 <__libc_init_array+0x48>)
    6718:	f000 f9c0 	bl	6a9c <_init>
    671c:	4b09      	ldr	r3, [pc, #36]	@ (6744 <__libc_init_array+0x4c>)
    671e:	1b5e      	subs	r6, r3, r5
    6720:	42ab      	cmp	r3, r5
    6722:	ea4f 06a6 	mov.w	r6, r6, asr #2
    6726:	d006      	beq.n	6736 <__libc_init_array+0x3e>
    6728:	2400      	movs	r4, #0
    672a:	3401      	adds	r4, #1
    672c:	f855 3b04 	ldr.w	r3, [r5], #4
    6730:	4798      	blx	r3
    6732:	42a6      	cmp	r6, r4
    6734:	d8f9      	bhi.n	672a <__libc_init_array+0x32>
    6736:	bd70      	pop	{r4, r5, r6, pc}
    6738:	00006aa8 	.word	0x00006aa8
    673c:	00006aa8 	.word	0x00006aa8
    6740:	00006aa8 	.word	0x00006aa8
    6744:	00006aac 	.word	0x00006aac

00006748 <memset>:
    6748:	b570      	push	{r4, r5, r6, lr}
    674a:	0786      	lsls	r6, r0, #30
    674c:	d047      	beq.n	67de <memset+0x96>
    674e:	1e54      	subs	r4, r2, #1
    6750:	2a00      	cmp	r2, #0
    6752:	d03e      	beq.n	67d2 <memset+0x8a>
    6754:	b2ca      	uxtb	r2, r1
    6756:	4603      	mov	r3, r0
    6758:	e001      	b.n	675e <memset+0x16>
    675a:	3c01      	subs	r4, #1
    675c:	d339      	bcc.n	67d2 <memset+0x8a>
    675e:	f803 2b01 	strb.w	r2, [r3], #1
    6762:	079d      	lsls	r5, r3, #30
    6764:	d1f9      	bne.n	675a <memset+0x12>
    6766:	2c03      	cmp	r4, #3
    6768:	d92c      	bls.n	67c4 <memset+0x7c>
    676a:	b2cd      	uxtb	r5, r1
    676c:	2c0f      	cmp	r4, #15
    676e:	eb05 2505 	add.w	r5, r5, r5, lsl #8
    6772:	eb05 4505 	add.w	r5, r5, r5, lsl #16
    6776:	d935      	bls.n	67e4 <memset+0x9c>
    6778:	f1a4 0c10 	sub.w	ip, r4, #16
    677c:	f103 0e10 	add.w	lr, r3, #16
    6780:	461a      	mov	r2, r3
    6782:	f02c 060f 	bic.w	r6, ip, #15
    6786:	ea4f 1c1c 	mov.w	ip, ip, lsr #4
    678a:	44b6      	add	lr, r6
    678c:	e9c2 5500 	strd	r5, r5, [r2]
    6790:	e9c2 5502 	strd	r5, r5, [r2, #8]
    6794:	3210      	adds	r2, #16
    6796:	4572      	cmp	r2, lr
    6798:	d1f8      	bne.n	678c <memset+0x44>
    679a:	f10c 0201 	add.w	r2, ip, #1
    679e:	f014 0f0c 	tst.w	r4, #12
    67a2:	f004 0c0f 	and.w	ip, r4, #15
    67a6:	eb03 1202 	add.w	r2, r3, r2, lsl #4
    67aa:	d013      	beq.n	67d4 <memset+0x8c>
    67ac:	f1ac 0304 	sub.w	r3, ip, #4
    67b0:	f023 0303 	bic.w	r3, r3, #3
    67b4:	3304      	adds	r3, #4
    67b6:	4413      	add	r3, r2
    67b8:	f842 5b04 	str.w	r5, [r2], #4
    67bc:	4293      	cmp	r3, r2
    67be:	d1fb      	bne.n	67b8 <memset+0x70>
    67c0:	f00c 0403 	and.w	r4, ip, #3
    67c4:	b12c      	cbz	r4, 67d2 <memset+0x8a>
    67c6:	b2c9      	uxtb	r1, r1
    67c8:	441c      	add	r4, r3
    67ca:	f803 1b01 	strb.w	r1, [r3], #1
    67ce:	42a3      	cmp	r3, r4
    67d0:	d1fb      	bne.n	67ca <memset+0x82>
    67d2:	bd70      	pop	{r4, r5, r6, pc}
    67d4:	4664      	mov	r4, ip
    67d6:	4613      	mov	r3, r2
    67d8:	2c00      	cmp	r4, #0
    67da:	d1f4      	bne.n	67c6 <memset+0x7e>
    67dc:	e7f9      	b.n	67d2 <memset+0x8a>
    67de:	4603      	mov	r3, r0
    67e0:	4614      	mov	r4, r2
    67e2:	e7c0      	b.n	6766 <memset+0x1e>
    67e4:	461a      	mov	r2, r3
    67e6:	46a4      	mov	ip, r4
    67e8:	e7e0      	b.n	67ac <memset+0x64>
    67ea:	bf00      	nop

000067ec <memcpy>:
    67ec:	4684      	mov	ip, r0
    67ee:	ea41 0300 	orr.w	r3, r1, r0
    67f2:	f013 0303 	ands.w	r3, r3, #3
    67f6:	d149      	bne.n	688c <memcpy+0xa0>
    67f8:	3a40      	subs	r2, #64	@ 0x40
    67fa:	d323      	bcc.n	6844 <memcpy+0x58>
    67fc:	680b      	ldr	r3, [r1, #0]
    67fe:	6003      	str	r3, [r0, #0]
    6800:	684b      	ldr	r3, [r1, #4]
    6802:	6043      	str	r3, [r0, #4]
    6804:	688b      	ldr	r3, [r1, #8]
    6806:	6083      	str	r3, [r0, #8]
    6808:	68cb      	ldr	r3, [r1, #12]
    680a:	60c3      	str	r3, [r0, #12]
    680c:	690b      	ldr	r3, [r1, #16]
    680e:	6103      	str	r3, [r0, #16]
    6810:	694b      	ldr	r3, [r1, #20]
    6812:	6143      	str	r3, [r0, #20]
    6814:	698b      	ldr	r3, [r1, #24]
    6816:	6183      	str	r3, [r0, #24]
    6818:	69cb      	ldr	r3, [r1, #28]
    681a:	61c3      	str	r3, [r0, #28]
    681c:	6a0b      	ldr	r3, [r1, #32]
    681e:	6203      	str	r3, [r0, #32]
    6820:	6a4b      	ldr	r3, [r1, #36]	@ 0x24
    6822:	6243      	str	r3, [r0, #36]	@ 0x24
    6824:	6a8b      	ldr	r3, [r1, #40]	@ 0x28
    6826:	6283      	str	r3, [r0, #40]	@ 0x28
    6828:	6acb      	ldr	r3, [r1, #44]	@ 0x2c
    682a:	62c3      	str	r3, [r0, #44]	@ 0x2c
    682c:	6b0b      	ldr	r3, [r1, #48]	@ 0x30
    682e:	6303      	str	r3, [r0, #48]	@ 0x30
    6830:	6b4b      	ldr	r3, [r1, #52]	@ 0x34
    6832:	6343      	str	r3, [r0, #52]	@ 0x34
    6834:	6b8b      	ldr	r3, [r1, #56]	@ 0x38
    6836:	6383      	str	r3, [r0, #56]	@ 0x38
    6838:	6bcb      	ldr	r3, [r1, #60]	@ 0x3c
    683a:	63c3      	str	r3, [r0, #60]	@ 0x3c
    683c:	3040      	adds	r0, #64	@ 0x40
    683e:	3140      	adds	r1, #64	@ 0x40
    6840:	3a40      	subs	r2, #64	@ 0x40
    6842:	d2db      	bcs.n	67fc <memcpy+0x10>
    6844:	3230      	adds	r2, #48	@ 0x30
    6846:	d30b      	bcc.n	6860 <memcpy+0x74>
    6848:	680b      	ldr	r3, [r1, #0]
    684a:	6003      	str	r3, [r0, #0]
    684c:	684b      	ldr	r3, [r1, #4]
    684e:	6043      	str	r3, [r0, #4]
    6850:	688b      	ldr	r3, [r1, #8]
    6852:	6083      	str	r3, [r0, #8]
    6854:	68cb      	ldr	r3, [r1, #12]
    6856:	60c3      	str	r3, [r0, #12]
    6858:	3010      	adds	r0, #16
    685a:	3110      	adds	r1, #16
    685c:	3a10      	subs	r2, #16
    685e:	d2f3      	bcs.n	6848 <memcpy+0x5c>
    6860:	320c      	adds	r2, #12
    6862:	d305      	bcc.n	6870 <memcpy+0x84>
    6864:	f851 3b04 	ldr.w	r3, [r1], #4
    6868:	f840 3b04 	str.w	r3, [r0], #4
    686c:	3a04      	subs	r2, #4
    686e:	d2f9      	bcs.n	6864 <memcpy+0x78>
    6870:	3204      	adds	r2, #4
    6872:	d008      	beq.n	6886 <memcpy+0x9a>
    6874:	07d2      	lsls	r2, r2, #31
    6876:	bf1c      	itt	ne
    6878:	f811 3b01 	ldrbne.w	r3, [r1], #1
    687c:	f800 3b01 	strbne.w	r3, [r0], #1
    6880:	d301      	bcc.n	6886 <memcpy+0x9a>
    6882:	880b      	ldrh	r3, [r1, #0]
    6884:	8003      	strh	r3, [r0, #0]
    6886:	4660      	mov	r0, ip
    6888:	4770      	bx	lr
    688a:	bf00      	nop
    688c:	2a08      	cmp	r2, #8
    688e:	d313      	bcc.n	68b8 <memcpy+0xcc>
    6890:	078b      	lsls	r3, r1, #30
    6892:	d0b1      	beq.n	67f8 <memcpy+0xc>
    6894:	f010 0303 	ands.w	r3, r0, #3
    6898:	d0ae      	beq.n	67f8 <memcpy+0xc>
    689a:	f1c3 0304 	rsb	r3, r3, #4
    689e:	1ad2      	subs	r2, r2, r3
    68a0:	07db      	lsls	r3, r3, #31
    68a2:	bf1c      	itt	ne
    68a4:	f811 3b01 	ldrbne.w	r3, [r1], #1
    68a8:	f800 3b01 	strbne.w	r3, [r0], #1
    68ac:	d3a4      	bcc.n	67f8 <memcpy+0xc>
    68ae:	f831 3b02 	ldrh.w	r3, [r1], #2
    68b2:	f820 3b02 	strh.w	r3, [r0], #2
    68b6:	e79f      	b.n	67f8 <memcpy+0xc>
    68b8:	3a04      	subs	r2, #4
    68ba:	d3d9      	bcc.n	6870 <memcpy+0x84>
    68bc:	3a01      	subs	r2, #1
    68be:	f811 3b01 	ldrb.w	r3, [r1], #1
    68c2:	f800 3b01 	strb.w	r3, [r0], #1
    68c6:	d2f9      	bcs.n	68bc <memcpy+0xd0>
    68c8:	780b      	ldrb	r3, [r1, #0]
    68ca:	7003      	strb	r3, [r0, #0]
    68cc:	784b      	ldrb	r3, [r1, #1]
    68ce:	7043      	strb	r3, [r0, #1]
    68d0:	788b      	ldrb	r3, [r1, #2]
    68d2:	7083      	strb	r3, [r0, #2]
    68d4:	4660      	mov	r0, ip
    68d6:	4770      	bx	lr

000068d8 <exit>:
    68d8:	b508      	push	{r3, lr}
    68da:	4b06      	ldr	r3, [pc, #24]	@ (68f4 <exit+0x1c>)
    68dc:	4604      	mov	r4, r0
    68de:	b113      	cbz	r3, 68e6 <exit+0xe>
    68e0:	2100      	movs	r1, #0
    68e2:	f000 f87b 	bl	69dc <__call_exitprocs>
    68e6:	4b04      	ldr	r3, [pc, #16]	@ (68f8 <exit+0x20>)
    68e8:	681b      	ldr	r3, [r3, #0]
    68ea:	b103      	cbz	r3, 68ee <exit+0x16>
    68ec:	4798      	blx	r3
    68ee:	4620      	mov	r0, r4
    68f0:	f7ff f908 	bl	5b04 <_exit>
    68f4:	000069dd 	.word	0x000069dd
    68f8:	200002cc 	.word	0x200002cc

000068fc <atexit>:
    68fc:	2300      	movs	r3, #0
    68fe:	4601      	mov	r1, r0
    6900:	461a      	mov	r2, r3
    6902:	4618      	mov	r0, r3
    6904:	f000 b814 	b.w	6930 <__register_exitproc>

00006908 <__libc_fini_array>:
    6908:	b538      	push	{r3, r4, r5, lr}
    690a:	4d07      	ldr	r5, [pc, #28]	@ (6928 <__libc_fini_array+0x20>)
    690c:	4c07      	ldr	r4, [pc, #28]	@ (692c <__libc_fini_array+0x24>)
    690e:	1b2c      	subs	r4, r5, r4
    6910:	10a4      	asrs	r4, r4, #2
    6912:	d005      	beq.n	6920 <__libc_fini_array+0x18>
    6914:	3c01      	subs	r4, #1
    6916:	f855 3d04 	ldr.w	r3, [r5, #-4]!
    691a:	4798      	blx	r3
    691c:	2c00      	cmp	r4, #0
    691e:	d1f9      	bne.n	6914 <__libc_fini_array+0xc>
    6920:	e8bd 4038 	ldmia.w	sp!, {r3, r4, r5, lr}
    6924:	f000 b8c2 	b.w	6aac <_fini>
    6928:	00006abc 	.word	0x00006abc
    692c:	00006ab8 	.word	0x00006ab8

00006930 <__register_exitproc>:
    6930:	b5f0      	push	{r4, r5, r6, r7, lr}
    6932:	4c26      	ldr	r4, [pc, #152]	@ (69cc <__register_exitproc+0x9c>)
    6934:	b083      	sub	sp, #12
    6936:	4606      	mov	r6, r0
    6938:	460f      	mov	r7, r1
    693a:	6825      	ldr	r5, [r4, #0]
    693c:	b305      	cbz	r5, 6980 <__register_exitproc+0x50>
    693e:	686c      	ldr	r4, [r5, #4]
    6940:	2c1f      	cmp	r4, #31
    6942:	dc3f      	bgt.n	69c4 <__register_exitproc+0x94>
    6944:	b1a6      	cbz	r6, 6970 <__register_exitproc+0x40>
    6946:	f8d5 0088 	ldr.w	r0, [r5, #136]	@ 0x88
    694a:	b348      	cbz	r0, 69a0 <__register_exitproc+0x70>
    694c:	f8d0 1100 	ldr.w	r1, [r0, #256]	@ 0x100
    6950:	f04f 0c01 	mov.w	ip, #1
    6954:	f840 2024 	str.w	r2, [r0, r4, lsl #2]
    6958:	2e02      	cmp	r6, #2
    695a:	eb00 0284 	add.w	r2, r0, r4, lsl #2
    695e:	fa0c fc04 	lsl.w	ip, ip, r4
    6962:	ea4c 0101 	orr.w	r1, ip, r1
    6966:	f8c0 1100 	str.w	r1, [r0, #256]	@ 0x100
    696a:	f8c2 3080 	str.w	r3, [r2, #128]	@ 0x80
    696e:	d010      	beq.n	6992 <__register_exitproc+0x62>
    6970:	1c63      	adds	r3, r4, #1
    6972:	2000      	movs	r0, #0
    6974:	3402      	adds	r4, #2
    6976:	606b      	str	r3, [r5, #4]
    6978:	f845 7024 	str.w	r7, [r5, r4, lsl #2]
    697c:	b003      	add	sp, #12
    697e:	bdf0      	pop	{r4, r5, r6, r7, pc}
    6980:	4913      	ldr	r1, [pc, #76]	@ (69d0 <__register_exitproc+0xa0>)
    6982:	4814      	ldr	r0, [pc, #80]	@ (69d4 <__register_exitproc+0xa4>)
    6984:	6021      	str	r1, [r4, #0]
    6986:	b110      	cbz	r0, 698e <__register_exitproc+0x5e>
    6988:	6800      	ldr	r0, [r0, #0]
    698a:	f8c1 0088 	str.w	r0, [r1, #136]	@ 0x88
    698e:	4d10      	ldr	r5, [pc, #64]	@ (69d0 <__register_exitproc+0xa0>)
    6990:	e7d5      	b.n	693e <__register_exitproc+0xe>
    6992:	f8d0 3104 	ldr.w	r3, [r0, #260]	@ 0x104
    6996:	ea43 030c 	orr.w	r3, r3, ip
    699a:	f8c0 3104 	str.w	r3, [r0, #260]	@ 0x104
    699e:	e7e7      	b.n	6970 <__register_exitproc+0x40>
    69a0:	490d      	ldr	r1, [pc, #52]	@ (69d8 <__register_exitproc+0xa8>)
    69a2:	e9cd 2300 	strd	r2, r3, [sp]
    69a6:	b169      	cbz	r1, 69c4 <__register_exitproc+0x94>
    69a8:	f44f 7084 	mov.w	r0, #264	@ 0x108
    69ac:	f3af 8000 	nop.w
    69b0:	b140      	cbz	r0, 69c4 <__register_exitproc+0x94>
    69b2:	2100      	movs	r1, #0
    69b4:	686c      	ldr	r4, [r5, #4]
    69b6:	e9c0 1140 	strd	r1, r1, [r0, #256]	@ 0x100
    69ba:	e9dd 2300 	ldrd	r2, r3, [sp]
    69be:	f8c5 0088 	str.w	r0, [r5, #136]	@ 0x88
    69c2:	e7c5      	b.n	6950 <__register_exitproc+0x20>
    69c4:	f04f 30ff 	mov.w	r0, #4294967295	@ 0xffffffff
    69c8:	e7d8      	b.n	697c <__register_exitproc+0x4c>
    69ca:	bf00      	nop
    69cc:	2000035c 	.word	0x2000035c
    69d0:	200002d0 	.word	0x200002d0
	...

000069dc <__call_exitprocs>:
    69dc:	e92d 4ff0 	stmdb	sp!, {r4, r5, r6, r7, r8, r9, sl, fp, lr}
    69e0:	f8df 90b4 	ldr.w	r9, [pc, #180]	@ 6a98 <__call_exitprocs+0xbc>
    69e4:	b083      	sub	sp, #12
    69e6:	f8d9 6000 	ldr.w	r6, [r9]
    69ea:	b396      	cbz	r6, 6a52 <__call_exitprocs+0x76>
    69ec:	4688      	mov	r8, r1
    69ee:	9001      	str	r0, [sp, #4]
    69f0:	6875      	ldr	r5, [r6, #4]
    69f2:	f8d6 7088 	ldr.w	r7, [r6, #136]	@ 0x88
    69f6:	1e6c      	subs	r4, r5, #1
    69f8:	d42b      	bmi.n	6a52 <__call_exitprocs+0x76>
    69fa:	3501      	adds	r5, #1
    69fc:	f107 0b80 	add.w	fp, r7, #128	@ 0x80
    6a00:	eb06 0585 	add.w	r5, r6, r5, lsl #2
    6a04:	f1b8 0f00 	cmp.w	r8, #0
    6a08:	d126      	bne.n	6a58 <__call_exitprocs+0x7c>
    6a0a:	6873      	ldr	r3, [r6, #4]
    6a0c:	682a      	ldr	r2, [r5, #0]
    6a0e:	3b01      	subs	r3, #1
    6a10:	42a3      	cmp	r3, r4
    6a12:	d03b      	beq.n	6a8c <__call_exitprocs+0xb0>
    6a14:	2300      	movs	r3, #0
    6a16:	602b      	str	r3, [r5, #0]
    6a18:	b1ba      	cbz	r2, 6a4a <__call_exitprocs+0x6e>
    6a1a:	f8d6 a004 	ldr.w	sl, [r6, #4]
    6a1e:	b35f      	cbz	r7, 6a78 <__call_exitprocs+0x9c>
    6a20:	2301      	movs	r3, #1
    6a22:	f8d7 1100 	ldr.w	r1, [r7, #256]	@ 0x100
    6a26:	40a3      	lsls	r3, r4
    6a28:	420b      	tst	r3, r1
    6a2a:	d025      	beq.n	6a78 <__call_exitprocs+0x9c>
    6a2c:	f8d7 0104 	ldr.w	r0, [r7, #260]	@ 0x104
    6a30:	f857 1024 	ldr.w	r1, [r7, r4, lsl #2]
    6a34:	4203      	tst	r3, r0
    6a36:	d12b      	bne.n	6a90 <__call_exitprocs+0xb4>
    6a38:	9801      	ldr	r0, [sp, #4]
    6a3a:	4790      	blx	r2
    6a3c:	6873      	ldr	r3, [r6, #4]
    6a3e:	f8d9 2000 	ldr.w	r2, [r9]
    6a42:	4553      	cmp	r3, sl
    6a44:	d11e      	bne.n	6a84 <__call_exitprocs+0xa8>
    6a46:	42b2      	cmp	r2, r6
    6a48:	d11c      	bne.n	6a84 <__call_exitprocs+0xa8>
    6a4a:	3c01      	subs	r4, #1
    6a4c:	3d04      	subs	r5, #4
    6a4e:	1c63      	adds	r3, r4, #1
    6a50:	d1d8      	bne.n	6a04 <__call_exitprocs+0x28>
    6a52:	b003      	add	sp, #12
    6a54:	e8bd 8ff0 	ldmia.w	sp!, {r4, r5, r6, r7, r8, r9, sl, fp, pc}
    6a58:	b14f      	cbz	r7, 6a6e <__call_exitprocs+0x92>
    6a5a:	f85b 3024 	ldr.w	r3, [fp, r4, lsl #2]
    6a5e:	4543      	cmp	r3, r8
    6a60:	d0d3      	beq.n	6a0a <__call_exitprocs+0x2e>
    6a62:	3c01      	subs	r4, #1
    6a64:	3d04      	subs	r5, #4
    6a66:	1c62      	adds	r2, r4, #1
    6a68:	d0f3      	beq.n	6a52 <__call_exitprocs+0x76>
    6a6a:	2f00      	cmp	r7, #0
    6a6c:	d1f5      	bne.n	6a5a <__call_exitprocs+0x7e>
    6a6e:	3c01      	subs	r4, #1
    6a70:	d3ef      	bcc.n	6a52 <__call_exitprocs+0x76>
    6a72:	3c01      	subs	r4, #1
    6a74:	d2fb      	bcs.n	6a6e <__call_exitprocs+0x92>
    6a76:	e7ec      	b.n	6a52 <__call_exitprocs+0x76>
    6a78:	4790      	blx	r2
    6a7a:	6873      	ldr	r3, [r6, #4]
    6a7c:	f8d9 2000 	ldr.w	r2, [r9]
    6a80:	4553      	cmp	r3, sl
    6a82:	d0e0      	beq.n	6a46 <__call_exitprocs+0x6a>
    6a84:	2a00      	cmp	r2, #0
    6a86:	d0e4      	beq.n	6a52 <__call_exitprocs+0x76>
    6a88:	4616      	mov	r6, r2
    6a8a:	e7b1      	b.n	69f0 <__call_exitprocs+0x14>
    6a8c:	6074      	str	r4, [r6, #4]
    6a8e:	e7c3      	b.n	6a18 <__call_exitprocs+0x3c>
    6a90:	4608      	mov	r0, r1
    6a92:	4790      	blx	r2
    6a94:	e7d2      	b.n	6a3c <__call_exitprocs+0x60>
    6a96:	bf00      	nop
    6a98:	2000035c 	.word	0x2000035c

00006a9c <_init>:
    6a9c:	b5f8      	push	{r3, r4, r5, r6, r7, lr}
    6a9e:	bf00      	nop
    6aa0:	bcf8      	pop	{r3, r4, r5, r6, r7}
    6aa2:	bc08      	pop	{r3}
    6aa4:	469e      	mov	lr, r3
    6aa6:	4770      	bx	lr

00006aa8 <__frame_dummy_init_array_entry>:
    6aa8:	0e21 0000                                   !...

00006aac <_fini>:
    6aac:	b5f8      	push	{r3, r4, r5, r6, r7, lr}
    6aae:	bf00      	nop
    6ab0:	bcf8      	pop	{r3, r4, r5, r6, r7}
    6ab2:	bc08      	pop	{r3}
    6ab4:	469e      	mov	lr, r3
    6ab6:	4770      	bx	lr

00006ab8 <__do_global_dtors_aux_fini_array_entry>:
    6ab8:	0df9 0000                                   ....

00006abc <__EH_FRAME_BEGIN__>:
    6abc:	0010 0000 0000 0000 7a01 0052 7c02 010e     .........zR..|..
    6acc:	0c1b 000d 0014 0000 0018 0000 fd14 ffff     ................
    6adc:	00ec 0000 0200 0a4d 0b43 0000               ......M.C...

00006ae8 <__FRAME_END__>:
    6ae8:	0000 0000                                   ....
