
build-vpr-apps_vpr_mlkem_ref/firmware.elf:     file format elf32-littleriscv


Disassembly of section .startup:

20000000 <Reset_Handler>:
    .globl Reset_Handler
    .type Reset_Handler, %function
Reset_Handler:
    .option push
    .option norelax
    la gp, __global_pointer$
20000000:	00011197          	auipc	gp,0x11
20000004:	80018193          	addi	gp,gp,-2048 # 20010800 <__global_pointer$>
    .option pop

#ifndef NO_STACK_INIT
    /* Initialise main stack */
    la sp, __StackTop
20000008:	00020117          	auipc	sp,0x20
2000000c:	ff810113          	addi	sp,sp,-8 # 20020000 <__StackTop>
    add s0, sp, zero
20000010:	00010433          	add	s0,sp,zero
#endif


#if !defined(NO_MTVT_CONFIG) && defined(__MTVT_PRESENT) && __MTVT_PRESENT
    /* Configure machine trap vector table register */
    la t0, __isr_vector
20000014:	00000297          	auipc	t0,0x0
20000018:	1ec28293          	addi	t0,t0,492 # 20000200 <__isr_vector>
    csrw CSR_MTVT, t0
2000001c:	30729073          	csrw	0x307,t0

    /* Setup machine trap vector in CSR and clear cause register (hardfault exceptions) */
    .weak Trap_Handler
    la t0, Trap_Handler
20000020:	00000297          	auipc	t0,0x0
20000024:	1d828293          	addi	t0,t0,472 # 200001f8 <Trap_Handler>
    csrw CSR_MTVEC, t0
20000028:	30529073          	csrw	mtvec,t0
    csrw CSR_MCAUSE, x0
2000002c:	34201073          	csrw	mcause,zero
 * All addresses must be aligned to 4 bytes boundary.
 */
#ifndef __STARTUP_SKIP_ETEXT

/* Load .data */
    la t0, __data_start
20000030:	00010297          	auipc	t0,0x10
20000034:	fd028293          	addi	t0,t0,-48 # 20010000 <overhead.0>
    la t1, __data_end
20000038:	00010317          	auipc	t1,0x10
2000003c:	fc830313          	addi	t1,t1,-56 # 20010000 <overhead.0>
    la t2, __data_load_start
20000040:	00007397          	auipc	t2,0x7
20000044:	72c38393          	addi	t2,t2,1836 # 2000776c <__all_data_load_start>
    jal copy_region
20000048:	283d                	jal	20000086 <copy_region>

/* Load .sdata */
    la t0, __sdata_start
2000004a:	00010297          	auipc	t0,0x10
2000004e:	fb628293          	addi	t0,t0,-74 # 20010000 <overhead.0>
    la t1, __sdata_end
20000052:	80818313          	addi	t1,gp,-2040 # 20010008 <seed>
    la t2, __sdata_load_start
20000056:	00007397          	auipc	t2,0x7
2000005a:	71638393          	addi	t2,t2,1814 # 2000776c <__all_data_load_start>
    jal copy_region
2000005e:	2025                	jal	20000086 <copy_region>

/* Load .tdata */
    la t0, __tdata_start
20000060:	80818293          	addi	t0,gp,-2040 # 20010008 <seed>
    la t1, __tdata_end
20000064:	80818313          	addi	t1,gp,-2040 # 20010008 <seed>
    la t2, __tdata_load_start
20000068:	00007397          	auipc	t2,0x7
2000006c:	70c38393          	addi	t2,t2,1804 # 20007774 <__fast_load_end>
    jal copy_region
20000070:	2819                	jal	20000086 <copy_region>

/* Load .fast */
    la t0, __fast_start
20000072:	80818293          	addi	t0,gp,-2040 # 20010008 <seed>
    la t1, __fast_end
20000076:	80818313          	addi	t1,gp,-2040 # 20010008 <seed>
    la t2, __fast_load_start
2000007a:	00007397          	auipc	t2,0x7
2000007e:	6fa38393          	addi	t2,t2,1786 # 20007774 <__fast_load_end>
    jal copy_region
20000082:	2011                	jal	20000086 <copy_region>

    j copy_etext_done
20000084:	a821                	j	2000009c <copy_etext_done>

20000086 <copy_region>:

/* Method that loads data from nvm to ram */
copy_region:
    beq t0, t1, L_copy_region_done
20000086:	00628a63          	beq	t0,t1,2000009a <L_copy_region_done>

2000008a <L_copy_region>:

L_copy_region:
    lw a0,0(t2)
2000008a:	0003a503          	lw	a0,0(t2)
    sw a0,0(t0)
2000008e:	00a2a023          	sw	a0,0(t0)
    addi t0, t0, 4
20000092:	0291                	addi	t0,t0,4
    addi t2, t2, 4
20000094:	0391                	addi	t2,t2,4
    bne  t0, t1, L_copy_region
20000096:	fe629ae3          	bne	t0,t1,2000008a <L_copy_region>

2000009a <L_copy_region_done>:

L_copy_region_done:

    ret
2000009a:	8082                	ret

2000009c <copy_etext_done>:
 *    __tbss_end : end of the BSS section.
 *
 * All addresses must be aligned to 4 bytes boundary.
 */
#ifdef __STARTUP_CLEAR_BSS
    la t0, __bss_start
2000009c:	80818293          	addi	t0,gp,-2040 # 20010008 <seed>
    la t1, __bss_end
200000a0:	87818313          	addi	t1,gp,-1928 # 20010078 <rej_uniform_cyc>
    jal zero_region
200000a4:	2821                	jal	200000bc <zero_region>

    la t0, __sbss_start
200000a6:	87818293          	addi	t0,gp,-1928 # 20010078 <rej_uniform_cyc>
    la t1, __sbss_end
200000aa:	92418313          	addi	t1,gp,-1756 # 20010124 <__HeapBase>
    jal zero_region
200000ae:	2039                	jal	200000bc <zero_region>

    la t0, __tbss_start
200000b0:	92418293          	addi	t0,gp,-1756 # 20010124 <__HeapBase>
    la t1, __tbss_end
200000b4:	92418313          	addi	t1,gp,-1756 # 20010124 <__HeapBase>
    jal zero_region
200000b8:	2011                	jal	200000bc <zero_region>
    
    j clear_bss_done
200000ba:	a809                	j	200000cc <clear_bss_done>

200000bc <zero_region>:

/* Method that clears ram region */
zero_region:
    beq t0, t1, L_zero_region_done
200000bc:	00628763          	beq	t0,t1,200000ca <L_zero_region_done>

200000c0 <L_zero_region>:

L_zero_region:
    sw   zero, 0(t0)
200000c0:	0002a023          	sw	zero,0(t0)
    addi t0, t0, 4
200000c4:	0291                	addi	t0,t0,4
    bne  t0, t1, L_zero_region
200000c6:	fe629de3          	bne	t0,t1,200000c0 <L_zero_region>

200000ca <L_zero_region_done>:

L_zero_region_done:

    ret
200000ca:	8082                	ret

200000cc <clear_bss_done>:
clear_bss_done:

#endif /* __STARTUP_CLEAR_BSS */

/* Execute SystemInit function. */
    jal SystemInit
200000cc:	2c5060ef          	jal	20006b90 <SystemInit>
 * If those libraries are not accessible, define __START as your entry point.
 */
#ifndef __START
#define __START _start
#endif
    jal __START
200000d0:	1ee060ef          	jal	200062be <_start>

Disassembly of section .isr_return:

200001f0 <__isr_return>:
 *  VPR interrupt return block  *
 * ============================ */
    .section .isr_return, "ax"
    .globl __isr_return
__isr_return:
    mret
200001f0:	30200073          	mret
200001f4:	00000013          	nop

200001f8 <Trap_Handler>:
 * ============================ */
.globl Trap_Handler
.type Trap_Handler, %function
.balign 8
Trap_Handler:
    j Trap_Handler
200001f8:	0000006f          	j	200001f8 <Trap_Handler>
	...

Disassembly of section .vectors:

20000200 <__isr_vector>:
20000200:	6b7a                	.insn	2, 0x6b7a
20000202:	2000                	.insn	2, 0x2000
20000204:	6b7c                	.insn	2, 0x6b7c
20000206:	2000                	.insn	2, 0x2000
20000208:	6b7e                	.insn	2, 0x6b7e
2000020a:	2000                	.insn	2, 0x2000
2000020c:	0000                	unimp
2000020e:	0000                	unimp
20000210:	6b80                	.insn	2, 0x6b80
20000212:	2000                	.insn	2, 0x2000
20000214:	6b82                	.insn	2, 0x6b82
20000216:	2000                	.insn	2, 0x2000
20000218:	0000                	unimp
2000021a:	0000                	unimp
2000021c:	6b84                	.insn	2, 0x6b84
2000021e:	2000                	.insn	2, 0x2000
20000220:	6b86                	.insn	2, 0x6b86
20000222:	2000                	.insn	2, 0x2000
20000224:	6b88                	.insn	2, 0x6b88
20000226:	2000                	.insn	2, 0x2000
20000228:	0000                	unimp
2000022a:	0000                	unimp
2000022c:	6b8a                	.insn	2, 0x6b8a
2000022e:	2000                	.insn	2, 0x2000
20000230:	6b8c                	.insn	2, 0x6b8c
20000232:	2000                	.insn	2, 0x2000
	...
20000240:	6b8e                	.insn	2, 0x6b8e
20000242:	2000                	.insn	2, 0x2000
20000244:	6b8e                	.insn	2, 0x6b8e
20000246:	2000                	.insn	2, 0x2000
20000248:	6b8e                	.insn	2, 0x6b8e
2000024a:	2000                	.insn	2, 0x2000
2000024c:	6b8e                	.insn	2, 0x6b8e
2000024e:	2000                	.insn	2, 0x2000
20000250:	6b8e                	.insn	2, 0x6b8e
20000252:	2000                	.insn	2, 0x2000
20000254:	6b8e                	.insn	2, 0x6b8e
20000256:	2000                	.insn	2, 0x2000
20000258:	6b8e                	.insn	2, 0x6b8e
2000025a:	2000                	.insn	2, 0x2000
2000025c:	6b8e                	.insn	2, 0x6b8e
2000025e:	2000                	.insn	2, 0x2000
20000260:	6b8e                	.insn	2, 0x6b8e
20000262:	2000                	.insn	2, 0x2000
20000264:	6b8e                	.insn	2, 0x6b8e
20000266:	2000                	.insn	2, 0x2000
20000268:	6b8e                	.insn	2, 0x6b8e
2000026a:	2000                	.insn	2, 0x2000
2000026c:	6b8e                	.insn	2, 0x6b8e
2000026e:	2000                	.insn	2, 0x2000
20000270:	6b8e                	.insn	2, 0x6b8e
20000272:	2000                	.insn	2, 0x2000
20000274:	6b8e                	.insn	2, 0x6b8e
20000276:	2000                	.insn	2, 0x2000
20000278:	6b8e                	.insn	2, 0x6b8e
2000027a:	2000                	.insn	2, 0x2000
2000027c:	6b8e                	.insn	2, 0x6b8e
2000027e:	2000                	.insn	2, 0x2000
20000280:	6b8e                	.insn	2, 0x6b8e
20000282:	2000                	.insn	2, 0x2000
20000284:	6b8e                	.insn	2, 0x6b8e
20000286:	2000                	.insn	2, 0x2000
20000288:	6b8e                	.insn	2, 0x6b8e
2000028a:	2000                	.insn	2, 0x2000
2000028c:	6b8e                	.insn	2, 0x6b8e
2000028e:	2000                	.insn	2, 0x2000
20000290:	6b8e                	.insn	2, 0x6b8e
20000292:	2000                	.insn	2, 0x2000
20000294:	6b8e                	.insn	2, 0x6b8e
20000296:	2000                	.insn	2, 0x2000
20000298:	6b8e                	.insn	2, 0x6b8e
2000029a:	2000                	.insn	2, 0x2000
2000029c:	6b8e                	.insn	2, 0x6b8e
2000029e:	2000                	.insn	2, 0x2000
200002a0:	6b8e                	.insn	2, 0x6b8e
200002a2:	2000                	.insn	2, 0x2000
200002a4:	6b8e                	.insn	2, 0x6b8e
200002a6:	2000                	.insn	2, 0x2000
200002a8:	6b8e                	.insn	2, 0x6b8e
200002aa:	2000                	.insn	2, 0x2000
200002ac:	6b8e                	.insn	2, 0x6b8e
200002ae:	2000                	.insn	2, 0x2000
200002b0:	6b8e                	.insn	2, 0x6b8e
200002b2:	2000                	.insn	2, 0x2000
200002b4:	6b8e                	.insn	2, 0x6b8e
200002b6:	2000                	.insn	2, 0x2000
200002b8:	6b8e                	.insn	2, 0x6b8e
200002ba:	2000                	.insn	2, 0x2000
200002bc:	6b8e                	.insn	2, 0x6b8e
200002be:	2000                	.insn	2, 0x2000
	...
20000340:	6b8e                	.insn	2, 0x6b8e
20000342:	2000                	.insn	2, 0x2000
20000344:	6b8e                	.insn	2, 0x6b8e
20000346:	2000                	.insn	2, 0x2000
	...
20000368:	6b8e                	.insn	2, 0x6b8e
2000036a:	2000                	.insn	2, 0x2000
2000036c:	6b8e                	.insn	2, 0x6b8e
2000036e:	2000                	.insn	2, 0x2000
20000370:	6b8e                	.insn	2, 0x6b8e
20000372:	2000                	.insn	2, 0x2000
20000374:	6b8e                	.insn	2, 0x6b8e
20000376:	2000                	.insn	2, 0x2000
20000378:	6b8e                	.insn	2, 0x6b8e
2000037a:	2000                	.insn	2, 0x2000
	...
20000388:	6b8e                	.insn	2, 0x6b8e
2000038a:	2000                	.insn	2, 0x2000
2000038c:	0000                	unimp
2000038e:	0000                	unimp
20000390:	6b8e                	.insn	2, 0x6b8e
20000392:	2000                	.insn	2, 0x2000
20000394:	6b8e                	.insn	2, 0x6b8e
20000396:	2000                	.insn	2, 0x2000
	...
200003a0:	6b8e                	.insn	2, 0x6b8e
200003a2:	2000                	.insn	2, 0x2000
200003a4:	6b8e                	.insn	2, 0x6b8e
200003a6:	2000                	.insn	2, 0x2000
200003a8:	6b8e                	.insn	2, 0x6b8e
200003aa:	2000                	.insn	2, 0x2000
	...
20000440:	6b8e                	.insn	2, 0x6b8e
20000442:	2000                	.insn	2, 0x2000
	...
20000454:	6b8e                	.insn	2, 0x6b8e
20000456:	2000                	.insn	2, 0x2000
20000458:	0000                	unimp
2000045a:	0000                	unimp
2000045c:	6b8e                	.insn	2, 0x6b8e
2000045e:	2000                	.insn	2, 0x2000
	...
20000468:	6b8e                	.insn	2, 0x6b8e
2000046a:	2000                	.insn	2, 0x2000
2000046c:	6b8e                	.insn	2, 0x6b8e
2000046e:	2000                	.insn	2, 0x2000
	...
20000540:	6b8e                	.insn	2, 0x6b8e
20000542:	2000                	.insn	2, 0x2000
	...
20000558:	6b8e                	.insn	2, 0x6b8e
2000055a:	2000                	.insn	2, 0x2000
2000055c:	6b8e                	.insn	2, 0x6b8e
2000055e:	2000                	.insn	2, 0x2000
20000560:	6b8e                	.insn	2, 0x6b8e
20000562:	2000                	.insn	2, 0x2000
20000564:	6b8e                	.insn	2, 0x6b8e
20000566:	2000                	.insn	2, 0x2000
20000568:	6b8e                	.insn	2, 0x6b8e
2000056a:	2000                	.insn	2, 0x2000
2000056c:	6b8e                	.insn	2, 0x6b8e
2000056e:	2000                	.insn	2, 0x2000
20000570:	6b8e                	.insn	2, 0x6b8e
20000572:	2000                	.insn	2, 0x2000
20000574:	6b8e                	.insn	2, 0x6b8e
20000576:	2000                	.insn	2, 0x2000
20000578:	6b8e                	.insn	2, 0x6b8e
2000057a:	2000                	.insn	2, 0x2000
2000057c:	0000                	unimp
2000057e:	0000                	unimp
20000580:	6b8e                	.insn	2, 0x6b8e
20000582:	2000                	.insn	2, 0x2000
20000584:	6b8e                	.insn	2, 0x6b8e
20000586:	2000                	.insn	2, 0x2000
20000588:	6b8e                	.insn	2, 0x6b8e
2000058a:	2000                	.insn	2, 0x2000
2000058c:	6b8e                	.insn	2, 0x6b8e
2000058e:	2000                	.insn	2, 0x2000
20000590:	6b8e                	.insn	2, 0x6b8e
20000592:	2000                	.insn	2, 0x2000
20000594:	6b8e                	.insn	2, 0x6b8e
20000596:	2000                	.insn	2, 0x2000
20000598:	6b8e                	.insn	2, 0x6b8e
2000059a:	2000                	.insn	2, 0x2000
2000059c:	6b8e                	.insn	2, 0x6b8e
2000059e:	2000                	.insn	2, 0x2000
	...
200005a8:	6b8e                	.insn	2, 0x6b8e
200005aa:	2000                	.insn	2, 0x2000
200005ac:	6b8e                	.insn	2, 0x6b8e
200005ae:	2000                	.insn	2, 0x2000
	...
200005c0:	6b8e                	.insn	2, 0x6b8e
200005c2:	2000                	.insn	2, 0x2000
200005c4:	6b8e                	.insn	2, 0x6b8e
200005c6:	2000                	.insn	2, 0x2000
200005c8:	6b8e                	.insn	2, 0x6b8e
200005ca:	2000                	.insn	2, 0x2000
200005cc:	6b8e                	.insn	2, 0x6b8e
200005ce:	2000                	.insn	2, 0x2000
200005d0:	6b8e                	.insn	2, 0x6b8e
200005d2:	2000                	.insn	2, 0x2000
200005d4:	6b8e                	.insn	2, 0x6b8e
200005d6:	2000                	.insn	2, 0x2000
	...
200005e0:	6b8e                	.insn	2, 0x6b8e
200005e2:	2000                	.insn	2, 0x2000
	...
200005f4:	6b8e                	.insn	2, 0x6b8e
200005f6:	2000                	.insn	2, 0x2000
200005f8:	6b8e                	.insn	2, 0x6b8e
200005fa:	2000                	.insn	2, 0x2000
200005fc:	6b8e                	.insn	2, 0x6b8e
200005fe:	2000                	.insn	2, 0x2000
	...
20000640:	6b8e                	.insn	2, 0x6b8e
20000642:	2000                	.insn	2, 0x2000
	...
20000650:	6b8e                	.insn	2, 0x6b8e
20000652:	2000                	.insn	2, 0x2000
20000654:	0000                	unimp
20000656:	0000                	unimp
20000658:	6b8e                	.insn	2, 0x6b8e
2000065a:	2000                	.insn	2, 0x2000
2000065c:	0000                	unimp
2000065e:	0000                	unimp
20000660:	6b8e                	.insn	2, 0x6b8e
20000662:	2000                	.insn	2, 0x2000
20000664:	6b8e                	.insn	2, 0x6b8e
20000666:	2000                	.insn	2, 0x2000
	...
20000670:	6b8e                	.insn	2, 0x6b8e
20000672:	2000                	.insn	2, 0x2000
20000674:	6b8e                	.insn	2, 0x6b8e
20000676:	2000                	.insn	2, 0x2000
20000678:	6b8e                	.insn	2, 0x6b8e
2000067a:	2000                	.insn	2, 0x2000
	...
200006c4:	6b8e                	.insn	2, 0x6b8e
200006c6:	2000                	.insn	2, 0x2000
	...

Disassembly of section .text:

20001148 <pqcrystals_kyber512_ref_poly_cbd_eta1>:
}
#endif

void poly_cbd_eta1(poly *r, const uint8_t buf[KYBER_ETA1*KYBER_N/4])
{
  n_poly_cbd_eta1++;
20001148:	8d41a783          	lw	a5,-1836(gp) # 200100d4 <n_poly_cbd_eta1>
{
2000114c:	1161                	addi	sp,sp,-8
2000114e:	c222                	sw	s0,4(sp)
  n_poly_cbd_eta1++;
20001150:	0785                	addi	a5,a5,1
{
20001152:	c026                	sw	s1,0(sp)
20001154:	86aa                	mv	a3,a0
20001156:	872e                	mv	a4,a1
  n_poly_cbd_eta1++;
20001158:	8cf1aa23          	sw	a5,-1836(gp) # 200100d4 <n_poly_cbd_eta1>
    return (reg & (VPRCSR_MCOUNTINHIBIT_CY_INHIBIT << VPRCSR_MCOUNTINHIBIT_CY_Pos)) ? false : true;
}

NRF_STATIC_INLINE uint64_t nrf_vpr_csr_machine_cycle_counter_get(void)
{
    return nrf_csr_read(VPRCSR_MCYCLE) | ((uint64_t)nrf_csr_read(VPRCSR_MCYCLEH) << 32);
2000115c:	b00024f3          	csrr	s1,mcycle
20001160:	b80027f3          	csrr	a5,mcycleh
    d  = t & 0x00249249;
20001164:	002493b7          	lui	t2,0x249
20001168:	0c058413          	addi	s0,a1,192
2000116c:	24938393          	addi	t2,t2,585 # 249249 <TotalFlashUsed+0x241ad5>
  r |= (uint32_t)x[1] << 8;
20001170:	00174603          	lbu	a2,1(a4)
  r |= (uint32_t)x[2] << 16;
20001174:	00274783          	lbu	a5,2(a4)
  r  = (uint32_t)x[0];
20001178:	00074583          	lbu	a1,0(a4)
  r |= (uint32_t)x[1] << 8;
2000117c:	0622                	slli	a2,a2,0x8
  r |= (uint32_t)x[2] << 16;
2000117e:	07c2                	slli	a5,a5,0x10
20001180:	8e5d                	or	a2,a2,a5
20001182:	8e4d                	or	a2,a2,a1
    d += (t>>1) & 0x00249249;
20001184:	00165793          	srli	a5,a2,0x1
    d += (t>>2) & 0x00249249;
20001188:	00265593          	srli	a1,a2,0x2
2000118c:	0075f5b3          	and	a1,a1,t2
    d += (t>>1) & 0x00249249;
20001190:	0077f7b3          	and	a5,a5,t2
    d += (t>>2) & 0x00249249;
20001194:	97ae                	add	a5,a5,a1
    d  = t & 0x00249249;
20001196:	00767633          	and	a2,a2,t2
    d += (t>>2) & 0x00249249;
2000119a:	97b2                	add	a5,a5,a2
      b = (d >> (6*j+3)) & 0x7;
2000119c:	0037d293          	srli	t0,a5,0x3
      a = (d >> (6*j+0)) & 0x7;
200011a0:	0067d513          	srli	a0,a5,0x6
      b = (d >> (6*j+3)) & 0x7;
200011a4:	0097d613          	srli	a2,a5,0x9
200011a8:	0072f293          	andi	t0,t0,7
      a = (d >> (6*j+0)) & 0x7;
200011ac:	0077f313          	andi	t1,a5,7
      b = (d >> (6*j+3)) & 0x7;
200011b0:	8a1d                	andi	a2,a2,7
      a = (d >> (6*j+0)) & 0x7;
200011b2:	891d                	andi	a0,a0,7
200011b4:	00c7d593          	srli	a1,a5,0xc
      r->coeffs[4*i+j] = a - b;
200011b8:	40530333          	sub	t1,t1,t0
200011bc:	8d11                	sub	a0,a0,a2
      b = (d >> (6*j+3)) & 0x7;
200011be:	00f7d293          	srli	t0,a5,0xf
      a = (d >> (6*j+0)) & 0x7;
200011c2:	0127d613          	srli	a2,a5,0x12
200011c6:	899d                	andi	a1,a1,7
      b = (d >> (6*j+3)) & 0x7;
200011c8:	0072f293          	andi	t0,t0,7
      a = (d >> (6*j+0)) & 0x7;
200011cc:	8a1d                	andi	a2,a2,7
      b = (d >> (6*j+3)) & 0x7;
200011ce:	83d5                	srli	a5,a5,0x15
      r->coeffs[4*i+j] = a - b;
200011d0:	405585b3          	sub	a1,a1,t0
200011d4:	8e1d                	sub	a2,a2,a5
200011d6:	00669023          	sh	t1,0(a3)
200011da:	00a69123          	sh	a0,2(a3)
200011de:	00b69223          	sh	a1,4(a3)
200011e2:	00c69323          	sh	a2,6(a3)
  for(i=0;i<KYBER_N/4;i++) {
200011e6:	070d                	addi	a4,a4,3
200011e8:	06a1                	addi	a3,a3,8
200011ea:	f8e413e3          	bne	s0,a4,20001170 <pqcrystals_kyber512_ref_poly_cbd_eta1+0x28>
200011ee:	b00026f3          	csrr	a3,mcycle
200011f2:	b80027f3          	csrr	a5,mcycleh
#else
#error "This implementation requires eta1 in {2,3}"
#endif
  uint32_t cnt2 = cpucycles();
  if(poly_cbd_eta1 != 0){
    poly_cbd_eta1_cyc = (poly_cbd_eta1_cyc + cnt2-cnt1) / 2;
200011f6:	8d01a783          	lw	a5,-1840(gp) # 200100d0 <poly_cbd_eta1_cyc>
  } else {
    poly_cbd_eta1_cyc = cnt2-cnt1;
  }
}
200011fa:	4412                	lw	s0,4(sp)
    poly_cbd_eta1_cyc = (poly_cbd_eta1_cyc + cnt2-cnt1) / 2;
200011fc:	8f85                	sub	a5,a5,s1
200011fe:	97b6                	add	a5,a5,a3
20001200:	8385                	srli	a5,a5,0x1
20001202:	8cf1a823          	sw	a5,-1840(gp) # 200100d0 <poly_cbd_eta1_cyc>
}
20001206:	4482                	lw	s1,0(sp)
20001208:	0121                	addi	sp,sp,8
2000120a:	8082                	ret

2000120c <pqcrystals_kyber512_ref_poly_cbd_eta2>:

void poly_cbd_eta2(poly *r, const uint8_t buf[KYBER_ETA2*KYBER_N/4])
{
  n_poly_cbd_eta1++;
2000120c:	8d41a783          	lw	a5,-1836(gp) # 200100d4 <n_poly_cbd_eta1>
{
20001210:	1151                	addi	sp,sp,-12
20001212:	c422                	sw	s0,8(sp)
  n_poly_cbd_eta1++;
20001214:	0785                	addi	a5,a5,1
{
20001216:	c226                	sw	s1,4(sp)
20001218:	872a                	mv	a4,a0
2000121a:	86ae                	mv	a3,a1
  n_poly_cbd_eta1++;
2000121c:	8cf1aa23          	sw	a5,-1836(gp) # 200100d4 <n_poly_cbd_eta1>
20001220:	b0002573          	csrr	a0,mcycle
20001224:	b80027f3          	csrr	a5,mcycleh
    d  = t & 0x55555555;
20001228:	55555437          	lui	s0,0x55555
2000122c:	20070493          	addi	s1,a4,512
20001230:	55540413          	addi	s0,s0,1365 # 55555555 <__StackTop+0x35535555>
20001234:	c02a                	sw	a0,0(sp)
  r |= (uint32_t)x[3] << 24;
20001236:	0016c583          	lbu	a1,1(a3)
2000123a:	0006c503          	lbu	a0,0(a3)
2000123e:	0026c783          	lbu	a5,2(a3)
20001242:	0036c603          	lbu	a2,3(a3)
20001246:	05a2                	slli	a1,a1,0x8
20001248:	8dc9                	or	a1,a1,a0
2000124a:	07c2                	slli	a5,a5,0x10
2000124c:	8fcd                	or	a5,a5,a1
2000124e:	0662                	slli	a2,a2,0x18
20001250:	8e5d                	or	a2,a2,a5
    d += (t>>1) & 0x55555555;
20001252:	00165793          	srli	a5,a2,0x1
20001256:	8fe1                	and	a5,a5,s0
    d  = t & 0x55555555;
20001258:	8e61                	and	a2,a2,s0
    d += (t>>1) & 0x55555555;
2000125a:	97b2                	add	a5,a5,a2
      b = (d >> (4*j+2)) & 0x3;
2000125c:	0027d513          	srli	a0,a5,0x2
20001260:	890d                	andi	a0,a0,3
      a = (d >> (4*j+0)) & 0x3;
20001262:	0037f593          	andi	a1,a5,3
      r->coeffs[8*i+j] = a - b;
20001266:	8d89                	sub	a1,a1,a0
      a = (d >> (4*j+0)) & 0x3;
20001268:	0087d393          	srli	t2,a5,0x8
      b = (d >> (4*j+2)) & 0x3;
2000126c:	00a7d513          	srli	a0,a5,0xa
20001270:	890d                	andi	a0,a0,3
      a = (d >> (4*j+0)) & 0x3;
20001272:	0033f393          	andi	t2,t2,3
20001276:	0047d613          	srli	a2,a5,0x4
      b = (d >> (4*j+2)) & 0x3;
2000127a:	0067d313          	srli	t1,a5,0x6
      a = (d >> (4*j+0)) & 0x3;
2000127e:	00c7d293          	srli	t0,a5,0xc
      r->coeffs[8*i+j] = a - b;
20001282:	40a383b3          	sub	t2,t2,a0
      b = (d >> (4*j+2)) & 0x3;
20001286:	00e7d513          	srli	a0,a5,0xe
2000128a:	00337313          	andi	t1,t1,3
2000128e:	890d                	andi	a0,a0,3
      a = (d >> (4*j+0)) & 0x3;
20001290:	8a0d                	andi	a2,a2,3
20001292:	0032f293          	andi	t0,t0,3
      r->coeffs[8*i+j] = a - b;
20001296:	40660633          	sub	a2,a2,t1
2000129a:	40a282b3          	sub	t0,t0,a0
      a = (d >> (4*j+0)) & 0x3;
2000129e:	0107d313          	srli	t1,a5,0x10
      b = (d >> (4*j+2)) & 0x3;
200012a2:	0127d513          	srli	a0,a5,0x12
200012a6:	890d                	andi	a0,a0,3
      a = (d >> (4*j+0)) & 0x3;
200012a8:	00337313          	andi	t1,t1,3
      r->coeffs[8*i+j] = a - b;
200012ac:	40a30333          	sub	t1,t1,a0
200012b0:	00b71023          	sh	a1,0(a4)
      a = (d >> (4*j+0)) & 0x3;
200012b4:	0147d513          	srli	a0,a5,0x14
      b = (d >> (4*j+2)) & 0x3;
200012b8:	0167d593          	srli	a1,a5,0x16
200012bc:	898d                	andi	a1,a1,3
      a = (d >> (4*j+0)) & 0x3;
200012be:	890d                	andi	a0,a0,3
      r->coeffs[8*i+j] = a - b;
200012c0:	8d0d                	sub	a0,a0,a1
200012c2:	00c71123          	sh	a2,2(a4)
      a = (d >> (4*j+0)) & 0x3;
200012c6:	0187d593          	srli	a1,a5,0x18
      b = (d >> (4*j+2)) & 0x3;
200012ca:	01a7d613          	srli	a2,a5,0x1a
200012ce:	8a0d                	andi	a2,a2,3
      a = (d >> (4*j+0)) & 0x3;
200012d0:	898d                	andi	a1,a1,3
      r->coeffs[8*i+j] = a - b;
200012d2:	8d91                	sub	a1,a1,a2
      a = (d >> (4*j+0)) & 0x3;
200012d4:	01c7d613          	srli	a2,a5,0x1c
200012d8:	8a0d                	andi	a2,a2,3
      b = (d >> (4*j+2)) & 0x3;
200012da:	83f9                	srli	a5,a5,0x1e
      r->coeffs[8*i+j] = a - b;
200012dc:	8e1d                	sub	a2,a2,a5
200012de:	00771223          	sh	t2,4(a4)
200012e2:	00571323          	sh	t0,6(a4)
200012e6:	00671423          	sh	t1,8(a4)
200012ea:	00a71523          	sh	a0,10(a4)
200012ee:	00b71623          	sh	a1,12(a4)
200012f2:	00c71723          	sh	a2,14(a4)
  for(i=0;i<KYBER_N/8;i++) {
200012f6:	0741                	addi	a4,a4,16
200012f8:	0691                	addi	a3,a3,4
200012fa:	f2971ee3          	bne	a4,s1,20001236 <pqcrystals_kyber512_ref_poly_cbd_eta2+0x2a>
200012fe:	4502                	lw	a0,0(sp)
20001300:	b0002673          	csrr	a2,mcycle
20001304:	b80027f3          	csrr	a5,mcycleh
  cbd2(r, buf);
#else
#error "This implementation requires eta2 = 2"
#endif
  uint32_t cnt2 = cpucycles();
  if(poly_cbd_eta2_cyc != 0){
20001308:	8d81a783          	lw	a5,-1832(gp) # 200100d8 <poly_cbd_eta2_cyc>
    poly_cbd_eta2_cyc = (poly_cbd_eta2_cyc + cnt2-cnt1) /2;
  } else {
    poly_cbd_eta2_cyc = cnt2-cnt1;
2000130c:	40a606b3          	sub	a3,a2,a0
  if(poly_cbd_eta2_cyc != 0){
20001310:	c789                	beqz	a5,2000131a <pqcrystals_kyber512_ref_poly_cbd_eta2+0x10e>
    poly_cbd_eta2_cyc = (poly_cbd_eta2_cyc + cnt2-cnt1) /2;
20001312:	8f89                	sub	a5,a5,a0
20001314:	97b2                	add	a5,a5,a2
20001316:	0017d693          	srli	a3,a5,0x1
  }
}
2000131a:	4422                	lw	s0,8(sp)
2000131c:	8cd1ac23          	sw	a3,-1832(gp) # 200100d8 <poly_cbd_eta2_cyc>
20001320:	4492                	lw	s1,4(sp)
20001322:	0131                	addi	sp,sp,12
20001324:	8082                	ret

20001326 <KeccakF1600_StatePermute>:
*
* Arguments:   - uint64_t *state: pointer to input/output Keccak state
**************************************************/
static void KeccakF1600_StatePermute(uint64_t state[25])
{
        n_statepermute++; 
20001326:	91c1a783          	lw	a5,-1764(gp) # 2001011c <n_statepermute>
{
2000132a:	eb410113          	addi	sp,sp,-332
2000132e:	14812423          	sw	s0,328(sp)
        n_statepermute++; 
20001332:	0785                	addi	a5,a5,1
{
20001334:	14912223          	sw	s1,324(sp)
        n_statepermute++; 
20001338:	90f1ae23          	sw	a5,-1764(gp) # 2001011c <n_statepermute>
2000133c:	b0002773          	csrr	a4,mcycle
20001340:	b80027f3          	csrr	a5,mcycleh
        uint64_t Eka, Eke, Eki, Eko, Eku;
        uint64_t Ema, Eme, Emi, Emo, Emu;
        uint64_t Esa, Ese, Esi, Eso, Esu;

        //copyFromState(A, state)
        Aba = state[ 0];
20001344:	4114                	lw	a3,0(a0)
20001346:	200007b7          	lui	a5,0x20000
2000134a:	70878793          	addi	a5,a5,1800 # 20000708 <KeccakF_RoundConstants>
2000134e:	d6b6                	sw	a3,108(sp)
20001350:	4154                	lw	a3,4(a0)
20001352:	d8b6                	sw	a3,112(sp)
        Abe = state[ 1];
20001354:	4514                	lw	a3,8(a0)
20001356:	c5b6                	sw	a3,200(sp)
20001358:	4554                	lw	a3,12(a0)
2000135a:	dab6                	sw	a3,116(sp)
        Abi = state[ 2];
2000135c:	4914                	lw	a3,16(a0)
2000135e:	c7b6                	sw	a3,204(sp)
20001360:	4954                	lw	a3,20(a0)
20001362:	dcb6                	sw	a3,120(sp)
        Abo = state[ 3];
20001364:	4d14                	lw	a3,24(a0)
20001366:	deb6                	sw	a3,124(sp)
20001368:	4d54                	lw	a3,28(a0)
2000136a:	c136                	sw	a3,128(sp)
        Abu = state[ 4];
2000136c:	5114                	lw	a3,32(a0)
2000136e:	c336                	sw	a3,132(sp)
20001370:	5154                	lw	a3,36(a0)
20001372:	c536                	sw	a3,136(sp)
        Aga = state[ 5];
20001374:	5514                	lw	a3,40(a0)
20001376:	c736                	sw	a3,140(sp)
20001378:	5554                	lw	a3,44(a0)
2000137a:	c936                	sw	a3,144(sp)
        Age = state[ 6];
2000137c:	5914                	lw	a3,48(a0)
2000137e:	cb36                	sw	a3,148(sp)
20001380:	5954                	lw	a3,52(a0)
20001382:	cd36                	sw	a3,152(sp)
        Agi = state[ 7];
20001384:	5d14                	lw	a3,56(a0)
20001386:	cf36                	sw	a3,156(sp)
20001388:	5d54                	lw	a3,60(a0)
2000138a:	d136                	sw	a3,160(sp)
        Ago = state[ 8];
2000138c:	4134                	lw	a3,64(a0)
2000138e:	d336                	sw	a3,164(sp)
20001390:	4174                	lw	a3,68(a0)
20001392:	d536                	sw	a3,168(sp)
        Agu = state[ 9];
20001394:	4534                	lw	a3,72(a0)
20001396:	d736                	sw	a3,172(sp)
20001398:	4574                	lw	a3,76(a0)
2000139a:	d936                	sw	a3,176(sp)
        Aka = state[10];
2000139c:	4934                	lw	a3,80(a0)
2000139e:	db36                	sw	a3,180(sp)
200013a0:	4974                	lw	a3,84(a0)
200013a2:	dd36                	sw	a3,184(sp)
        Ake = state[11];
200013a4:	4d34                	lw	a3,88(a0)
200013a6:	c9b6                	sw	a3,208(sp)
200013a8:	4d74                	lw	a3,92(a0)
200013aa:	df36                	sw	a3,188(sp)
        Aki = state[12];
200013ac:	5134                	lw	a3,96(a0)
200013ae:	c1b6                	sw	a3,192(sp)
200013b0:	5174                	lw	a3,100(a0)
200013b2:	cbb6                	sw	a3,212(sp)
        Ako = state[13];
200013b4:	5534                	lw	a3,104(a0)
200013b6:	cdb6                	sw	a3,216(sp)
200013b8:	5574                	lw	a3,108(a0)
200013ba:	cfb6                	sw	a3,220(sp)
        Aku = state[14];
200013bc:	5934                	lw	a3,112(a0)
200013be:	d1b6                	sw	a3,224(sp)
200013c0:	5974                	lw	a3,116(a0)
200013c2:	d3b6                	sw	a3,228(sp)
        Ama = state[15];
200013c4:	5d34                	lw	a3,120(a0)
200013c6:	d5b6                	sw	a3,232(sp)
200013c8:	5d74                	lw	a3,124(a0)
200013ca:	d7b6                	sw	a3,236(sp)
        Ame = state[16];
200013cc:	08052683          	lw	a3,128(a0)
200013d0:	d036                	sw	a3,32(sp)
200013d2:	08452683          	lw	a3,132(a0)
200013d6:	d236                	sw	a3,36(sp)
        Ami = state[17];
200013d8:	08852683          	lw	a3,136(a0)
200013dc:	d836                	sw	a3,48(sp)
200013de:	08c52683          	lw	a3,140(a0)
200013e2:	da36                	sw	a3,52(sp)
        Amo = state[18];
200013e4:	09052683          	lw	a3,144(a0)
200013e8:	d436                	sw	a3,40(sp)
200013ea:	09452683          	lw	a3,148(a0)
200013ee:	d636                	sw	a3,44(sp)
        Amu = state[19];
200013f0:	09852683          	lw	a3,152(a0)
200013f4:	c0b6                	sw	a3,64(sp)
200013f6:	09c52683          	lw	a3,156(a0)
200013fa:	dc36                	sw	a3,56(sp)
        Asa = state[20];
200013fc:	0a052683          	lw	a3,160(a0)
20001400:	de36                	sw	a3,60(sp)
20001402:	0a452683          	lw	a3,164(a0)
20001406:	c2b6                	sw	a3,68(sp)
        Ase = state[21];
20001408:	0a852683          	lw	a3,168(a0)
2000140c:	c8b6                	sw	a3,80(sp)
2000140e:	0ac52683          	lw	a3,172(a0)
20001412:	cab6                	sw	a3,84(sp)
        Asi = state[22];
20001414:	0b052683          	lw	a3,176(a0)
20001418:	c4b6                	sw	a3,72(sp)
2000141a:	0b452683          	lw	a3,180(a0)
2000141e:	c6b6                	sw	a3,76(sp)
        Aso = state[23];
20001420:	0b852683          	lw	a3,184(a0)
20001424:	d0b6                	sw	a3,96(sp)
20001426:	0bc52683          	lw	a3,188(a0)
2000142a:	ccb6                	sw	a3,88(sp)
        Asu = state[24];
2000142c:	0c052683          	lw	a3,192(a0)
20001430:	c03e                	sw	a5,0(sp)
20001432:	12a12e23          	sw	a0,316(sp)
20001436:	ce36                	sw	a3,28(sp)
20001438:	0c452683          	lw	a3,196(a0)
2000143c:	14e12023          	sw	a4,320(sp)
20001440:	d2b6                	sw	a3,100(sp)

        for(round = 0; round < NROUNDS; round += 2) {
            //    prepareTheta
            BCa = Aba^Aga^Aka^Ama^Asa;
20001442:	57b6                	lw	a5,108(sp)
20001444:	473a                	lw	a4,140(sp)
20001446:	5646                	lw	a2,112(sp)
20001448:	454a                	lw	a0,144(sp)
            BCe = Abe^Age^Ake^Ame^Ase;
            BCi = Abi^Agi^Aki^Ami^Asi;
            BCo = Abo^Ago^Ako^Amo^Aso;
2000144a:	54f6                	lw	s1,124(sp)
            BCa = Aba^Aga^Aka^Ama^Asa;
2000144c:	00e7c433          	xor	s0,a5,a4
            BCo = Abo^Ago^Ako^Amo^Aso;
20001450:	529a                	lw	t0,164(sp)
20001452:	478a                	lw	a5,128(sp)
20001454:	572a                	lw	a4,168(sp)
            BCa = Aba^Aga^Aka^Ama^Asa;
20001456:	00a643b3          	xor	t2,a2,a0
            BCo = Abo^Ago^Ako^Amo^Aso;
2000145a:	0054c2b3          	xor	t0,s1,t0
            BCi = Abi^Agi^Aki^Ami^Asi;
2000145e:	463e                	lw	a2,204(sp)
20001460:	54e6                	lw	s1,120(sp)
            BCo = Abo^Ago^Ako^Amo^Aso;
20001462:	00e7c333          	xor	t1,a5,a4
            BCi = Abi^Agi^Aki^Ami^Asi;
20001466:	457a                	lw	a0,156(sp)
20001468:	578a                	lw	a5,160(sp)
            BCu = Abu^Agu^Aku^Amu^Asu;
2000146a:	471a                	lw	a4,132(sp)
            BCi = Abi^Agi^Aki^Ami^Asi;
2000146c:	8d31                	xor	a0,a0,a2
2000146e:	00f4c5b3          	xor	a1,s1,a5
            BCu = Abu^Agu^Aku^Amu^Asu;
20001472:	563a                	lw	a2,172(sp)
20001474:	44aa                	lw	s1,136(sp)
20001476:	57ca                	lw	a5,176(sp)
20001478:	8e39                	xor	a2,a2,a4
            BCe = Abe^Age^Ake^Ame^Ase;
2000147a:	472e                	lw	a4,200(sp)
            BCu = Abu^Agu^Aku^Amu^Asu;
2000147c:	00f4c6b3          	xor	a3,s1,a5
            BCe = Abe^Age^Ake^Ame^Ase;
20001480:	44da                	lw	s1,148(sp)
20001482:	57d6                	lw	a5,116(sp)
20001484:	8f25                	xor	a4,a4,s1
20001486:	44ea                	lw	s1,152(sp)
20001488:	8fa5                	xor	a5,a5,s1
            BCa = Aba^Aga^Aka^Ama^Asa;
2000148a:	54da                	lw	s1,180(sp)
2000148c:	8c25                	xor	s0,s0,s1
2000148e:	54ea                	lw	s1,184(sp)
20001490:	0093c3b3          	xor	t2,t2,s1
            BCo = Abo^Ago^Ako^Amo^Aso;
20001494:	44ee                	lw	s1,216(sp)
20001496:	0092c2b3          	xor	t0,t0,s1
2000149a:	44fe                	lw	s1,220(sp)
2000149c:	00934333          	xor	t1,t1,s1
            BCi = Abi^Agi^Aki^Ami^Asi;
200014a0:	448e                	lw	s1,192(sp)
200014a2:	8d25                	xor	a0,a0,s1
200014a4:	44de                	lw	s1,212(sp)
200014a6:	8da5                	xor	a1,a1,s1
            BCu = Abu^Agu^Aku^Amu^Asu;
200014a8:	548e                	lw	s1,224(sp)
200014aa:	8e25                	xor	a2,a2,s1
200014ac:	549e                	lw	s1,228(sp)
200014ae:	8ea5                	xor	a3,a3,s1
            BCe = Abe^Age^Ake^Ame^Ase;
200014b0:	44ce                	lw	s1,208(sp)
200014b2:	8f25                	xor	a4,a4,s1
200014b4:	54fa                	lw	s1,188(sp)
200014b6:	8fa5                	xor	a5,a5,s1
            BCa = Aba^Aga^Aka^Ama^Asa;
200014b8:	54ae                	lw	s1,232(sp)
200014ba:	8c25                	xor	s0,s0,s1
200014bc:	54be                	lw	s1,236(sp)
200014be:	0093c3b3          	xor	t2,t2,s1
            BCo = Abo^Ago^Ako^Amo^Aso;
200014c2:	54a2                	lw	s1,40(sp)
200014c4:	0092c2b3          	xor	t0,t0,s1
200014c8:	54b2                	lw	s1,44(sp)
200014ca:	00934333          	xor	t1,t1,s1
            BCi = Abi^Agi^Aki^Ami^Asi;
200014ce:	54c2                	lw	s1,48(sp)
200014d0:	8d25                	xor	a0,a0,s1
200014d2:	54d2                	lw	s1,52(sp)
200014d4:	8da5                	xor	a1,a1,s1
            BCu = Abu^Agu^Aku^Amu^Asu;
200014d6:	4486                	lw	s1,64(sp)
200014d8:	8e25                	xor	a2,a2,s1
200014da:	54e2                	lw	s1,56(sp)
200014dc:	8ea5                	xor	a3,a3,s1
            BCe = Abe^Age^Ake^Ame^Ase;
200014de:	5482                	lw	s1,32(sp)
200014e0:	8f25                	xor	a4,a4,s1
200014e2:	5492                	lw	s1,36(sp)
200014e4:	8fa5                	xor	a5,a5,s1
            BCa = Aba^Aga^Aka^Ama^Asa;
200014e6:	54f2                	lw	s1,60(sp)
200014e8:	8c25                	xor	s0,s0,s1
200014ea:	4496                	lw	s1,68(sp)
            //thetaRhoPiChiIotaPrepareTheta(round, A, E)
            Da = BCu^ROL(BCe, 1);
            De = BCa^ROL(BCi, 1);
            Di = BCe^ROL(BCo, 1);
            Do = BCi^ROL(BCu, 1);
            Du = BCo^ROL(BCa, 1);
200014ec:	ca22                	sw	s0,20(sp)
            BCa = Aba^Aga^Aka^Ama^Asa;
200014ee:	0093c4b3          	xor	s1,t2,s1
            BCo = Abo^Ago^Ako^Amo^Aso;
200014f2:	5386                	lw	t2,96(sp)
200014f4:	0072c2b3          	xor	t0,t0,t2
200014f8:	c816                	sw	t0,16(sp)
200014fa:	42e6                	lw	t0,88(sp)
200014fc:	005343b3          	xor	t2,t1,t0
            BCi = Abi^Agi^Aki^Ami^Asi;
20001500:	42a6                	lw	t0,72(sp)
            BCo = Abo^Ago^Ako^Amo^Aso;
20001502:	c21e                	sw	t2,4(sp)
            BCi = Abi^Agi^Aki^Ami^Asi;
20001504:	00554533          	xor	a0,a0,t0
20001508:	82aa                	mv	t0,a0
2000150a:	4536                	lw	a0,76(sp)
            De = BCa^ROL(BCi, 1);
2000150c:	d496                	sw	t0,104(sp)
            BCi = Abi^Agi^Aki^Ami^Asi;
2000150e:	8da9                	xor	a1,a1,a0
20001510:	83ae                	mv	t2,a1
            BCu = Abu^Agu^Aku^Amu^Asu;
20001512:	45f2                	lw	a1,28(sp)
            BCe = Abe^Age^Ake^Ame^Ase;
20001514:	4556                	lw	a0,84(sp)
            BCu = Abu^Agu^Aku^Amu^Asu;
20001516:	8e2d                	xor	a2,a2,a1
20001518:	8332                	mv	t1,a2
            BCe = Abe^Age^Ake^Ame^Ase;
2000151a:	45c6                	lw	a1,80(sp)
            BCu = Abu^Agu^Aku^Amu^Asu;
2000151c:	5616                	lw	a2,100(sp)
            Do = BCi^ROL(BCu, 1);
2000151e:	d99a                	sw	t1,240(sp)
            BCe = Abe^Age^Ake^Ame^Ase;
20001520:	8f2d                	xor	a4,a4,a1
            BCu = Abu^Agu^Aku^Amu^Asu;
20001522:	8eb1                	xor	a3,a3,a2
20001524:	c636                	sw	a3,12(sp)
            BCe = Abe^Age^Ake^Ame^Ase;
20001526:	00a7c633          	xor	a2,a5,a0
2000152a:	c43a                	sw	a4,8(sp)
            Du = BCo^ROL(BCa, 1);
2000152c:	87a6                	mv	a5,s1
2000152e:	01f45713          	srli	a4,s0,0x1f
20001532:	dbba                	sw	a4,244(sp)
20001534:	00141513          	slli	a0,s0,0x1
20001538:	80fd                	srli	s1,s1,0x1f
2000153a:	cebe                	sw	a5,92(sp)
2000153c:	00179593          	slli	a1,a5,0x1
            Do = BCi^ROL(BCu, 1);
20001540:	47b2                	lw	a5,12(sp)
            Du = BCo^ROL(BCa, 1);
20001542:	8d45                	or	a0,a0,s1
20001544:	54de                	lw	s1,244(sp)
            De = BCa^ROL(BCi, 1);
20001546:	869e                	mv	a3,t2
20001548:	01f3d413          	srli	s0,t2,0x1f
            BCe = Abe^Age^Ake^Ame^Ase;
2000154c:	cc32                	sw	a2,24(sp)
            De = BCa^ROL(BCi, 1);
2000154e:	01f2d393          	srli	t2,t0,0x1f
20001552:	00129613          	slli	a2,t0,0x1
20001556:	c3b6                	sw	a3,196(sp)
            Do = BCi^ROL(BCu, 1);
20001558:	01f7d293          	srli	t0,a5,0x1f
2000155c:	00131713          	slli	a4,t1,0x1
            De = BCa^ROL(BCi, 1);
20001560:	0686                	slli	a3,a3,0x1
            Do = BCi^ROL(BCu, 1);
20001562:	00e2e733          	or	a4,t0,a4
20001566:	01f35313          	srli	t1,t1,0x1f
            Du = BCo^ROL(BCa, 1);
2000156a:	8dc5                	or	a1,a1,s1
            De = BCa^ROL(BCi, 1);
2000156c:	00d3e6b3          	or	a3,t2,a3
            Da = BCu^ROL(BCe, 1);
20001570:	44a2                	lw	s1,8(sp)
            Do = BCi^ROL(BCu, 1);
20001572:	0786                	slli	a5,a5,0x1
            Da = BCu^ROL(BCe, 1);
20001574:	43e2                	lw	t2,24(sp)
20001576:	42e2                	lw	t0,24(sp)
            Do = BCi^ROL(BCu, 1);
20001578:	00f367b3          	or	a5,t1,a5
            Di = BCe^ROL(BCo, 1);
2000157c:	4312                	lw	t1,4(sp)
            De = BCa^ROL(BCi, 1);
2000157e:	8e41                	or	a2,a2,s0
            Da = BCu^ROL(BCe, 1);
20001580:	01f3d393          	srli	t2,t2,0x1f
20001584:	00149413          	slli	s0,s1,0x1
20001588:	0286                	slli	t0,t0,0x1
2000158a:	80fd                	srli	s1,s1,0x1f
2000158c:	0083e3b3          	or	t2,t2,s0
20001590:	0054e2b3          	or	t0,s1,t0
            Di = BCe^ROL(BCo, 1);
20001594:	01f35413          	srli	s0,t1,0x1f
20001598:	00131493          	slli	s1,t1,0x1
2000159c:	4342                	lw	t1,16(sp)
2000159e:	0306                	slli	t1,t1,0x1
200015a0:	00646433          	or	s0,s0,t1
200015a4:	4342                	lw	t1,16(sp)
200015a6:	01f35313          	srli	t1,t1,0x1f
200015aa:	00936333          	or	t1,t1,s1
            Du = BCo^ROL(BCa, 1);
200015ae:	44c2                	lw	s1,16(sp)
200015b0:	8d25                	xor	a0,a0,s1
200015b2:	4492                	lw	s1,4(sp)
200015b4:	8da5                	xor	a1,a1,s1
            De = BCa^ROL(BCi, 1);
200015b6:	44d2                	lw	s1,20(sp)
200015b8:	8e25                	xor	a2,a2,s1
200015ba:	44f6                	lw	s1,92(sp)
200015bc:	c232                	sw	a2,4(sp)
200015be:	8ea5                	xor	a3,a3,s1
            Do = BCi^ROL(BCu, 1);
200015c0:	54a6                	lw	s1,104(sp)
            De = BCa^ROL(BCi, 1);
200015c2:	ca36                	sw	a3,20(sp)
            Do = BCi^ROL(BCu, 1);
200015c4:	009746b3          	xor	a3,a4,s1
200015c8:	471e                	lw	a4,196(sp)
200015ca:	8f3d                	xor	a4,a4,a5
            Da = BCu^ROL(BCe, 1);
200015cc:	57ce                	lw	a5,240(sp)
200015ce:	00f3c633          	xor	a2,t2,a5
200015d2:	47b2                	lw	a5,12(sp)
            BCe = ROL(Age, 44);
            Aki ^= Di;
            BCi = ROL(Aki, 43);
            Amo ^= Do;
            BCo = ROL(Amo, 21);
            Asu ^= Du;
200015d4:	43f2                	lw	t2,28(sp)
            Ebo =   BCo ^((~BCu)&  BCa );
            Ebu =   BCu ^((~BCa)&  BCe );

            Abo ^= Do;
            BCa = ROL(Abo, 28);
            Agu ^= Du;
200015d6:	ce2a                	sw	a0,28(sp)
            Da = BCu^ROL(BCe, 1);
200015d8:	00f2c4b3          	xor	s1,t0,a5
            Di = BCe^ROL(BCo, 1);
200015dc:	42a2                	lw	t0,8(sp)
            Da = BCu^ROL(BCe, 1);
200015de:	c826                	sw	s1,16(sp)
            Asu ^= Du;
200015e0:	007544b3          	xor	s1,a0,t2
            Di = BCe^ROL(BCo, 1);
200015e4:	005447b3          	xor	a5,s0,t0
200015e8:	42e2                	lw	t0,24(sp)
200015ea:	c43e                	sw	a5,8(sp)
            Asu ^= Du;
200015ec:	5396                	lw	t2,100(sp)
            Di = BCe^ROL(BCo, 1);
200015ee:	005347b3          	xor	a5,t1,t0
            Agu ^= Du;
200015f2:	52ba                	lw	t0,172(sp)
            Abo ^= Do;
200015f4:	5376                	lw	t1,124(sp)
            Asu ^= Du;
200015f6:	0075c433          	xor	s0,a1,t2
            Agu ^= Du;
200015fa:	005542b3          	xor	t0,a0,t0
200015fe:	db96                	sw	t0,244(sp)
20001600:	52ca                	lw	t0,176(sp)
            Abo ^= Do;
20001602:	0066c533          	xor	a0,a3,t1
            Amo ^= Do;
20001606:	5332                	lw	t1,44(sp)
            Agu ^= Du;
20001608:	0055c2b3          	xor	t0,a1,t0
2000160c:	d996                	sw	t0,240(sp)
            Amo ^= Do;
2000160e:	52a2                	lw	t0,40(sp)
20001610:	006743b3          	xor	t2,a4,t1
            Di = BCe^ROL(BCo, 1);
20001614:	c63e                	sw	a5,12(sp)
            Amo ^= Do;
20001616:	0056c2b3          	xor	t0,a3,t0
            Asu ^= Du;
2000161a:	d4a2                	sw	s0,104(sp)
            Abo ^= Do;
2000161c:	cc36                	sw	a3,24(sp)
2000161e:	430a                	lw	t1,128(sp)
            Age ^= De;
20001620:	4792                	lw	a5,4(sp)
20001622:	46da                	lw	a3,148(sp)
            Abo ^= Do;
20001624:	00674333          	xor	t1,a4,t1
            Age ^= De;
20001628:	00d7c433          	xor	s0,a5,a3
            BCe = ROL(Agu, 20);
            Aka ^= Da;
            BCi = ROL(Aka,  3);
            Ame ^= De;
2000162c:	5682                	lw	a3,32(sp)
            Age ^= De;
2000162e:	cea2                	sw	s0,92(sp)
            Ame ^= De;
20001630:	00d7c433          	xor	s0,a5,a3
            Ege =   BCe ^((~BCi)&  BCo );
            Egi =   BCi ^((~BCo)&  BCu );
            Ego =   BCo ^((~BCu)&  BCa );
            Egu =   BCu ^((~BCa)&  BCe );

            Abe ^= De;
20001634:	46ae                	lw	a3,200(sp)
            Ame ^= De;
20001636:	dea2                	sw	s0,124(sp)
            Abe ^= De;
20001638:	00d7c433          	xor	s0,a5,a3
2000163c:	c3a2                	sw	s0,196(sp)
            Age ^= De;
2000163e:	47d2                	lw	a5,20(sp)
20001640:	446a                	lw	s0,152(sp)
            Aka ^= Da;
20001642:	56ea                	lw	a3,184(sp)
            Age ^= De;
20001644:	8c3d                	xor	s0,s0,a5
20001646:	d2a2                	sw	s0,100(sp)
            Ame ^= De;
20001648:	5412                	lw	s0,36(sp)
2000164a:	8c3d                	xor	s0,s0,a5
2000164c:	cb22                	sw	s0,148(sp)
            Abe ^= De;
2000164e:	5456                	lw	s0,116(sp)
20001650:	8c3d                	xor	s0,s0,a5
20001652:	c5a2                	sw	s0,200(sp)
            Aka ^= Da;
20001654:	545a                	lw	s0,180(sp)
            Aki ^= Di;
20001656:	47a2                	lw	a5,8(sp)
            Aka ^= Da;
20001658:	8c31                	xor	s0,s0,a2
2000165a:	dda2                	sw	s0,248(sp)
2000165c:	4442                	lw	s0,16(sp)
2000165e:	8c35                	xor	s0,s0,a3
            Aki ^= Di;
20001660:	468e                	lw	a3,192(sp)
            Aka ^= Da;
20001662:	dd22                	sw	s0,184(sp)
            Aki ^= Di;
20001664:	8ebd                	xor	a3,a3,a5
20001666:	c136                	sw	a3,128(sp)
            Asi ^= Di;
20001668:	46a6                	lw	a3,72(sp)
2000166a:	00d7c433          	xor	s0,a5,a3
2000166e:	daa2                	sw	s0,116(sp)
            Aki ^= Di;
20001670:	46b2                	lw	a3,12(sp)
20001672:	445e                	lw	s0,212(sp)
20001674:	8c35                	xor	s0,s0,a3
20001676:	d922                	sw	s0,176(sp)
            Asi ^= Di;
20001678:	4436                	lw	s0,76(sp)
2000167a:	8c35                	xor	s0,s0,a3
2000167c:	d722                	sw	s0,172(sp)
            BCu = ROL(Asu, 14);
2000167e:	00e49413          	slli	s0,s1,0xe
20001682:	80c9                	srli	s1,s1,0x12
20001684:	d422                	sw	s0,40(sp)
20001686:	d626                	sw	s1,44(sp)
20001688:	54a6                	lw	s1,104(sp)
            BCa = ROL(Abe,  1);
            Agi ^= Di;
            BCe = ROL(Agi,  6);
            Ako ^= Do;
            BCi = ROL(Ako, 25);
            Amu ^= Du;
2000168a:	4686                	lw	a3,64(sp)
            BCu = ROL(Asu, 14);
2000168c:	0124d413          	srli	s0,s1,0x12
20001690:	d022                	sw	s0,32(sp)
20001692:	00e49413          	slli	s0,s1,0xe
            Amu ^= Du;
20001696:	44f2                	lw	s1,28(sp)
20001698:	8ea5                	xor	a3,a3,s1
2000169a:	10d12223          	sw	a3,260(sp)
2000169e:	56e2                	lw	a3,56(sp)
200016a0:	00d5c4b3          	xor	s1,a1,a3
200016a4:	10912423          	sw	s1,264(sp)
            Ako ^= Do;
200016a8:	46e2                	lw	a3,24(sp)
200016aa:	44ee                	lw	s1,216(sp)
200016ac:	8cb5                	xor	s1,s1,a3
200016ae:	dfa6                	sw	s1,252(sp)
200016b0:	44fe                	lw	s1,220(sp)
            BCo = ROL(Amu,  8);
            Asa ^= Da;
200016b2:	56f2                	lw	a3,60(sp)
            Ako ^= Do;
200016b4:	8cb9                	xor	s1,s1,a4
200016b6:	10912023          	sw	s1,256(sp)
            Asa ^= Da;
200016ba:	00d644b3          	xor	s1,a2,a3
200016be:	10912623          	sw	s1,268(sp)
200016c2:	4696                	lw	a3,68(sp)
200016c4:	44c2                	lw	s1,16(sp)
200016c6:	8cb5                	xor	s1,s1,a3
            Agi ^= Di;
200016c8:	46fa                	lw	a3,156(sp)
            Asa ^= Da;
200016ca:	10912823          	sw	s1,272(sp)
            Agi ^= Di;
200016ce:	00d7c4b3          	xor	s1,a5,a3
200016d2:	568a                	lw	a3,160(sp)
200016d4:	47b2                	lw	a5,12(sp)
200016d6:	cda6                	sw	s1,216(sp)
200016d8:	00d7c4b3          	xor	s1,a5,a3
200016dc:	cfa6                	sw	s1,220(sp)
            BCo = ROL(Amo, 21);
200016de:	00b3d493          	srli	s1,t2,0xb
200016e2:	d226                	sw	s1,36(sp)
            BCa = ROL(Abo, 28);
200016e4:	00435493          	srli	s1,t1,0x4
200016e8:	c0a6                	sw	s1,64(sp)
200016ea:	01c51493          	slli	s1,a0,0x1c
200016ee:	c2a6                	sw	s1,68(sp)
            BCo = ROL(Ame, 45);
200016f0:	44da                	lw	s1,148(sp)
            BCo = ROL(Amo, 21);
200016f2:	01529693          	slli	a3,t0,0x15
200016f6:	de36                	sw	a3,60(sp)
            BCo = ROL(Ame, 45);
200016f8:	00d49693          	slli	a3,s1,0xd
200016fc:	c4b6                	sw	a3,72(sp)
200016fe:	56f6                	lw	a3,124(sp)
20001700:	80cd                	srli	s1,s1,0x13
20001702:	cd26                	sw	s1,152(sp)
20001704:	0136d493          	srli	s1,a3,0x13
20001708:	06b6                	slli	a3,a3,0xd
2000170a:	cb36                	sw	a3,148(sp)
2000170c:	c6a6                	sw	s1,76(sp)
            BCu = ROL(Asi, 61);
2000170e:	54ba                	lw	s1,172(sp)
            BCe = ROL(Aga, 36);
            Ake ^= De;
            BCi = ROL(Ake, 10);
            Ami ^= Di;
            BCo = ROL(Ami, 15);
            Aso ^= Do;
20001710:	47e2                	lw	a5,24(sp)
            BCo = ROL(Amo, 21);
20001712:	03d6                	slli	t2,t2,0x15
            BCu = ROL(Asi, 61);
20001714:	01d49693          	slli	a3,s1,0x1d
20001718:	808d                	srli	s1,s1,0x3
2000171a:	db26                	sw	s1,180(sp)
2000171c:	54d6                	lw	s1,116(sp)
2000171e:	cf36                	sw	a3,156(sp)
            BCo = ROL(Amo, 21);
20001720:	00b2d293          	srli	t0,t0,0xb
            BCu = ROL(Asi, 61);
20001724:	0034d693          	srli	a3,s1,0x3
20001728:	04f6                	slli	s1,s1,0x1d
2000172a:	d726                	sw	s1,172(sp)
            BCa = ROL(Abe,  1);
2000172c:	44ae                	lw	s1,200(sp)
            BCu = ROL(Asi, 61);
2000172e:	d136                	sw	a3,160(sp)
            BCo = ROL(Amo, 21);
20001730:	0072e2b3          	or	t0,t0,t2
            BCa = ROL(Abe,  1);
20001734:	01f4d693          	srli	a3,s1,0x1f
20001738:	c1b6                	sw	a3,192(sp)
2000173a:	469e                	lw	a3,196(sp)
2000173c:	0486                	slli	s1,s1,0x1
2000173e:	cba6                	sw	s1,212(sp)
20001740:	00169493          	slli	s1,a3,0x1
20001744:	c3a6                	sw	s1,196(sp)
20001746:	01f6d493          	srli	s1,a3,0x1f
2000174a:	c5a6                	sw	s1,200(sp)
            BCu = ROL(Asu, 14);
2000174c:	5682                	lw	a3,32(sp)
2000174e:	54a2                	lw	s1,40(sp)
            BCa = ROL(Abo, 28);
20001750:	8111                	srli	a0,a0,0x4
20001752:	0372                	slli	t1,t1,0x1c
            BCu = ROL(Asu, 14);
20001754:	8cd5                	or	s1,s1,a3
            BCe = ROL(Age, 44);
20001756:	5696                	lw	a3,100(sp)
            BCu = ROL(Asu, 14);
20001758:	d426                	sw	s1,40(sp)
            BCa = ROL(Abo, 28);
2000175a:	00656333          	or	t1,a0,t1
            BCe = ROL(Age, 44);
2000175e:	00c69493          	slli	s1,a3,0xc
20001762:	d026                	sw	s1,32(sp)
20001764:	0146d493          	srli	s1,a3,0x14
20001768:	d4a6                	sw	s1,104(sp)
            BCu = ROL(Asu, 14);
2000176a:	54b2                	lw	s1,44(sp)
            Abu ^= Du;
2000176c:	469a                	lw	a3,132(sp)
            BCu = ROL(Asu, 14);
2000176e:	8c45                	or	s0,s0,s1
20001770:	d622                	sw	s0,44(sp)
            BCe = ROL(Age, 44);
20001772:	4476                	lw	s0,92(sp)
            Aso ^= Do;
20001774:	ceba                	sw	a4,92(sp)
            BCe = ROL(Age, 44);
20001776:	01445493          	srli	s1,s0,0x14
2000177a:	dc26                	sw	s1,56(sp)
            Abu ^= Du;
2000177c:	44f2                	lw	s1,28(sp)
            BCe = ROL(Age, 44);
2000177e:	0432                	slli	s0,s0,0xc
20001780:	d2a2                	sw	s0,100(sp)
            Abu ^= Du;
20001782:	00d4c433          	xor	s0,s1,a3
20001786:	46aa                	lw	a3,136(sp)
20001788:	00d5c4b3          	xor	s1,a1,a3
            Aso ^= Do;
2000178c:	5686                	lw	a3,96(sp)
2000178e:	8ebd                	xor	a3,a3,a5
20001790:	12d12623          	sw	a3,300(sp)
20001794:	46e6                	lw	a3,88(sp)
20001796:	8f35                	xor	a4,a4,a3
20001798:	12e12823          	sw	a4,304(sp)
            Ake ^= De;
2000179c:	4712                	lw	a4,4(sp)
2000179e:	46ce                	lw	a3,208(sp)
200017a0:	47d2                	lw	a5,20(sp)
200017a2:	8f35                	xor	a4,a4,a3
200017a4:	56fa                	lw	a3,188(sp)
200017a6:	12e12023          	sw	a4,288(sp)
200017aa:	00d7c733          	xor	a4,a5,a3
            Aga ^= Da;
200017ae:	46ba                	lw	a3,140(sp)
            Ake ^= De;
200017b0:	10e12e23          	sw	a4,284(sp)
            Aga ^= Da;
200017b4:	00d64733          	xor	a4,a2,a3
200017b8:	10e12a23          	sw	a4,276(sp)
200017bc:	46ca                	lw	a3,144(sp)
200017be:	4742                	lw	a4,16(sp)
200017c0:	8f35                	xor	a4,a4,a3
200017c2:	10e12c23          	sw	a4,280(sp)
            Ami ^= Di;
200017c6:	56c2                	lw	a3,48(sp)
200017c8:	4722                	lw	a4,8(sp)
200017ca:	8eb9                	xor	a3,a3,a4
200017cc:	12d12223          	sw	a3,292(sp)
200017d0:	4732                	lw	a4,12(sp)
200017d2:	56d2                	lw	a3,52(sp)
200017d4:	8eb9                	xor	a3,a3,a4
200017d6:	12d12423          	sw	a3,296(sp)
            BCo = ROL(Amo, 21);
200017da:	5712                	lw	a4,36(sp)
200017dc:	56f2                	lw	a3,60(sp)
200017de:	8f55                	or	a4,a4,a3
            BCe = ROL(Agu, 20);
200017e0:	56ce                	lw	a3,240(sp)
            BCo = ROL(Amo, 21);
200017e2:	d23a                	sw	a4,36(sp)
200017e4:	d996                	sw	t0,240(sp)
            BCe = ROL(Agu, 20);
200017e6:	00c6d713          	srli	a4,a3,0xc
200017ea:	da3a                	sw	a4,52(sp)
200017ec:	01469713          	slli	a4,a3,0x14
200017f0:	56de                	lw	a3,244(sp)
200017f2:	deba                	sw	a4,124(sp)
200017f4:	01469293          	slli	t0,a3,0x14
200017f8:	00c6d393          	srli	t2,a3,0xc
200017fc:	d096                	sw	t0,96(sp)
200017fe:	da9e                	sw	t2,116(sp)
            BCa = ROL(Abo, 28);
20001800:	4286                	lw	t0,64(sp)
20001802:	4396                	lw	t2,68(sp)
20001804:	0072e3b3          	or	t2,t0,t2
            BCi = ROL(Aki, 43);
20001808:	52ca                	lw	t0,176(sp)
            BCa = ROL(Abo, 28);
2000180a:	d81e                	sw	t2,48(sp)
            BCi = ROL(Aki, 43);
2000180c:	00b29393          	slli	t2,t0,0xb
20001810:	0152d293          	srli	t0,t0,0x15
20001814:	cc96                	sw	t0,88(sp)
            BCa = ROL(Abo, 28);
20001816:	d91a                	sw	t1,176(sp)
            BCi = ROL(Aki, 43);
20001818:	450a                	lw	a0,128(sp)
            BCo = ROL(Ame, 45);
2000181a:	4336                	lw	t1,76(sp)
            BCi = ROL(Aka,  3);
2000181c:	56ea                	lw	a3,184(sp)
            BCi = ROL(Aki, 43);
2000181e:	01555293          	srli	t0,a0,0x15
20001822:	052e                	slli	a0,a0,0xb
20001824:	ca2a                	sw	a0,20(sp)
            BCo = ROL(Ame, 45);
20001826:	4526                	lw	a0,72(sp)
            BCu = ROL(Asi, 61);
20001828:	570a                	lw	a4,160(sp)
            BCi = ROL(Aki, 43);
2000182a:	0053e2b3          	or	t0,t2,t0
            BCo = ROL(Ame, 45);
2000182e:	00656533          	or	a0,a0,t1
20001832:	de2a                	sw	a0,60(sp)
            BCi = ROL(Aka,  3);
20001834:	00369513          	slli	a0,a3,0x3
20001838:	01d6d313          	srli	t1,a3,0x1d
2000183c:	c72a                	sw	a0,140(sp)
            BCo = ROL(Ame, 45);
2000183e:	46da                	lw	a3,148(sp)
20001840:	456a                	lw	a0,152(sp)
            BCi = ROL(Aka,  3);
20001842:	c11a                	sw	t1,128(sp)
            BCo = ROL(Ame, 45);
20001844:	8d55                	or	a0,a0,a3
            BCi = ROL(Aka,  3);
20001846:	56ee                	lw	a3,248(sp)
            BCo = ROL(Ame, 45);
20001848:	dd2a                	sw	a0,184(sp)
            BCi = ROL(Aka,  3);
2000184a:	01d6d313          	srli	t1,a3,0x1d
2000184e:	00369513          	slli	a0,a3,0x3
            BCu = ROL(Asi, 61);
20001852:	46fa                	lw	a3,156(sp)
            BCi = ROL(Aka,  3);
20001854:	c31a                	sw	t1,132(sp)
            BCu = ROL(Asi, 61);
20001856:	8f55                	or	a4,a4,a3
20001858:	c0ba                	sw	a4,64(sp)
2000185a:	56da                	lw	a3,180(sp)
2000185c:	573a                	lw	a4,172(sp)
2000185e:	8f55                	or	a4,a4,a3
20001860:	c2ba                	sw	a4,68(sp)
            BCa = ROL(Abe,  1);
20001862:	468e                	lw	a3,192(sp)
20001864:	471e                	lw	a4,196(sp)
20001866:	8f55                	or	a4,a4,a3
20001868:	c4ba                	sw	a4,72(sp)
2000186a:	46de                	lw	a3,212(sp)
2000186c:	472e                	lw	a4,200(sp)
2000186e:	8f55                	or	a4,a4,a3
            BCo = ROL(Amu,  8);
20001870:	10812683          	lw	a3,264(sp)
            BCa = ROL(Abe,  1);
20001874:	c6ba                	sw	a4,76(sp)
            BCo = ROL(Amu,  8);
20001876:	0186d313          	srli	t1,a3,0x18
2000187a:	d11a                	sw	t1,160(sp)
2000187c:	00869313          	slli	t1,a3,0x8
20001880:	10412683          	lw	a3,260(sp)
20001884:	c19a                	sw	t1,192(sp)
20001886:	00869313          	slli	t1,a3,0x8
2000188a:	82e1                	srli	a3,a3,0x18
2000188c:	df36                	sw	a3,188(sp)
            BCu = ROL(Asa, 18);
2000188e:	11012683          	lw	a3,272(sp)
            BCo = ROL(Amu,  8);
20001892:	d71a                	sw	t1,172(sp)
            BCu = ROL(Asa, 18);
20001894:	00e6d313          	srli	t1,a3,0xe
20001898:	06ca                	slli	a3,a3,0x12
2000189a:	c39a                	sw	t1,196(sp)
2000189c:	cbb6                	sw	a3,212(sp)
2000189e:	10c12683          	lw	a3,268(sp)
            BCe = ROL(Age, 44);
200018a2:	5762                	lw	a4,56(sp)
            BCu = ROL(Asa, 18);
200018a4:	01269313          	slli	t1,a3,0x12
200018a8:	82b9                	srli	a3,a3,0xe
200018aa:	c9b6                	sw	a3,208(sp)
            BCe = ROL(Age, 44);
200018ac:	5682                	lw	a3,32(sp)
            BCu = ROL(Asa, 18);
200018ae:	c59a                	sw	t1,200(sp)
            BCe = ROL(Age, 44);
200018b0:	5316                	lw	t1,100(sp)
200018b2:	8f55                	or	a4,a4,a3
200018b4:	cd3a                	sw	a4,152(sp)
            Eba ^= (uint64_t)KeccakF_RoundConstants[round];
200018b6:	4702                	lw	a4,0(sp)
            BCi = ROL(Aki, 43);
200018b8:	d016                	sw	t0,32(sp)
200018ba:	42d2                	lw	t0,20(sp)
            Eba ^= (uint64_t)KeccakF_RoundConstants[round];
200018bc:	4314                	lw	a3,0(a4)
200018be:	c536                	sw	a3,136(sp)
            BCe = ROL(Age, 44);
200018c0:	56a6                	lw	a3,104(sp)
200018c2:	00d366b3          	or	a3,t1,a3
200018c6:	cf36                	sw	a3,156(sp)
            BCe = ROL(Agu, 20);
200018c8:	5352                	lw	t1,52(sp)
200018ca:	5686                	lw	a3,96(sp)
200018cc:	00d366b3          	or	a3,t1,a3
200018d0:	dbb6                	sw	a3,244(sp)
200018d2:	5376                	lw	t1,124(sp)
200018d4:	56d6                	lw	a3,116(sp)
200018d6:	0066e6b3          	or	a3,a3,t1
            BCi = ROL(Aki, 43);
200018da:	4366                	lw	t1,88(sp)
            BCe = ROL(Agu, 20);
200018dc:	da36                	sw	a3,52(sp)
            BCe = ROL(Agi,  6);
200018de:	46ee                	lw	a3,216(sp)
            BCi = ROL(Aki, 43);
200018e0:	0062e2b3          	or	t0,t0,t1
            BCi = ROL(Aka,  3);
200018e4:	430a                	lw	t1,128(sp)
            BCi = ROL(Aki, 43);
200018e6:	ca16                	sw	t0,20(sp)
            BCi = ROL(Aka,  3);
200018e8:	429a                	lw	t0,132(sp)
200018ea:	00a363b3          	or	t2,t1,a0
200018ee:	433a                	lw	t1,140(sp)
200018f0:	db1e                	sw	t2,180(sp)
200018f2:	0062e333          	or	t1,t0,t1
            BCe = ROL(Agi,  6);
200018f6:	42fe                	lw	t0,220(sp)
            BCi = ROL(Aka,  3);
200018f8:	dc1a                	sw	t1,56(sp)
            BCe = ROL(Agi,  6);
200018fa:	01a2d513          	srli	a0,t0,0x1a
200018fe:	029a                	slli	t0,t0,0x6
20001900:	d496                	sw	t0,104(sp)
20001902:	00669293          	slli	t0,a3,0x6
20001906:	d096                	sw	t0,96(sp)
20001908:	01a6d293          	srli	t0,a3,0x1a
2000190c:	d296                	sw	t0,100(sp)
            BCi = ROL(Ako, 25);
2000190e:	10012283          	lw	t0,256(sp)
            Emo =   BCo ^((~BCu)&  BCa );
            Emu =   BCu ^((~BCa)&  BCe );

            Abi ^= Di;
            BCa = ROL(Abi, 62);
            Ago ^= Do;
20001912:	539a                	lw	t2,164(sp)
            BCi = ROL(Ako, 25);
20001914:	0072d313          	srli	t1,t0,0x7
20001918:	02e6                	slli	t0,t0,0x19
2000191a:	cb16                	sw	t0,148(sp)
2000191c:	52fe                	lw	t0,252(sp)
2000191e:	da9a                	sw	t1,116(sp)
            BCe = ROL(Ago, 55);
            Aku ^= Du;
20001920:	4372                	lw	t1,28(sp)
            BCi = ROL(Ako, 25);
20001922:	01929693          	slli	a3,t0,0x19
20001926:	0072d293          	srli	t0,t0,0x7
2000192a:	deb6                	sw	a3,124(sp)
2000192c:	c916                	sw	t0,144(sp)
            Aku ^= Du;
2000192e:	568e                	lw	a3,224(sp)
            Eba ^= (uint64_t)KeccakF_RoundConstants[round];
20001930:	00472283          	lw	t0,4(a4)
            BCi = ROL(Aku, 39);
            Ama ^= Da;
            BCo = ROL(Ama, 41);
            Ase ^= De;
20001934:	4712                	lw	a4,4(sp)
            Eba ^= (uint64_t)KeccakF_RoundConstants[round];
20001936:	c716                	sw	t0,140(sp)
            Aku ^= Du;
20001938:	00d342b3          	xor	t0,t1,a3
2000193c:	531e                	lw	t1,228(sp)
            Ago ^= Do;
2000193e:	46e2                	lw	a3,24(sp)
            Aku ^= Du;
20001940:	12512a23          	sw	t0,308(sp)
20001944:	0065c333          	xor	t1,a1,t1
20001948:	12612c23          	sw	t1,312(sp)
            Ago ^= Do;
2000194c:	45f6                	lw	a1,92(sp)
2000194e:	0076c333          	xor	t1,a3,t2
20001952:	53aa                	lw	t2,168(sp)
20001954:	10612223          	sw	t1,260(sp)
            Ama ^= Da;
20001958:	532e                	lw	t1,232(sp)
            Ago ^= Do;
2000195a:	0075c2b3          	xor	t0,a1,t2
            Ase ^= De;
2000195e:	45c6                	lw	a1,80(sp)
            Ago ^= Do;
20001960:	10512423          	sw	t0,264(sp)
            Ase ^= De;
20001964:	00b742b3          	xor	t0,a4,a1
20001968:	45d6                	lw	a1,84(sp)
            Aba ^= Da;
2000196a:	4742                	lw	a4,16(sp)
            Ase ^= De;
2000196c:	00b7c6b3          	xor	a3,a5,a1
            Aba ^= Da;
20001970:	55b6                	lw	a1,108(sp)
20001972:	8db1                	xor	a1,a1,a2
20001974:	c12e                	sw	a1,128(sp)
20001976:	55c6                	lw	a1,112(sp)
            Ama ^= Da;
20001978:	00664633          	xor	a2,a2,t1
2000197c:	533e                	lw	t1,236(sp)
            Aba ^= Da;
2000197e:	8db9                	xor	a1,a1,a4
20001980:	c32e                	sw	a1,132(sp)
            Ebo =   BCo ^((~BCu)&  BCa );
20001982:	55a2                	lw	a1,40(sp)
            Ama ^= Da;
20001984:	00674333          	xor	t1,a4,t1
            Abi ^= Di;
20001988:	4722                	lw	a4,8(sp)
            Ebo =   BCo ^((~BCu)&  BCa );
2000198a:	fff5c593          	not	a1,a1
2000198e:	cdae                	sw	a1,216(sp)
            Abi ^= Di;
20001990:	43be                	lw	t2,204(sp)
            Ego =   BCo ^((~BCu)&  BCa );
20001992:	4586                	lw	a1,64(sp)
            Abi ^= Di;
20001994:	47b2                	lw	a5,12(sp)
20001996:	00774733          	xor	a4,a4,t2
            Ego =   BCo ^((~BCu)&  BCa );
2000199a:	fff5c593          	not	a1,a1
            BCo = ROL(Amu,  8);
2000199e:	53ba                	lw	t2,172(sp)
            Ego =   BCo ^((~BCu)&  BCa );
200019a0:	cfae                	sw	a1,220(sp)
            BCo = ROL(Amu,  8);
200019a2:	558a                	lw	a1,160(sp)
            Abi ^= Di;
200019a4:	d1ba                	sw	a4,224(sp)
            BCo = ROL(Amu,  8);
200019a6:	0075e3b3          	or	t2,a1,t2
200019aa:	ca9e                	sw	t2,84(sp)
200019ac:	458e                	lw	a1,192(sp)
200019ae:	53fa                	lw	t2,188(sp)
200019b0:	00b3e3b3          	or	t2,t2,a1
200019b4:	c21e                	sw	t2,4(sp)
            BCu = ROL(Asa, 18);
200019b6:	459e                	lw	a1,196(sp)
200019b8:	43ae                	lw	t2,200(sp)
200019ba:	0075e5b3          	or	a1,a1,t2
200019be:	ccae                	sw	a1,88(sp)
200019c0:	43ce                	lw	t2,208(sp)
200019c2:	45de                	lw	a1,212(sp)
200019c4:	00b3e5b3          	or	a1,t2,a1
            BCo = ROL(Ami, 15);
200019c8:	12812383          	lw	t2,296(sp)
            BCu = ROL(Asa, 18);
200019cc:	ceae                	sw	a1,92(sp)
            BCa = ROL(Abu, 27);
200019ce:	0054d593          	srli	a1,s1,0x5
200019d2:	c42e                	sw	a1,8(sp)
            BCo = ROL(Ami, 15);
200019d4:	00f39593          	slli	a1,t2,0xf
200019d8:	d72e                	sw	a1,172(sp)
200019da:	12412583          	lw	a1,292(sp)
            BCa = ROL(Abu, 27);
200019de:	04ee                	slli	s1,s1,0x1b
200019e0:	d8a6                	sw	s1,112(sp)
            BCo = ROL(Ami, 15);
200019e2:	00f59713          	slli	a4,a1,0xf
200019e6:	81c5                	srli	a1,a1,0x11
            BCa = ROL(Abu, 27);
200019e8:	01b41493          	slli	s1,s0,0x1b
            BCo = ROL(Ami, 15);
200019ec:	d52e                	sw	a1,168(sp)
            BCa = ROL(Abu, 27);
200019ee:	8015                	srli	s0,s0,0x5
            BCu = ROL(Aso, 56);
200019f0:	13012583          	lw	a1,304(sp)
            BCa = ROL(Abu, 27);
200019f4:	d6a2                	sw	s0,108(sp)
            BCo = ROL(Ami, 15);
200019f6:	0113d413          	srli	s0,t2,0x11
            BCu = ROL(Aso, 56);
200019fa:	12c12383          	lw	t2,300(sp)
            BCo = ROL(Ami, 15);
200019fe:	d33a                	sw	a4,164(sp)
            BCu = ROL(Aso, 56);
20001a00:	01859713          	slli	a4,a1,0x18
20001a04:	81a1                	srli	a1,a1,0x8
20001a06:	c5ae                	sw	a1,200(sp)
20001a08:	0083d593          	srli	a1,t2,0x8
20001a0c:	03e2                	slli	t2,t2,0x18
20001a0e:	c1ae                	sw	a1,192(sp)
20001a10:	c39e                	sw	t2,196(sp)
20001a12:	df3a                	sw	a4,188(sp)
            Abi ^= Di;
20001a14:	53e6                	lw	t2,120(sp)
            Ebo =   BCo ^((~BCu)&  BCa );
20001a16:	5732                	lw	a4,44(sp)
            Abi ^= Di;
20001a18:	0077c7b3          	xor	a5,a5,t2
            Ebo =   BCo ^((~BCu)&  BCa );
20001a1c:	fff74393          	not	t2,a4
20001a20:	c99e                	sw	t2,208(sp)
            Ego =   BCo ^((~BCu)&  BCa );
20001a22:	4396                	lw	t2,68(sp)
20001a24:	fff3c593          	not	a1,t2
            Ebe =   BCe ^((~BCi)&  BCo );
20001a28:	5382                	lw	t2,32(sp)
20001a2a:	fff3c713          	not	a4,t2
            Ebi =   BCi ^((~BCo)&  BCu );
20001a2e:	5392                	lw	t2,36(sp)
20001a30:	fff3c393          	not	t2,t2
20001a34:	c79e                	sw	t2,204(sp)
            Ege =   BCe ^((~BCi)&  BCo );
20001a36:	53da                	lw	t2,180(sp)
20001a38:	fff3c393          	not	t2,t2
20001a3c:	d59e                	sw	t2,232(sp)
            BCe = ROL(Agi,  6);
20001a3e:	83aa                	mv	t2,a0
20001a40:	5506                	lw	a0,96(sp)
20001a42:	00a3e533          	or	a0,t2,a0
20001a46:	c82a                	sw	a0,16(sp)
            Egi =   BCi ^((~BCo)&  BCu );
20001a48:	5572                	lw	a0,60(sp)
            BCe = ROL(Agi,  6);
20001a4a:	53a6                	lw	t2,104(sp)
            Egi =   BCi ^((~BCo)&  BCu );
20001a4c:	fff54513          	not	a0,a0
20001a50:	d7aa                	sw	a0,236(sp)
            BCe = ROL(Agi,  6);
20001a52:	5516                	lw	a0,100(sp)
20001a54:	007563b3          	or	t2,a0,t2
20001a58:	cc1e                	sw	t2,24(sp)
            BCi = ROL(Ako, 25);
20001a5a:	5576                	lw	a0,124(sp)
20001a5c:	53d6                	lw	t2,116(sp)
20001a5e:	00a3e533          	or	a0,t2,a0
20001a62:	ce2a                	sw	a0,28(sp)
20001a64:	43da                	lw	t2,148(sp)
20001a66:	454a                	lw	a0,144(sp)
20001a68:	007563b3          	or	t2,a0,t2
            BCe = ROL(Aga, 36);
20001a6c:	11812503          	lw	a0,280(sp)
            BCi = ROL(Ako, 25);
20001a70:	c89e                	sw	t2,80(sp)
            BCe = ROL(Aga, 36);
20001a72:	00451393          	slli	t2,a0,0x4
20001a76:	d09e                	sw	t2,96(sp)
20001a78:	11412383          	lw	t2,276(sp)
20001a7c:	8171                	srli	a0,a0,0x1c
20001a7e:	c92a                	sw	a0,144(sp)
20001a80:	01c3d513          	srli	a0,t2,0x1c
20001a84:	d2aa                	sw	a0,100(sp)
20001a86:	00439513          	slli	a0,t2,0x4
20001a8a:	d4aa                	sw	a0,104(sp)
            BCi = ROL(Ake, 10);
20001a8c:	11c12503          	lw	a0,284(sp)
20001a90:	01655393          	srli	t2,a0,0x16
20001a94:	052a                	slli	a0,a0,0xa
20001a96:	cb1e                	sw	t2,148(sp)
20001a98:	d12a                	sw	a0,160(sp)
            Ebo =   BCo ^((~BCu)&  BCa );
20001a9a:	438a                	lw	t2,128(sp)
20001a9c:	456e                	lw	a0,216(sp)
20001a9e:	00757533          	and	a0,a0,t2
20001aa2:	dfaa                	sw	a0,252(sp)
            Ego =   BCo ^((~BCu)&  BCa );
20001aa4:	43fe                	lw	t2,220(sp)
20001aa6:	5542                	lw	a0,48(sp)
20001aa8:	00a3f3b3          	and	t2,t2,a0
20001aac:	10712a23          	sw	t2,276(sp)
            Eko =   BCo ^((~BCu)&  BCa );
20001ab0:	43e6                	lw	t2,88(sp)
20001ab2:	fff3c513          	not	a0,t2
            BCa = ROL(Abu, 27);
20001ab6:	43a2                	lw	t2,8(sp)
            Eko =   BCo ^((~BCu)&  BCa );
20001ab8:	10a12e23          	sw	a0,284(sp)
            BCa = ROL(Abi, 62);
20001abc:	550e                	lw	a0,224(sp)
            BCa = ROL(Abu, 27);
20001abe:	0093e4b3          	or	s1,t2,s1
20001ac2:	c426                	sw	s1,8(sp)
20001ac4:	53b6                	lw	t2,108(sp)
20001ac6:	54c6                	lw	s1,112(sp)
20001ac8:	0093e4b3          	or	s1,t2,s1
20001acc:	c626                	sw	s1,12(sp)
            BCo = ROL(Ami, 15);
20001ace:	549a                	lw	s1,164(sp)
20001ad0:	8c45                	or	s0,s0,s1
20001ad2:	d8a2                	sw	s0,112(sp)
20001ad4:	54ba                	lw	s1,172(sp)
20001ad6:	542a                	lw	s0,168(sp)
20001ad8:	8cc1                	or	s1,s1,s0
20001ada:	daa6                	sw	s1,116(sp)
            BCu = ROL(Aso, 56);
20001adc:	547a                	lw	s0,188(sp)
20001ade:	448e                	lw	s1,192(sp)
20001ae0:	8c45                	or	s0,s0,s1
20001ae2:	dca2                	sw	s0,120(sp)
20001ae4:	44ae                	lw	s1,200(sp)
20001ae6:	441e                	lw	s0,196(sp)
20001ae8:	8cc1                	or	s1,s1,s0
20001aea:	dea6                	sw	s1,124(sp)
            BCa = ROL(Abi, 62);
20001aec:	0027d413          	srli	s0,a5,0x2
20001af0:	01e79493          	slli	s1,a5,0x1e
20001af4:	d326                	sw	s1,164(sp)
20001af6:	c1a2                	sw	s0,192(sp)
20001af8:	01e51493          	slli	s1,a0,0x1e
20001afc:	00255413          	srli	s0,a0,0x2
20001b00:	d722                	sw	s0,172(sp)
20001b02:	df26                	sw	s1,188(sp)
            BCo = ROL(Ama, 41);
20001b04:	00931413          	slli	s0,t1,0x9
20001b08:	01765493          	srli	s1,a2,0x17
20001b0c:	c5a2                	sw	s0,200(sp)
20001b0e:	cba6                	sw	s1,212(sp)
            BCu = ROL(Ase,  2);
20001b10:	01e6d413          	srli	s0,a3,0x1e
20001b14:	00229493          	slli	s1,t0,0x2
            BCo = ROL(Ama, 41);
20001b18:	0626                	slli	a2,a2,0x9
            Ebo =   BCo ^((~BCu)&  BCa );
20001b1a:	47ce                	lw	a5,208(sp)
            BCu = ROL(Ase,  2);
20001b1c:	cfa2                	sw	s0,220(sp)
20001b1e:	d1a6                	sw	s1,224(sp)
            BCo = ROL(Ama, 41);
20001b20:	cdb2                	sw	a2,216(sp)
            Ebo =   BCo ^((~BCu)&  BCa );
20001b22:	461a                	lw	a2,132(sp)
            Eko =   BCo ^((~BCu)&  BCa );
20001b24:	44f6                	lw	s1,92(sp)
            BCe = ROL(Aga, 36);
20001b26:	5526                	lw	a0,104(sp)
            Ebo =   BCo ^((~BCu)&  BCa );
20001b28:	8e7d                	and	a2,a2,a5
20001b2a:	10c12023          	sw	a2,256(sp)
            Ego =   BCo ^((~BCu)&  BCa );
20001b2e:	564a                	lw	a2,176(sp)
            Ebi =   BCi ^((~BCo)&  BCu );
20001b30:	47be                	lw	a5,204(sp)
            BCu = ROL(Ase,  2);
20001b32:	01e2d293          	srli	t0,t0,0x1e
            Ego =   BCo ^((~BCu)&  BCa );
20001b36:	8df1                	and	a1,a1,a2
            Eko =   BCo ^((~BCu)&  BCa );
20001b38:	fff4c613          	not	a2,s1
            Ebi =   BCi ^((~BCo)&  BCu );
20001b3c:	54a2                	lw	s1,40(sp)
            Ebe =   BCe ^((~BCi)&  BCo );
20001b3e:	5392                	lw	t2,36(sp)
            BCu = ROL(Ase,  2);
20001b40:	d396                	sw	t0,228(sp)
            Ebi =   BCi ^((~BCo)&  BCu );
20001b42:	8cfd                	and	s1,s1,a5
20001b44:	dda6                	sw	s1,248(sp)
            Ege =   BCe ^((~BCi)&  BCo );
20001b46:	57ae                	lw	a5,232(sp)
20001b48:	54f2                	lw	s1,60(sp)
            BCi = ROL(Ake, 10);
20001b4a:	12012283          	lw	t0,288(sp)
            Ebe =   BCe ^((~BCi)&  BCo );
20001b4e:	00777733          	and	a4,a4,t2
            Ege =   BCe ^((~BCi)&  BCo );
20001b52:	0097f433          	and	s0,a5,s1
            Egi =   BCi ^((~BCo)&  BCu );
20001b56:	57be                	lw	a5,236(sp)
20001b58:	4486                	lw	s1,64(sp)
            Ege =   BCe ^((~BCi)&  BCo );
20001b5a:	10812623          	sw	s0,268(sp)
            BCi = ROL(Ake, 10);
20001b5e:	00a29393          	slli	t2,t0,0xa
            Egi =   BCi ^((~BCo)&  BCu );
20001b62:	0097f433          	and	s0,a5,s1
20001b66:	10812823          	sw	s0,272(sp)
            Eke =   BCe ^((~BCi)&  BCo );
20001b6a:	4472                	lw	s0,28(sp)
            BCe = ROL(Aga, 36);
20001b6c:	5786                	lw	a5,96(sp)
            BCi = ROL(Ake, 10);
20001b6e:	0162d293          	srli	t0,t0,0x16
            Eke =   BCe ^((~BCi)&  BCo );
20001b72:	fff44493          	not	s1,s0
            BCe = ROL(Aga, 36);
20001b76:	5416                	lw	s0,100(sp)
            BCo = ROL(Ama, 41);
20001b78:	01735313          	srli	t1,t1,0x17
            BCu = ROL(Ase,  2);
20001b7c:	068a                	slli	a3,a3,0x2
            BCe = ROL(Aga, 36);
20001b7e:	8c5d                	or	s0,s0,a5
20001b80:	47ca                	lw	a5,144(sp)
20001b82:	d0a2                	sw	s0,96(sp)
            Eba =   BCa ^((~BCe)&  BCi );
20001b84:	446a                	lw	s0,152(sp)
            BCe = ROL(Aga, 36);
20001b86:	8d5d                	or	a0,a0,a5
20001b88:	d2aa                	sw	a0,100(sp)
            Eki =   BCi ^((~BCo)&  BCu );
20001b8a:	4556                	lw	a0,84(sp)
            Eba =   BCa ^((~BCe)&  BCi );
20001b8c:	fff44413          	not	s0,s0
            Eki =   BCi ^((~BCo)&  BCu );
20001b90:	fff54793          	not	a5,a0
20001b94:	10f12c23          	sw	a5,280(sp)
            BCi = ROL(Ake, 10);
20001b98:	47da                	lw	a5,148(sp)
20001b9a:	0077e3b3          	or	t2,a5,t2
20001b9e:	578a                	lw	a5,160(sp)
20001ba0:	d49e                	sw	t2,104(sp)
20001ba2:	00f2e2b3          	or	t0,t0,a5
20001ba6:	d696                	sw	t0,108(sp)
            BCe = ROL(Ago, 55);
20001ba8:	10812283          	lw	t0,264(sp)
20001bac:	01729393          	slli	t2,t0,0x17
20001bb0:	0092d293          	srli	t0,t0,0x9
20001bb4:	c996                	sw	t0,208(sp)
20001bb6:	10412503          	lw	a0,260(sp)
20001bba:	01751793          	slli	a5,a0,0x17
20001bbe:	00955293          	srli	t0,a0,0x9
            Eba =   BCa ^((~BCe)&  BCi );
20001bc2:	5502                	lw	a0,32(sp)
            BCe = ROL(Ago, 55);
20001bc4:	c7be                	sw	a5,204(sp)
            Eba ^= (uint64_t)KeccakF_RoundConstants[round];
20001bc6:	47aa                	lw	a5,136(sp)
            Eba =   BCa ^((~BCe)&  BCi );
20001bc8:	8c69                	and	s0,s0,a0
            Eba ^= (uint64_t)KeccakF_RoundConstants[round];
20001bca:	450a                	lw	a0,128(sp)
            BCe = ROL(Ago, 55);
20001bcc:	0053e2b3          	or	t0,t2,t0
            Eba ^= (uint64_t)KeccakF_RoundConstants[round];
20001bd0:	8fa9                	xor	a5,a5,a0
20001bd2:	d5be                	sw	a5,232(sp)
            Ebu =   BCu ^((~BCa)&  BCe );
20001bd4:	fff54793          	not	a5,a0
20001bd8:	10f12223          	sw	a5,260(sp)
            Eba ^= (uint64_t)KeccakF_RoundConstants[round];
20001bdc:	451a                	lw	a0,132(sp)
20001bde:	47ba                	lw	a5,140(sp)
20001be0:	8fa9                	xor	a5,a5,a0
            Ebu =   BCu ^((~BCa)&  BCe );
20001be2:	fff54513          	not	a0,a0
            Eba ^= (uint64_t)KeccakF_RoundConstants[round];
20001be6:	d7be                	sw	a5,236(sp)
            Ebu =   BCu ^((~BCa)&  BCe );
20001be8:	10a12423          	sw	a0,264(sp)
            Ebo =   BCo ^((~BCu)&  BCa );
20001bec:	57fe                	lw	a5,252(sp)
20001bee:	5512                	lw	a0,36(sp)
20001bf0:	8d3d                	xor	a0,a0,a5
20001bf2:	d52a                	sw	a0,168(sp)
            Ego =   BCo ^((~BCu)&  BCa );
20001bf4:	11412783          	lw	a5,276(sp)
20001bf8:	5572                	lw	a0,60(sp)
20001bfa:	8d3d                	xor	a0,a0,a5
20001bfc:	c3aa                	sw	a0,196(sp)
            Eko =   BCo ^((~BCu)&  BCa );
20001bfe:	11c12783          	lw	a5,284(sp)
20001c02:	4526                	lw	a0,72(sp)
20001c04:	8fe9                	and	a5,a5,a0
            Emo =   BCo ^((~BCu)&  BCa );
20001c06:	5566                	lw	a0,120(sp)
            Eko =   BCo ^((~BCu)&  BCa );
20001c08:	dfbe                	sw	a5,252(sp)
            Emo =   BCo ^((~BCu)&  BCa );
20001c0a:	fff54793          	not	a5,a0
20001c0e:	10f12a23          	sw	a5,276(sp)
            BCa = ROL(Abi, 62);
20001c12:	553a                	lw	a0,172(sp)
20001c14:	579a                	lw	a5,164(sp)
20001c16:	8d5d                	or	a0,a0,a5
20001c18:	d22a                	sw	a0,36(sp)
20001c1a:	57fa                	lw	a5,188(sp)
20001c1c:	450e                	lw	a0,192(sp)
20001c1e:	8fc9                	or	a5,a5,a0
20001c20:	de3e                	sw	a5,60(sp)
            BCo = ROL(Ama, 41);
20001c22:	455e                	lw	a0,212(sp)
20001c24:	47ae                	lw	a5,200(sp)
20001c26:	8fc9                	or	a5,a5,a0
20001c28:	c53e                	sw	a5,136(sp)
            BCu = ROL(Ase,  2);
20001c2a:	47fe                	lw	a5,220(sp)
20001c2c:	550e                	lw	a0,224(sp)
20001c2e:	8fc9                	or	a5,a5,a0
20001c30:	c93e                	sw	a5,144(sp)
            BCo = ROL(Ama, 41);
20001c32:	47ee                	lw	a5,216(sp)
            Ebo =   BCo ^((~BCu)&  BCa );
20001c34:	554e                	lw	a0,240(sp)
            BCo = ROL(Ama, 41);
20001c36:	0067e333          	or	t1,a5,t1
            Ebo =   BCo ^((~BCu)&  BCa );
20001c3a:	10012783          	lw	a5,256(sp)
            BCo = ROL(Ama, 41);
20001c3e:	c71a                	sw	t1,140(sp)
            Ebo =   BCo ^((~BCu)&  BCa );
20001c40:	8fa9                	xor	a5,a5,a0
20001c42:	d73e                	sw	a5,172(sp)
            Ego =   BCo ^((~BCu)&  BCa );
20001c44:	57ea                	lw	a5,184(sp)
20001c46:	8dbd                	xor	a1,a1,a5
20001c48:	c5ae                	sw	a1,200(sp)
            Emo =   BCo ^((~BCu)&  BCa );
20001c4a:	57f6                	lw	a5,124(sp)
            Eko =   BCo ^((~BCu)&  BCa );
20001c4c:	45b6                	lw	a1,76(sp)
            Emo =   BCo ^((~BCu)&  BCa );
20001c4e:	fff7c313          	not	t1,a5
            Eko =   BCo ^((~BCu)&  BCa );
20001c52:	8e6d                	and	a2,a2,a1
20001c54:	d9b2                	sw	a2,240(sp)
            Emo =   BCo ^((~BCu)&  BCa );
20001c56:	10612023          	sw	t1,256(sp)
            BCu = ROL(Ase,  2);
20001c5a:	561e                	lw	a2,228(sp)
            Ebe =   BCe ^((~BCi)&  BCo );
20001c5c:	436a                	lw	t1,152(sp)
            Ebi =   BCi ^((~BCo)&  BCu );
20001c5e:	5782                	lw	a5,32(sp)
            BCu = ROL(Ase,  2);
20001c60:	8e55                	or	a2,a2,a3
            Ebe =   BCe ^((~BCi)&  BCo );
20001c62:	006746b3          	xor	a3,a4,t1
            Ebi =   BCi ^((~BCo)&  BCu );
20001c66:	576e                	lw	a4,248(sp)
            Ebe =   BCe ^((~BCi)&  BCo );
20001c68:	d136                	sw	a3,160(sp)
            Ega =   BCa ^((~BCe)&  BCi );
20001c6a:	56de                	lw	a3,244(sp)
            Ebi =   BCi ^((~BCo)&  BCu );
20001c6c:	8f3d                	xor	a4,a4,a5
20001c6e:	d33a                	sw	a4,164(sp)
            Ega =   BCa ^((~BCe)&  BCi );
20001c70:	57da                	lw	a5,180(sp)
            Egi =   BCi ^((~BCo)&  BCu );
20001c72:	11012703          	lw	a4,272(sp)
            Ege =   BCe ^((~BCi)&  BCo );
20001c76:	10c12583          	lw	a1,268(sp)
            BCu = ROL(Ase,  2);
20001c7a:	cb32                	sw	a2,148(sp)
            Ega =   BCa ^((~BCe)&  BCi );
20001c7c:	fff6c613          	not	a2,a3
20001c80:	8e7d                	and	a2,a2,a5
            Egi =   BCi ^((~BCo)&  BCu );
20001c82:	8f3d                	xor	a4,a4,a5
            Egu =   BCu ^((~BCa)&  BCe );
20001c84:	57c2                	lw	a5,48(sp)
            Ege =   BCe ^((~BCi)&  BCo );
20001c86:	8db5                	xor	a1,a1,a3
20001c88:	df2e                	sw	a1,188(sp)
            Egu =   BCu ^((~BCa)&  BCe );
20001c8a:	fff7c593          	not	a1,a5
20001c8e:	8df5                	and	a1,a1,a3
            Eku =   BCu ^((~BCa)&  BCe );
20001c90:	46a6                	lw	a3,72(sp)
20001c92:	47c2                	lw	a5,16(sp)
            Egi =   BCi ^((~BCo)&  BCu );
20001c94:	c1ba                	sw	a4,192(sp)
            Eku =   BCu ^((~BCa)&  BCe );
20001c96:	fff6c693          	not	a3,a3
20001c9a:	8efd                	and	a3,a3,a5
            Eke =   BCe ^((~BCi)&  BCo );
20001c9c:	47d6                	lw	a5,84(sp)
            Eki =   BCi ^((~BCo)&  BCu );
20001c9e:	4766                	lw	a4,88(sp)
            Eke =   BCe ^((~BCi)&  BCo );
20001ca0:	8cfd                	and	s1,s1,a5
            Eki =   BCi ^((~BCo)&  BCu );
20001ca2:	11812783          	lw	a5,280(sp)
20001ca6:	8f7d                	and	a4,a4,a5
20001ca8:	d3ba                	sw	a4,228(sp)
            Eme =   BCe ^((~BCi)&  BCo );
20001caa:	5726                	lw	a4,104(sp)
            BCe = ROL(Ago, 55);
20001cac:	d016                	sw	t0,32(sp)
20001cae:	42ce                	lw	t0,208(sp)
            Eme =   BCe ^((~BCi)&  BCo );
20001cb0:	fff74713          	not	a4,a4
20001cb4:	dbba                	sw	a4,244(sp)
            BCi = ROL(Aku, 39);
20001cb6:	13812703          	lw	a4,312(sp)
20001cba:	00771793          	slli	a5,a4,0x7
20001cbe:	01975393          	srli	t2,a4,0x19
            BCe = ROL(Ago, 55);
20001cc2:	473e                	lw	a4,204(sp)
20001cc4:	005762b3          	or	t0,a4,t0
20001cc8:	c116                	sw	t0,128(sp)
            BCi = ROL(Aku, 39);
20001cca:	13412283          	lw	t0,308(sp)
20001cce:	0192d713          	srli	a4,t0,0x19
20001cd2:	029e                	slli	t0,t0,0x7
20001cd4:	c796                	sw	t0,204(sp)
            Emi =   BCi ^((~BCo)&  BCu );
20001cd6:	52c6                	lw	t0,112(sp)
            BCi = ROL(Aku, 39);
20001cd8:	8f5d                	or	a4,a4,a5
20001cda:	c33a                	sw	a4,132(sp)
            Emi =   BCi ^((~BCo)&  BCu );
20001cdc:	fff2c293          	not	t0,t0
20001ce0:	dd96                	sw	t0,248(sp)
            Eba ^= (uint64_t)KeccakF_RoundConstants[round];
20001ce2:	52ae                	lw	t0,232(sp)
            Ebi =   BCi ^((~BCo)&  BCu );
20001ce4:	fff54713          	not	a4,a0
20001ce8:	57b2                	lw	a5,44(sp)
            Eba ^= (uint64_t)KeccakF_RoundConstants[round];
20001cea:	0082c2b3          	xor	t0,t0,s0
            Ebe =   BCe ^((~BCi)&  BCo );
20001cee:	4452                	lw	s0,20(sp)
            Eba ^= (uint64_t)KeccakF_RoundConstants[round];
20001cf0:	cd16                	sw	t0,152(sp)
            Ebi =   BCi ^((~BCo)&  BCu );
20001cf2:	8f7d                	and	a4,a4,a5
            Ebe =   BCe ^((~BCi)&  BCo );
20001cf4:	fff44293          	not	t0,s0
20001cf8:	00a2f2b3          	and	t0,t0,a0
            Ebu =   BCu ^((~BCa)&  BCe );
20001cfc:	10412503          	lw	a0,260(sp)
20001d00:	00657333          	and	t1,a0,t1
20001d04:	cf9a                	sw	t1,220(sp)
            Ege =   BCe ^((~BCi)&  BCo );
20001d06:	5362                	lw	t1,56(sp)
20001d08:	556a                	lw	a0,184(sp)
20001d0a:	fff34313          	not	t1,t1
20001d0e:	00a37333          	and	t1,t1,a0
            Egi =   BCi ^((~BCo)&  BCu );
20001d12:	fff54793          	not	a5,a0
20001d16:	4516                	lw	a0,68(sp)
20001d18:	8fe9                	and	a5,a5,a0
            Ega =   BCa ^((~BCe)&  BCi );
20001d1a:	5542                	lw	a0,48(sp)
20001d1c:	8d31                	xor	a0,a0,a2
            Egu =   BCu ^((~BCa)&  BCe );
20001d1e:	4606                	lw	a2,64(sp)
            Ega =   BCa ^((~BCe)&  BCi );
20001d20:	db2a                	sw	a0,180(sp)
            Eba =   BCa ^((~BCe)&  BCi );
20001d22:	457a                	lw	a0,156(sp)
            Egu =   BCu ^((~BCa)&  BCe );
20001d24:	8db1                	xor	a1,a1,a2
            Ega =   BCa ^((~BCe)&  BCi );
20001d26:	5652                	lw	a2,52(sp)
            Egu =   BCu ^((~BCa)&  BCe );
20001d28:	dd2e                	sw	a1,184(sp)
            Eba =   BCa ^((~BCe)&  BCi );
20001d2a:	fff54513          	not	a0,a0
            Ega =   BCa ^((~BCe)&  BCi );
20001d2e:	fff64593          	not	a1,a2
20001d32:	5662                	lw	a2,56(sp)
            Eba =   BCa ^((~BCe)&  BCi );
20001d34:	8d61                	and	a0,a0,s0
            Egu =   BCu ^((~BCa)&  BCe );
20001d36:	544a                	lw	s0,176(sp)
            Ega =   BCa ^((~BCe)&  BCi );
20001d38:	8df1                	and	a1,a1,a2
            Eku =   BCu ^((~BCa)&  BCe );
20001d3a:	4666                	lw	a2,88(sp)
20001d3c:	8eb1                	xor	a3,a3,a2
20001d3e:	cbb6                	sw	a3,212(sp)
            Egu =   BCu ^((~BCa)&  BCe );
20001d40:	56d2                	lw	a3,52(sp)
20001d42:	fff44613          	not	a2,s0
20001d46:	8e75                	and	a2,a2,a3
            BCi = ROL(Aku, 39);
20001d48:	46be                	lw	a3,204(sp)
20001d4a:	0076e6b3          	or	a3,a3,t2
            Eku =   BCu ^((~BCa)&  BCe );
20001d4e:	43b6                	lw	t2,76(sp)
            BCi = ROL(Aku, 39);
20001d50:	d836                	sw	a3,48(sp)
            Eku =   BCu ^((~BCa)&  BCe );
20001d52:	fff3c693          	not	a3,t2
20001d56:	43e2                	lw	t2,24(sp)
20001d58:	0076f6b3          	and	a3,a3,t2
            Ebe =   BCe ^((~BCi)&  BCo );
20001d5c:	43fa                	lw	t2,156(sp)
20001d5e:	0072c2b3          	xor	t0,t0,t2
20001d62:	c096                	sw	t0,64(sp)
            Ebi =   BCi ^((~BCo)&  BCu );
20001d64:	42d2                	lw	t0,20(sp)
20001d66:	00574733          	xor	a4,a4,t0
20001d6a:	ccba                	sw	a4,88(sp)
            Ege =   BCe ^((~BCi)&  BCo );
20001d6c:	5752                	lw	a4,52(sp)
            Eka =   BCa ^((~BCe)&  BCi );
20001d6e:	42f2                	lw	t0,28(sp)
            Ege =   BCe ^((~BCi)&  BCo );
20001d70:	00e34333          	xor	t1,t1,a4
20001d74:	cf1a                	sw	t1,156(sp)
            Egi =   BCi ^((~BCo)&  BCu );
20001d76:	5362                	lw	t1,56(sp)
            Eka =   BCa ^((~BCe)&  BCi );
20001d78:	4742                	lw	a4,16(sp)
            Egi =   BCi ^((~BCo)&  BCu );
20001d7a:	0067c333          	xor	t1,a5,t1
20001d7e:	d91a                	sw	t1,176(sp)
            Eke =   BCe ^((~BCi)&  BCo );
20001d80:	4346                	lw	t1,80(sp)
            Eka =   BCa ^((~BCe)&  BCi );
20001d82:	fff74713          	not	a4,a4
20001d86:	005772b3          	and	t0,a4,t0
            Eke =   BCe ^((~BCi)&  BCo );
20001d8a:	fff34793          	not	a5,t1
20001d8e:	4312                	lw	t1,4(sp)
20001d90:	0067f733          	and	a4,a5,t1
            Eba ^= (uint64_t)KeccakF_RoundConstants[round];
20001d94:	57be                	lw	a5,236(sp)
            Eke =   BCe ^((~BCi)&  BCo );
20001d96:	d1ba                	sw	a4,224(sp)
            Eba ^= (uint64_t)KeccakF_RoundConstants[round];
20001d98:	00a7c733          	xor	a4,a5,a0
            Eka =   BCa ^((~BCe)&  BCi );
20001d9c:	4562                	lw	a0,24(sp)
            Eba ^= (uint64_t)KeccakF_RoundConstants[round];
20001d9e:	da3a                	sw	a4,52(sp)
            Eki =   BCi ^((~BCo)&  BCu );
20001da0:	fff34713          	not	a4,t1
            Eka =   BCa ^((~BCe)&  BCi );
20001da4:	fff54793          	not	a5,a0
            Eki =   BCi ^((~BCo)&  BCu );
20001da8:	4576                	lw	a0,92(sp)
20001daa:	8d79                	and	a0,a0,a4
            Ebu =   BCu ^((~BCa)&  BCe );
20001dac:	10812703          	lw	a4,264(sp)
20001db0:	007773b3          	and	t2,a4,t2
20001db4:	ca1e                	sw	t2,20(sp)
            Ega =   BCa ^((~BCe)&  BCi );
20001db6:	0085c3b3          	xor	t2,a1,s0
            Egu =   BCu ^((~BCa)&  BCe );
20001dba:	4596                	lw	a1,68(sp)
            Ega =   BCa ^((~BCe)&  BCi );
20001dbc:	dc1e                	sw	t2,56(sp)
            Ema =   BCa ^((~BCe)&  BCi );
20001dbe:	5386                	lw	t2,96(sp)
            Egu =   BCu ^((~BCa)&  BCe );
20001dc0:	8db1                	xor	a1,a1,a2
20001dc2:	c2ae                	sw	a1,68(sp)
            Eka =   BCa ^((~BCe)&  BCi );
20001dc4:	45c6                	lw	a1,80(sp)
            Ema =   BCa ^((~BCe)&  BCi );
20001dc6:	fff3c393          	not	t2,t2
            Emu =   BCu ^((~BCa)&  BCe );
20001dca:	4422                	lw	s0,8(sp)
            Eka =   BCa ^((~BCe)&  BCi );
20001dcc:	8fed                	and	a5,a5,a1
            Eku =   BCu ^((~BCa)&  BCe );
20001dce:	45f6                	lw	a1,92(sp)
            Ema =   BCa ^((~BCe)&  BCi );
20001dd0:	d59e                	sw	t2,232(sp)
            Emu =   BCu ^((~BCa)&  BCe );
20001dd2:	fff44313          	not	t1,s0
            Eku =   BCu ^((~BCa)&  BCe );
20001dd6:	8ead                	xor	a3,a3,a1
20001dd8:	cdb6                	sw	a3,216(sp)
            Eme =   BCe ^((~BCi)&  BCo );
20001dda:	56b6                	lw	a3,108(sp)

            //    prepareTheta
            BCa = Eba^Ega^Eka^Ema^Esa;
            BCe = Ebe^Ege^Eke^Eme^Ese;
            BCi = Ebi^Egi^Eki^Emi^Esi;
            BCo = Ebo^Ego^Eko^Emo^Eso;
20001ddc:	55aa                	lw	a1,168(sp)
20001dde:	461e                	lw	a2,196(sp)
            Emi =   BCi ^((~BCo)&  BCu );
20001de0:	5756                	lw	a4,116(sp)
            Eme =   BCe ^((~BCi)&  BCo );
20001de2:	fff6c693          	not	a3,a3
            BCo = Ebo^Ego^Eko^Emo^Eso;
20001de6:	00c5c3b3          	xor	t2,a1,a2
            Eko =   BCo ^((~BCu)&  BCa );
20001dea:	55fe                	lw	a1,252(sp)
20001dec:	4656                	lw	a2,84(sp)
            BCo = Ebo^Ego^Eko^Emo^Eso;
20001dee:	10712623          	sw	t2,268(sp)
            Emi =   BCi ^((~BCo)&  BCu );
20001df2:	fff74713          	not	a4,a4
            Eko =   BCo ^((~BCu)&  BCa );
20001df6:	8e2d                	xor	a2,a2,a1
20001df8:	c7b2                	sw	a2,204(sp)
            Emo =   BCo ^((~BCu)&  BCa );
20001dfa:	11412603          	lw	a2,276(sp)
20001dfe:	008675b3          	and	a1,a2,s0
20001e02:	d7ae                	sw	a1,236(sp)
            Eso =   BCo ^((~BCu)&  BCa );
20001e04:	45ca                	lw	a1,144(sp)
            BCo = Ebo^Ego^Eko^Emo^Eso;
20001e06:	462e                	lw	a2,200(sp)
            Eko =   BCo ^((~BCu)&  BCa );
20001e08:	544e                	lw	s0,240(sp)
            Eso =   BCo ^((~BCu)&  BCa );
20001e0a:	fff5c393          	not	t2,a1
            BCo = Ebo^Ego^Eko^Emo^Eso;
20001e0e:	55ba                	lw	a1,172(sp)
            Eso =   BCo ^((~BCu)&  BCa );
20001e10:	df9e                	sw	t2,252(sp)
            BCo = Ebo^Ego^Eko^Emo^Eso;
20001e12:	8e2d                	xor	a2,a2,a1
20001e14:	10c12823          	sw	a2,272(sp)
            Eko =   BCo ^((~BCu)&  BCa );
20001e18:	4612                	lw	a2,4(sp)
            Emo =   BCo ^((~BCu)&  BCa );
20001e1a:	45b2                	lw	a1,12(sp)
            Eko =   BCo ^((~BCu)&  BCa );
20001e1c:	8e21                	xor	a2,a2,s0
            Emo =   BCo ^((~BCu)&  BCa );
20001e1e:	10012403          	lw	s0,256(sp)
            Eko =   BCo ^((~BCu)&  BCa );
20001e22:	c9b2                	sw	a2,208(sp)
            Emo =   BCo ^((~BCu)&  BCa );
20001e24:	00b47633          	and	a2,s0,a1
20001e28:	d9b2                	sw	a2,240(sp)
            Eso =   BCo ^((~BCu)&  BCa );
20001e2a:	465a                	lw	a2,148(sp)
            Eki =   BCi ^((~BCo)&  BCu );
20001e2c:	541e                	lw	s0,228(sp)
            Emu =   BCu ^((~BCa)&  BCe );
20001e2e:	fff5c593          	not	a1,a1
            Eso =   BCo ^((~BCu)&  BCa );
20001e32:	fff64393          	not	t2,a2
            Eke =   BCe ^((~BCi)&  BCo );
20001e36:	4642                	lw	a2,16(sp)
            Eso =   BCo ^((~BCu)&  BCa );
20001e38:	10712023          	sw	t2,256(sp)
            Emu =   BCu ^((~BCa)&  BCe );
20001e3c:	d3ae                	sw	a1,228(sp)
            Eke =   BCe ^((~BCi)&  BCo );
20001e3e:	8cb1                	xor	s1,s1,a2
            Ema =   BCa ^((~BCe)&  BCi );
20001e40:	5616                	lw	a2,100(sp)
            Eke =   BCe ^((~BCi)&  BCo );
20001e42:	caa6                	sw	s1,84(sp)
            Ema =   BCa ^((~BCe)&  BCi );
20001e44:	fff64493          	not	s1,a2
            Eki =   BCi ^((~BCo)&  BCu );
20001e48:	4672                	lw	a2,28(sp)
20001e4a:	8e21                	xor	a2,a2,s0
20001e4c:	ceb2                	sw	a2,92(sp)
            Eme =   BCe ^((~BCi)&  BCo );
20001e4e:	545e                	lw	s0,244(sp)
20001e50:	5646                	lw	a2,112(sp)
            BCe = Ebe^Ege^Eke^Eme^Ese;
20001e52:	558a                	lw	a1,160(sp)
            Ebu =   BCu ^((~BCa)&  BCe );
20001e54:	43fe                	lw	t2,220(sp)
            Eme =   BCe ^((~BCi)&  BCo );
20001e56:	8e61                	and	a2,a2,s0
            BCe = Ebe^Ege^Eke^Eme^Ese;
20001e58:	547a                	lw	s0,188(sp)
20001e5a:	8c2d                	xor	s0,s0,a1
20001e5c:	10812223          	sw	s0,260(sp)
            Emi =   BCi ^((~BCo)&  BCu );
20001e60:	55e6                	lw	a1,120(sp)
20001e62:	546e                	lw	s0,248(sp)
20001e64:	8de1                	and	a1,a1,s0
            Ebu =   BCu ^((~BCa)&  BCe );
20001e66:	5422                	lw	s0,40(sp)
20001e68:	0083c433          	xor	s0,t2,s0
20001e6c:	ce22                	sw	s0,28(sp)
            Eka =   BCa ^((~BCe)&  BCi );
20001e6e:	4426                	lw	s0,72(sp)
            Ema =   BCa ^((~BCe)&  BCi );
20001e70:	53ae                	lw	t2,232(sp)
            Eka =   BCa ^((~BCe)&  BCi );
20001e72:	0082c2b3          	xor	t0,t0,s0
            Ema =   BCa ^((~BCe)&  BCi );
20001e76:	5426                	lw	s0,104(sp)
            Eka =   BCa ^((~BCe)&  BCi );
20001e78:	d416                	sw	t0,40(sp)
            Ese =   BCe ^((~BCi)&  BCo );
20001e7a:	429a                	lw	t0,132(sp)
            Ema =   BCa ^((~BCe)&  BCi );
20001e7c:	0083f433          	and	s0,t2,s0
            Emu =   BCu ^((~BCa)&  BCe );
20001e80:	5386                	lw	t2,96(sp)
            Ema =   BCa ^((~BCe)&  BCi );
20001e82:	c222                	sw	s0,4(sp)
            Emi =   BCi ^((~BCo)&  BCu );
20001e84:	5476                	lw	s0,124(sp)
            Emu =   BCu ^((~BCa)&  BCe );
20001e86:	00737333          	and	t1,t1,t2
20001e8a:	d59a                	sw	t1,232(sp)
            Eke =   BCe ^((~BCi)&  BCo );
20001e8c:	538e                	lw	t2,224(sp)
20001e8e:	4362                	lw	t1,24(sp)
            Emi =   BCi ^((~BCo)&  BCu );
20001e90:	8f61                	and	a4,a4,s0
            Ebu =   BCu ^((~BCa)&  BCe );
20001e92:	5432                	lw	s0,44(sp)
            Eke =   BCe ^((~BCi)&  BCo );
20001e94:	0063c3b3          	xor	t2,t2,t1
            Esi =   BCi ^((~BCo)&  BCu );
20001e98:	432a                	lw	t1,136(sp)
            Eke =   BCe ^((~BCi)&  BCo );
20001e9a:	c49e                	sw	t2,72(sp)
            Ese =   BCe ^((~BCi)&  BCo );
20001e9c:	fff2c293          	not	t0,t0
            Esi =   BCi ^((~BCo)&  BCu );
20001ea0:	fff34393          	not	t2,t1
            Eki =   BCi ^((~BCo)&  BCu );
20001ea4:	4346                	lw	t1,80(sp)
20001ea6:	00654533          	xor	a0,a0,t1
            Eme =   BCe ^((~BCi)&  BCo );
20001eaa:	5356                	lw	t1,116(sp)
            Eki =   BCi ^((~BCo)&  BCu );
20001eac:	c8aa                	sw	a0,80(sp)
            Esa =   BCa ^((~BCe)&  BCi );
20001eae:	5502                	lw	a0,32(sp)
            Eme =   BCe ^((~BCi)&  BCo );
20001eb0:	0066f333          	and	t1,a3,t1
            Ebu =   BCu ^((~BCa)&  BCe );
20001eb4:	46d2                	lw	a3,20(sp)
            Eme =   BCe ^((~BCi)&  BCo );
20001eb6:	d19a                	sw	t1,224(sp)
            Esu =   BCu ^((~BCa)&  BCe );
20001eb8:	5312                	lw	t1,36(sp)
            Ebu =   BCu ^((~BCa)&  BCe );
20001eba:	8ea1                	xor	a3,a3,s0
20001ebc:	cc36                	sw	a3,24(sp)
            BCi = Ebi^Egi^Eki^Emi^Esi;
20001ebe:	541a                	lw	s0,164(sp)
20001ec0:	468e                	lw	a3,192(sp)
            Esa =   BCa ^((~BCe)&  BCi );
20001ec2:	fff54513          	not	a0,a0
            Esu =   BCu ^((~BCa)&  BCe );
20001ec6:	fff34313          	not	t1,t1
            BCi = Ebi^Egi^Eki^Emi^Esi;
20001eca:	8c35                	xor	s0,s0,a3
20001ecc:	10812423          	sw	s0,264(sp)
            Eka =   BCa ^((~BCe)&  BCi );
20001ed0:	4436                	lw	s0,76(sp)
            BCe = Ebe^Ege^Eke^Eme^Ese;
20001ed2:	4686                	lw	a3,64(sp)
            Eka =   BCa ^((~BCe)&  BCi );
20001ed4:	8fa1                	xor	a5,a5,s0
20001ed6:	d63e                	sw	a5,44(sp)
            BCe = Ebe^Ege^Eke^Eme^Ese;
20001ed8:	47fa                	lw	a5,156(sp)
20001eda:	8fb5                	xor	a5,a5,a3
20001edc:	ddbe                	sw	a5,248(sp)
            Ema =   BCa ^((~BCe)&  BCi );
20001ede:	57b6                	lw	a5,108(sp)
            BCo = Ebo^Ego^Eko^Emo^Eso;
20001ee0:	10c12683          	lw	a3,268(sp)
            Ema =   BCa ^((~BCe)&  BCi );
20001ee4:	8cfd                	and	s1,s1,a5
20001ee6:	c826                	sw	s1,16(sp)
            Emu =   BCu ^((~BCa)&  BCe );
20001ee8:	5796                	lw	a5,100(sp)
20001eea:	549e                	lw	s1,228(sp)
20001eec:	8cfd                	and	s1,s1,a5
20001eee:	ca26                	sw	s1,20(sp)
            BCo = Ebo^Ego^Eko^Emo^Eso;
20001ef0:	44be                	lw	s1,204(sp)
            Ese =   BCe ^((~BCi)&  BCo );
20001ef2:	57c2                	lw	a5,48(sp)
            BCo = Ebo^Ego^Eko^Emo^Eso;
20001ef4:	8cb5                	xor	s1,s1,a3
20001ef6:	10912623          	sw	s1,268(sp)
            Emo =   BCo ^((~BCu)&  BCa );
20001efa:	56be                	lw	a3,236(sp)
20001efc:	54c6                	lw	s1,112(sp)
            Ese =   BCe ^((~BCi)&  BCo );
20001efe:	fff7c793          	not	a5,a5
            Emo =   BCo ^((~BCu)&  BCa );
20001f02:	8cb5                	xor	s1,s1,a3
20001f04:	cfa6                	sw	s1,220(sp)
            Eso =   BCo ^((~BCu)&  BCa );
20001f06:	56fe                	lw	a3,252(sp)
20001f08:	5492                	lw	s1,36(sp)
20001f0a:	0096f433          	and	s0,a3,s1
            BCo = Ebo^Ego^Eko^Emo^Eso;
20001f0e:	11012483          	lw	s1,272(sp)
20001f12:	46ce                	lw	a3,208(sp)
            Eso =   BCo ^((~BCu)&  BCa );
20001f14:	dba2                	sw	s0,244(sp)
            BCo = Ebo^Ego^Eko^Emo^Eso;
20001f16:	8cb5                	xor	s1,s1,a3
20001f18:	10912823          	sw	s1,272(sp)
            Emo =   BCo ^((~BCu)&  BCa );
20001f1c:	56ce                	lw	a3,240(sp)
20001f1e:	54d6                	lw	s1,116(sp)
20001f20:	8cb5                	xor	s1,s1,a3
20001f22:	daa6                	sw	s1,116(sp)
            Eso =   BCo ^((~BCu)&  BCa );
20001f24:	10012683          	lw	a3,256(sp)
20001f28:	54f2                	lw	s1,60(sp)
20001f2a:	8ee5                	and	a3,a3,s1
20001f2c:	d9b6                	sw	a3,240(sp)
            BCe = Ebe^Ege^Eke^Eme^Ese;
20001f2e:	44d6                	lw	s1,84(sp)
20001f30:	10412683          	lw	a3,260(sp)
20001f34:	8ea5                	xor	a3,a3,s1
20001f36:	dfb6                	sw	a3,252(sp)
            Eme =   BCe ^((~BCi)&  BCo );
20001f38:	5486                	lw	s1,96(sp)
            BCi = Ebi^Egi^Eki^Emi^Esi;
20001f3a:	56ca                	lw	a3,176(sp)
            Ema =   BCa ^((~BCe)&  BCi );
20001f3c:	4422                	lw	s0,8(sp)
            Eme =   BCe ^((~BCi)&  BCo );
20001f3e:	8e25                	xor	a2,a2,s1
            Emi =   BCi ^((~BCo)&  BCu );
20001f40:	54a6                	lw	s1,104(sp)
            Eme =   BCe ^((~BCi)&  BCo );
20001f42:	d8b2                	sw	a2,112(sp)
            Esi =   BCi ^((~BCo)&  BCu );
20001f44:	463a                	lw	a2,140(sp)
            Emi =   BCi ^((~BCo)&  BCu );
20001f46:	8cad                	xor	s1,s1,a1
20001f48:	d4a6                	sw	s1,104(sp)
            BCi = Ebi^Egi^Eki^Emi^Esi;
20001f4a:	44e6                	lw	s1,88(sp)
            Esi =   BCi ^((~BCo)&  BCu );
20001f4c:	fff64613          	not	a2,a2
            BCi = Ebi^Egi^Eki^Emi^Esi;
20001f50:	00d4c5b3          	xor	a1,s1,a3
            Ese =   BCe ^((~BCi)&  BCo );
20001f54:	44aa                	lw	s1,136(sp)
            BCa = Eba^Ega^Eka^Ema^Esa;
20001f56:	56e2                	lw	a3,56(sp)
            Ese =   BCe ^((~BCi)&  BCo );
20001f58:	0092f2b3          	and	t0,t0,s1
            BCa = Eba^Ega^Eka^Ema^Esa;
20001f5c:	54d2                	lw	s1,52(sp)
            Ese =   BCe ^((~BCi)&  BCo );
20001f5e:	d396                	sw	t0,228(sp)
            BCa = Eba^Ega^Eka^Ema^Esa;
20001f60:	00d4c2b3          	xor	t0,s1,a3
            Esi =   BCi ^((~BCo)&  BCu );
20001f64:	44ca                	lw	s1,144(sp)
20001f66:	0093f6b3          	and	a3,t2,s1
20001f6a:	d7b6                	sw	a3,236(sp)
            Ema =   BCa ^((~BCe)&  BCi );
20001f6c:	4692                	lw	a3,4(sp)
            Esa =   BCa ^((~BCe)&  BCi );
20001f6e:	439a                	lw	t2,132(sp)
            Ema =   BCa ^((~BCe)&  BCi );
20001f70:	8c35                	xor	s0,s0,a3
20001f72:	c6a2                	sw	s0,76(sp)
            Esa =   BCa ^((~BCe)&  BCi );
20001f74:	440a                	lw	s0,128(sp)
            Emu =   BCu ^((~BCa)&  BCe );
20001f76:	56ae                	lw	a3,232(sp)
            Esa =   BCa ^((~BCe)&  BCi );
20001f78:	00757533          	and	a0,a0,t2
20001f7c:	fff44493          	not	s1,s0
            Esu =   BCu ^((~BCa)&  BCe );
20001f80:	5382                	lw	t2,32(sp)
            Emu =   BCu ^((~BCa)&  BCe );
20001f82:	5466                	lw	s0,120(sp)
            Esa =   BCa ^((~BCe)&  BCi );
20001f84:	c22a                	sw	a0,4(sp)
            Esu =   BCu ^((~BCa)&  BCe );
20001f86:	00737333          	and	t1,t1,t2
            Emu =   BCu ^((~BCa)&  BCe );
20001f8a:	8c35                	xor	s0,s0,a3
            BCi = Ebi^Egi^Eki^Emi^Esi;
20001f8c:	10812383          	lw	t2,264(sp)
20001f90:	46f6                	lw	a3,92(sp)
            Emu =   BCu ^((~BCa)&  BCe );
20001f92:	dca2                	sw	s0,120(sp)
            Esu =   BCu ^((~BCa)&  BCe );
20001f94:	5472                	lw	s0,60(sp)
            BCi = Ebi^Egi^Eki^Emi^Esi;
20001f96:	00d3c533          	xor	a0,t2,a3
            BCe = Ebe^Ege^Eke^Eme^Ese;
20001f9a:	53ee                	lw	t2,248(sp)
20001f9c:	46a6                	lw	a3,72(sp)
            BCi = Ebi^Egi^Eki^Emi^Esi;
20001f9e:	10a12023          	sw	a0,256(sp)
            Esu =   BCu ^((~BCa)&  BCe );
20001fa2:	fff44413          	not	s0,s0
            BCe = Ebe^Ege^Eke^Eme^Ese;
20001fa6:	00d3c533          	xor	a0,t2,a3
            Eme =   BCe ^((~BCi)&  BCo );
20001faa:	5396                	lw	t2,100(sp)
20001fac:	568e                	lw	a3,224(sp)
            BCe = Ebe^Ege^Eke^Eme^Ese;
20001fae:	d5aa                	sw	a0,232(sp)
            Eme =   BCe ^((~BCi)&  BCo );
20001fb0:	0076c6b3          	xor	a3,a3,t2
20001fb4:	d2b6                	sw	a3,100(sp)
            BCa = Eba^Ega^Eka^Ema^Esa;
20001fb6:	53da                	lw	t2,180(sp)
20001fb8:	46ea                	lw	a3,152(sp)
20001fba:	0076c6b3          	xor	a3,a3,t2
            Emi =   BCi ^((~BCo)&  BCu );
20001fbe:	53b6                	lw	t2,108(sp)
20001fc0:	00774733          	xor	a4,a4,t2
20001fc4:	d6ba                	sw	a4,108(sp)
            BCu = Ebu^Egu^Eku^Emu^Esu;
20001fc6:	43de                	lw	t2,212(sp)
20001fc8:	576a                	lw	a4,184(sp)
20001fca:	00774533          	xor	a0,a4,t2
            Ese =   BCe ^((~BCi)&  BCo );
20001fce:	43ba                	lw	t2,140(sp)
20001fd0:	0077f733          	and	a4,a5,t2
            BCu = Ebu^Egu^Eku^Emu^Esu;
20001fd4:	43ee                	lw	t2,216(sp)
20001fd6:	4796                	lw	a5,68(sp)
            Ese =   BCe ^((~BCi)&  BCo );
20001fd8:	c43a                	sw	a4,8(sp)
            Ema =   BCa ^((~BCe)&  BCi );
20001fda:	4742                	lw	a4,16(sp)
            BCu = Ebu^Egu^Eku^Emu^Esu;
20001fdc:	0077c7b3          	xor	a5,a5,t2
            Esi =   BCi ^((~BCo)&  BCu );
20001fe0:	43da                	lw	t2,148(sp)
20001fe2:	00767633          	and	a2,a2,t2
            BCi = Ebi^Egi^Eki^Emi^Esi;
20001fe6:	43c6                	lw	t2,80(sp)
20001fe8:	0075c5b3          	xor	a1,a1,t2
            BCa = Eba^Ega^Eka^Ema^Esa;
20001fec:	53b2                	lw	t2,44(sp)
20001fee:	0072c2b3          	xor	t0,t0,t2
            Ema =   BCa ^((~BCe)&  BCi );
20001ff2:	43b2                	lw	t2,12(sp)
20001ff4:	007743b3          	xor	t2,a4,t2
20001ff8:	d09e                	sw	t2,96(sp)
            Emu =   BCu ^((~BCa)&  BCe );
20001ffa:	4752                	lw	a4,20(sp)
20001ffc:	53f6                	lw	t2,124(sp)
20001ffe:	007743b3          	xor	t2,a4,t2
20002002:	de9e                	sw	t2,124(sp)
            Esa =   BCa ^((~BCe)&  BCi );
20002004:	53c2                	lw	t2,48(sp)
20002006:	0074f4b3          	and	s1,s1,t2
            Esu =   BCu ^((~BCa)&  BCe );
2000200a:	438a                	lw	t2,128(sp)
2000200c:	00747433          	and	s0,s0,t2
            BCa = Eba^Ega^Eka^Ema^Esa;
20002010:	53a2                	lw	t2,40(sp)
20002012:	0076c6b3          	xor	a3,a3,t2
            BCu = Ebu^Egu^Eku^Emu^Esu;
20002016:	43f2                	lw	t2,28(sp)
20002018:	00754533          	xor	a0,a0,t2
2000201c:	43e2                	lw	t2,24(sp)
2000201e:	ddaa                	sw	a0,248(sp)
            BCo = Ebo^Ego^Eko^Emo^Eso;
20002020:	10c12503          	lw	a0,268(sp)
            BCu = Ebu^Egu^Eku^Emu^Esu;
20002024:	0077c7b3          	xor	a5,a5,t2
            BCo = Ebo^Ego^Eko^Emo^Eso;
20002028:	43fe                	lw	t2,220(sp)
2000202a:	00754733          	xor	a4,a0,t2
            Eso =   BCo ^((~BCu)&  BCa );
2000202e:	555e                	lw	a0,244(sp)
20002030:	43aa                	lw	t2,136(sp)
            BCo = Ebo^Ego^Eko^Emo^Eso;
20002032:	c83a                	sw	a4,16(sp)
            Eso =   BCo ^((~BCu)&  BCa );
20002034:	007543b3          	xor	t2,a0,t2
20002038:	d19e                	sw	t2,224(sp)
            BCo = Ebo^Ego^Eko^Emo^Eso;
2000203a:	11012503          	lw	a0,272(sp)
2000203e:	53d6                	lw	t2,116(sp)
20002040:	00754733          	xor	a4,a0,t2
            Eso =   BCo ^((~BCu)&  BCa );
20002044:	554e                	lw	a0,240(sp)
20002046:	43ba                	lw	t2,140(sp)
            BCo = Ebo^Ego^Eko^Emo^Eso;
20002048:	ca3a                	sw	a4,20(sp)
            Esi =   BCi ^((~BCo)&  BCu );
2000204a:	573e                	lw	a4,236(sp)
            Eso =   BCo ^((~BCu)&  BCa );
2000204c:	007543b3          	xor	t2,a0,t2
20002050:	c71e                	sw	t2,140(sp)
            BCe = Ebe^Ege^Eke^Eme^Ese;
20002052:	557e                	lw	a0,252(sp)
20002054:	53c6                	lw	t2,112(sp)
20002056:	00754533          	xor	a0,a0,t2
2000205a:	c62a                	sw	a0,12(sp)
            Ese =   BCe ^((~BCi)&  BCo );
2000205c:	5382                	lw	t2,32(sp)
2000205e:	551e                	lw	a0,228(sp)
20002060:	007543b3          	xor	t2,a0,t2
20002064:	c51e                	sw	t2,136(sp)
            Esi =   BCi ^((~BCo)&  BCu );
20002066:	439a                	lw	t2,132(sp)
20002068:	007743b3          	xor	t2,a4,t2
2000206c:	c31e                	sw	t2,132(sp)
            Esa =   BCa ^((~BCe)&  BCi );
2000206e:	4712                	lw	a4,4(sp)
20002070:	5392                	lw	t2,36(sp)
20002072:	00774533          	xor	a0,a4,t2
20002076:	d02a                	sw	a0,32(sp)
            Esu =   BCu ^((~BCa)&  BCe );
20002078:	454a                	lw	a0,144(sp)
            BCe = Ebe^Ege^Eke^Eme^Ese;
2000207a:	53ae                	lw	t2,232(sp)
            Ese =   BCe ^((~BCi)&  BCo );
2000207c:	4722                	lw	a4,8(sp)
            Esu =   BCu ^((~BCa)&  BCe );
2000207e:	00a34533          	xor	a0,t1,a0
20002082:	c92a                	sw	a0,144(sp)
            BCi = Ebi^Egi^Eki^Emi^Esi;
20002084:	10012303          	lw	t1,256(sp)
20002088:	5526                	lw	a0,104(sp)
2000208a:	00a34333          	xor	t1,t1,a0
            BCe = Ebe^Ege^Eke^Eme^Ese;
2000208e:	5516                	lw	a0,100(sp)
20002090:	00a3c533          	xor	a0,t2,a0
            Ese =   BCe ^((~BCi)&  BCo );
20002094:	438a                	lw	t2,128(sp)
20002096:	007743b3          	xor	t2,a4,t2
2000209a:	c11e                	sw	t2,128(sp)
            Esi =   BCi ^((~BCo)&  BCu );
2000209c:	53c2                	lw	t2,48(sp)
2000209e:	00764633          	xor	a2,a2,t2
200020a2:	d832                	sw	a2,48(sp)
            BCi = Ebi^Egi^Eki^Emi^Esi;
200020a4:	5636                	lw	a2,108(sp)
            Esa =   BCa ^((~BCe)&  BCi );
200020a6:	53f2                	lw	t2,60(sp)
            BCi = Ebi^Egi^Eki^Emi^Esi;
200020a8:	8db1                	xor	a1,a1,a2
            BCa = Eba^Ega^Eka^Ema^Esa;
200020aa:	5606                	lw	a2,96(sp)
            Esa =   BCa ^((~BCe)&  BCi );
200020ac:	0074c4b3          	xor	s1,s1,t2
200020b0:	d226                	sw	s1,36(sp)
            Esu =   BCu ^((~BCa)&  BCe );
200020b2:	43da                	lw	t2,148(sp)
            BCa = Eba^Ega^Eka^Ema^Esa;
200020b4:	00c2c633          	xor	a2,t0,a2
200020b8:	42b6                	lw	t0,76(sp)
            Esu =   BCu ^((~BCa)&  BCe );
200020ba:	007444b3          	xor	s1,s0,t2
200020be:	de26                	sw	s1,60(sp)
            BCu = Ebu^Egu^Eku^Emu^Esu;
200020c0:	546e                	lw	s0,248(sp)
200020c2:	54e6                	lw	s1,120(sp)
            BCa = Eba^Ega^Eka^Ema^Esa;
200020c4:	0056c6b3          	xor	a3,a3,t0
            BCu = Ebu^Egu^Eku^Emu^Esu;
200020c8:	52f6                	lw	t0,124(sp)
200020ca:	00944733          	xor	a4,s0,s1
            BCo = Ebo^Ego^Eko^Emo^Eso;
200020ce:	548e                	lw	s1,224(sp)
            BCu = Ebu^Egu^Eku^Emu^Esu;
200020d0:	0057c7b3          	xor	a5,a5,t0
            BCo = Ebo^Ego^Eko^Emo^Eso;
200020d4:	42c2                	lw	t0,16(sp)
            BCe = Ebe^Ege^Eke^Eme^Ese;
200020d6:	43b2                	lw	t2,12(sp)
            BCo = Ebo^Ego^Eko^Emo^Eso;
200020d8:	0092c433          	xor	s0,t0,s1
200020dc:	44d2                	lw	s1,20(sp)
200020de:	42ba                	lw	t0,140(sp)
200020e0:	0054c4b3          	xor	s1,s1,t0
            BCe = Ebe^Ege^Eke^Eme^Ese;
200020e4:	42aa                	lw	t0,136(sp)
200020e6:	0053c3b3          	xor	t2,t2,t0
            BCi = Ebi^Egi^Eki^Emi^Esi;
200020ea:	429a                	lw	t0,132(sp)
            BCe = Ebe^Ege^Eke^Eme^Ese;
200020ec:	c61e                	sw	t2,12(sp)
            BCi = Ebi^Egi^Eki^Emi^Esi;
200020ee:	00534333          	xor	t1,t1,t0
            BCe = Ebe^Ege^Eke^Eme^Ese;
200020f2:	428a                	lw	t0,128(sp)
            BCi = Ebi^Egi^Eki^Emi^Esi;
200020f4:	c21a                	sw	t1,4(sp)
            BCe = Ebe^Ege^Eke^Eme^Ese;
200020f6:	00554533          	xor	a0,a0,t0
200020fa:	c82a                	sw	a0,16(sp)
            BCi = Ebi^Egi^Eki^Emi^Esi;
200020fc:	5542                	lw	a0,48(sp)
200020fe:	8da9                	xor	a1,a1,a0
20002100:	832e                	mv	t1,a1
            BCa = Eba^Ega^Eka^Ema^Esa;
20002102:	5592                	lw	a1,36(sp)
20002104:	5502                	lw	a0,32(sp)
20002106:	8e2d                	xor	a2,a2,a1
            BCu = Ebu^Egu^Eku^Emu^Esu;
20002108:	45ca                	lw	a1,144(sp)
            BCa = Eba^Ega^Eka^Ema^Esa;
2000210a:	8ea9                	xor	a3,a3,a0
2000210c:	82b6                	mv	t0,a3
            BCu = Ebu^Egu^Eku^Emu^Esu;
2000210e:	00b746b3          	xor	a3,a4,a1
20002112:	5772                	lw	a4,60(sp)
20002114:	c436                	sw	a3,8(sp)

            //thetaRhoPiChiIotaPrepareTheta(round+1, E, A)
            Da = BCu^ROL(BCe, 1);
            De = BCa^ROL(BCi, 1);
            Di = BCe^ROL(BCo, 1);
20002116:	86a6                	mv	a3,s1
            BCu = Ebu^Egu^Eku^Emu^Esu;
20002118:	8fb9                	xor	a5,a5,a4
2000211a:	ca3e                	sw	a5,20(sp)
            Di = BCe^ROL(BCo, 1);
2000211c:	d9b6                	sw	a3,240(sp)
2000211e:	87a2                	mv	a5,s0
20002120:	00169593          	slli	a1,a3,0x1
            Do = BCi^ROL(BCu, 1);
            Du = BCo^ROL(BCa, 1);
20002124:	00129693          	slli	a3,t0,0x1
            Di = BCe^ROL(BCo, 1);
20002128:	01f7d713          	srli	a4,a5,0x1f
2000212c:	0406                	slli	s0,s0,0x1
2000212e:	80fd                	srli	s1,s1,0x1f
            Du = BCo^ROL(BCa, 1);
20002130:	ddb6                	sw	a3,248(sp)
            De = BCa^ROL(BCi, 1);
20002132:	869a                	mv	a3,t1
            Di = BCe^ROL(BCo, 1);
20002134:	d7be                	sw	a5,236(sp)
20002136:	dbba                	sw	a4,244(sp)
            Du = BCo^ROL(BCa, 1);
20002138:	cb16                	sw	t0,148(sp)
            Di = BCe^ROL(BCo, 1);
2000213a:	0084e733          	or	a4,s1,s0
            Du = BCo^ROL(BCa, 1);
2000213e:	d3b2                	sw	a2,228(sp)
            De = BCa^ROL(BCi, 1);
20002140:	d5b6                	sw	a3,232(sp)
20002142:	4512                	lw	a0,4(sp)
            Di = BCe^ROL(BCo, 1);
20002144:	dfba                	sw	a4,252(sp)
20002146:	575e                	lw	a4,244(sp)
            Du = BCo^ROL(BCa, 1);
20002148:	01f65393          	srli	t2,a2,0x1f
2000214c:	00161793          	slli	a5,a2,0x1
            Di = BCe^ROL(BCo, 1);
20002150:	8dd9                	or	a1,a1,a4
            Du = BCo^ROL(BCa, 1);
20002152:	576e                	lw	a4,248(sp)
            De = BCa^ROL(BCi, 1);
20002154:	01f35313          	srli	t1,t1,0x1f
20002158:	00151613          	slli	a2,a0,0x1
            Do = BCi^ROL(BCu, 1);
2000215c:	44a2                	lw	s1,8(sp)
            Du = BCo^ROL(BCa, 1);
2000215e:	00e3e733          	or	a4,t2,a4
            De = BCa^ROL(BCi, 1);
20002162:	00c36633          	or	a2,t1,a2
            Do = BCi^ROL(BCu, 1);
20002166:	43d2                	lw	t2,20(sp)
20002168:	4352                	lw	t1,20(sp)
            Du = BCo^ROL(BCa, 1);
2000216a:	01f2d293          	srli	t0,t0,0x1f
            Do = BCi^ROL(BCu, 1);
2000216e:	00149413          	slli	s0,s1,0x1
            De = BCa^ROL(BCi, 1);
20002172:	817d                	srli	a0,a0,0x1f
            Do = BCi^ROL(BCu, 1);
20002174:	01f3d393          	srli	t2,t2,0x1f
            Du = BCo^ROL(BCa, 1);
20002178:	00f2e7b3          	or	a5,t0,a5
            Do = BCi^ROL(BCu, 1);
2000217c:	0306                	slli	t1,t1,0x1
2000217e:	01f4d293          	srli	t0,s1,0x1f
            De = BCa^ROL(BCi, 1);
20002182:	0686                	slli	a3,a3,0x1
            Da = BCu^ROL(BCe, 1);
20002184:	44c2                	lw	s1,16(sp)
            De = BCa^ROL(BCi, 1);
20002186:	8ec9                	or	a3,a3,a0
            Do = BCi^ROL(BCu, 1);
20002188:	0062e2b3          	or	t0,t0,t1
2000218c:	0083e533          	or	a0,t2,s0
            Da = BCu^ROL(BCe, 1);
20002190:	4332                	lw	t1,12(sp)
20002192:	43c2                	lw	t2,16(sp)
20002194:	4432                	lw	s0,12(sp)
20002196:	80fd                	srli	s1,s1,0x1f
20002198:	0386                	slli	t2,t2,0x1
2000219a:	0406                	slli	s0,s0,0x1
2000219c:	01f35313          	srli	t1,t1,0x1f
200021a0:	00736333          	or	t1,t1,t2
200021a4:	8cc1                	or	s1,s1,s0
            Di = BCe^ROL(BCo, 1);
200021a6:	43b2                	lw	t2,12(sp)
200021a8:	547e                	lw	s0,252(sp)
200021aa:	007443b3          	xor	t2,s0,t2
200021ae:	4442                	lw	s0,16(sp)
200021b0:	8da1                	xor	a1,a1,s0
            Du = BCo^ROL(BCa, 1);
200021b2:	543e                	lw	s0,236(sp)
200021b4:	8f21                	xor	a4,a4,s0
200021b6:	544e                	lw	s0,240(sp)
200021b8:	8fa1                	xor	a5,a5,s0
            De = BCa^ROL(BCi, 1);
200021ba:	445a                	lw	s0,148(sp)
200021bc:	8e21                	xor	a2,a2,s0
200021be:	541e                	lw	s0,228(sp)
200021c0:	8ea1                	xor	a3,a3,s0
            Do = BCi^ROL(BCu, 1);
200021c2:	4412                	lw	s0,4(sp)
200021c4:	8d21                	xor	a0,a0,s0
200021c6:	542e                	lw	s0,232(sp)
200021c8:	0082c2b3          	xor	t0,t0,s0
            Da = BCu^ROL(BCe, 1);
200021cc:	4422                	lw	s0,8(sp)
200021ce:	8ca1                	xor	s1,s1,s0
200021d0:	4452                	lw	s0,20(sp)
200021d2:	00834433          	xor	s0,t1,s0
200021d6:	c222                	sw	s0,4(sp)

            Eba ^= Da;
            BCa = Eba;
            Ege ^= De;
            BCe = ROL(Ege, 44);
            Eki ^= Di;
200021d8:	4476                	lw	s0,92(sp)
200021da:	00744333          	xor	t1,s0,t2
200021de:	c41a                	sw	t1,8(sp)
            Ago =   BCo ^((~BCu)&  BCa );
            Agu =   BCu ^((~BCa)&  BCe );

            Ebe ^= De;
            BCa = ROL(Ebe, 1);
            Egi ^= Di;
200021e0:	430e                	lw	t1,192(sp)
200021e2:	00734433          	xor	s0,t1,t2
            Ame =   BCe ^((~BCi)&  BCo );
            Ami =   BCi ^((~BCo)&  BCu );
            Amo =   BCo ^((~BCu)&  BCa );
            Amu =   BCu ^((~BCa)&  BCe );

            Ebi ^= Di;
200021e6:	531a                	lw	t1,164(sp)
            Egi ^= Di;
200021e8:	cb22                	sw	s0,148(sp)
            Emi ^= Di;
200021ea:	5426                	lw	s0,104(sp)
            Ebi ^= Di;
200021ec:	00734333          	xor	t1,t1,t2
200021f0:	10612023          	sw	t1,256(sp)
            Emi ^= Di;
200021f4:	00744433          	xor	s0,s0,t2
            Esi ^= Di;
200021f8:	431a                	lw	t1,132(sp)
            Emi ^= Di;
200021fa:	dda2                	sw	s0,248(sp)
            Eki ^= Di;
200021fc:	4446                	lw	s0,80(sp)
            Esi ^= Di;
200021fe:	007343b3          	xor	t2,t1,t2
20002202:	ce9e                	sw	t2,92(sp)
            Eki ^= Di;
20002204:	00b443b3          	xor	t2,s0,a1
20002208:	c61e                	sw	t2,12(sp)
            Egi ^= Di;
2000220a:	53ca                	lw	t2,176(sp)
            Emi ^= Di;
2000220c:	5436                	lw	s0,108(sp)
            Esi ^= Di;
2000220e:	5342                	lw	t1,48(sp)
            Egi ^= Di;
20002210:	00b3c3b3          	xor	t2,t2,a1
20002214:	c31e                	sw	t2,132(sp)
            Ebi ^= Di;
20002216:	43e6                	lw	t2,88(sp)
            Emi ^= Di;
20002218:	8c2d                	xor	s0,s0,a1
2000221a:	dfa2                	sw	s0,252(sp)
            Ebi ^= Di;
2000221c:	00b3c3b3          	xor	t2,t2,a1
            Esi ^= Di;
20002220:	00b345b3          	xor	a1,t1,a1
            Ege ^= De;
20002224:	537a                	lw	t1,188(sp)
            Esi ^= Di;
20002226:	ccae                	sw	a1,88(sp)
            Ebe ^= De;
20002228:	540a                	lw	s0,160(sp)
            Ege ^= De;
2000222a:	00c345b3          	xor	a1,t1,a2
2000222e:	c82e                	sw	a1,16(sp)
            Eme ^= De;
20002230:	55c6                	lw	a1,112(sp)
            Ege ^= De;
20002232:	437a                	lw	t1,156(sp)
            Ebi ^= Di;
20002234:	10712223          	sw	t2,260(sp)
            Eme ^= De;
20002238:	8db1                	xor	a1,a1,a2
2000223a:	d4ae                	sw	a1,104(sp)
            Ebe ^= De;
2000223c:	00c445b3          	xor	a1,s0,a2
20002240:	d6ae                	sw	a1,108(sp)
            Eke ^= De;
20002242:	45d6                	lw	a1,84(sp)
            Eme ^= De;
20002244:	5416                	lw	s0,100(sp)
            Eke ^= De;
20002246:	8db1                	xor	a1,a1,a2
20002248:	d9ae                	sw	a1,240(sp)
            BCe = ROL(Ego, 55);
            Eku ^= Du;
            BCi = ROL(Eku, 39);
            Ema ^= Da;
            BCo = ROL(Ema, 41);
            Ese ^= De;
2000224a:	45aa                	lw	a1,136(sp)
2000224c:	8e2d                	xor	a2,a2,a1
            Ege ^= De;
2000224e:	00d345b3          	xor	a1,t1,a3
            Ebe ^= De;
20002252:	4306                	lw	t1,64(sp)
            Ese ^= De;
20002254:	12c12223          	sw	a2,292(sp)
            Eme ^= De;
20002258:	00d44633          	xor	a2,s0,a3
2000225c:	d2b2                	sw	a2,100(sp)
            Ebe ^= De;
2000225e:	00d34633          	xor	a2,t1,a3
            Ese ^= De;
20002262:	440a                	lw	s0,128(sp)
            Ebe ^= De;
20002264:	d8b2                	sw	a2,112(sp)
            Eke ^= De;
20002266:	4626                	lw	a2,72(sp)
20002268:	8e35                	xor	a2,a2,a3
            Ese ^= De;
2000226a:	8ea1                	xor	a3,a3,s0
            Esu ^= Du;
2000226c:	444a                	lw	s0,144(sp)
            Ese ^= De;
2000226e:	10d12823          	sw	a3,272(sp)
            Eke ^= De;
20002272:	dbb2                	sw	a2,244(sp)
            Esu ^= Du;
20002274:	00e443b3          	xor	t2,s0,a4
            Egu ^= Du;
20002278:	546a                	lw	s0,184(sp)
2000227a:	00e446b3          	xor	a3,s0,a4
            Emu ^= Du;
2000227e:	5466                	lw	s0,120(sp)
            Egu ^= Du;
20002280:	c8b6                	sw	a3,80(sp)
            Emu ^= Du;
20002282:	00e446b3          	xor	a3,s0,a4
20002286:	d3b6                	sw	a3,228(sp)
            Ebu ^= Du;
20002288:	4472                	lw	s0,28(sp)
            Emu ^= Du;
2000228a:	5676                	lw	a2,124(sp)
            Ebu ^= Du;
2000228c:	8c39                	xor	s0,s0,a4
            Emu ^= Du;
2000228e:	00f646b3          	xor	a3,a2,a5
            Ebu ^= Du;
20002292:	d5a2                	sw	s0,232(sp)
20002294:	4662                	lw	a2,24(sp)
            Eku ^= Du;
20002296:	445e                	lw	s0,212(sp)
            Emu ^= Du;
20002298:	cbb6                	sw	a3,212(sp)
            Ebu ^= Du;
2000229a:	00f646b3          	xor	a3,a2,a5
            Eku ^= Du;
2000229e:	8f21                	xor	a4,a4,s0
200022a0:	10e12a23          	sw	a4,276(sp)
            Esu ^= Du;
200022a4:	5472                	lw	s0,60(sp)
            Egu ^= Du;
200022a6:	4716                	lw	a4,68(sp)
            Ebu ^= Du;
200022a8:	d7b6                	sw	a3,236(sp)
            Eku ^= Du;
200022aa:	46ee                	lw	a3,216(sp)
            Egu ^= Du;
200022ac:	00f74333          	xor	t1,a4,a5
            Esu ^= Du;
200022b0:	8c3d                	xor	s0,s0,a5
            Eku ^= Du;
200022b2:	8fb5                	xor	a5,a5,a3
            Emo ^= Do;
200022b4:	46fe                	lw	a3,220(sp)
            Egu ^= Du;
200022b6:	c49a                	sw	t1,72(sp)
            Eku ^= Du;
200022b8:	10f12c23          	sw	a5,280(sp)
            Eko ^= Do;
200022bc:	433e                	lw	t1,204(sp)
            Ebo ^= Do;
200022be:	57aa                	lw	a5,168(sp)
            Eso ^= Do;
200022c0:	560e                	lw	a2,224(sp)
            Emo ^= Do;
200022c2:	8ea9                	xor	a3,a3,a0
200022c4:	ca36                	sw	a3,20(sp)
            Ebo ^= Do;
200022c6:	00a7c6b3          	xor	a3,a5,a0
            Eko ^= Do;
200022ca:	00a347b3          	xor	a5,t1,a0
200022ce:	c93e                	sw	a5,144(sp)
            Eso ^= Do;
200022d0:	00a647b3          	xor	a5,a2,a0
200022d4:	cfbe                	sw	a5,220(sp)
            Ego ^= Do;
200022d6:	461e                	lw	a2,196(sp)
            Ebo ^= Do;
200022d8:	57ba                	lw	a5,172(sp)
            Ego ^= Do;
200022da:	8d31                	xor	a0,a0,a2
            Ebo ^= Do;
200022dc:	0057c633          	xor	a2,a5,t0
            Eko ^= Do;
200022e0:	47ce                	lw	a5,208(sp)
            Ego ^= Do;
200022e2:	10a12423          	sw	a0,264(sp)
            Emo ^= Do;
200022e6:	5556                	lw	a0,116(sp)
            Eko ^= Do;
200022e8:	0057c7b3          	xor	a5,a5,t0
200022ec:	c53e                	sw	a5,136(sp)
            Eso ^= Do;
200022ee:	47ba                	lw	a5,140(sp)
            Emo ^= Do;
200022f0:	00554533          	xor	a0,a0,t0
            Eso ^= Do;
200022f4:	0057c7b3          	xor	a5,a5,t0
200022f8:	cdbe                	sw	a5,216(sp)
            Ego ^= Do;
200022fa:	47ae                	lw	a5,200(sp)
200022fc:	0057c7b3          	xor	a5,a5,t0
            Esa ^= Da;
20002300:	5282                	lw	t0,32(sp)
            Ego ^= Do;
20002302:	10f12623          	sw	a5,268(sp)
            Eka ^= Da;
20002306:	57a2                	lw	a5,40(sp)
            Esa ^= Da;
20002308:	0092c2b3          	xor	t0,t0,s1
2000230c:	da96                	sw	t0,116(sp)
            Ega ^= Da;
2000230e:	535a                	lw	t1,180(sp)
            Eka ^= Da;
20002310:	4712                	lw	a4,4(sp)
20002312:	8fa5                	xor	a5,a5,s1
            Ega ^= Da;
20002314:	009342b3          	xor	t0,t1,s1
            Ema ^= Da;
20002318:	4336                	lw	t1,76(sp)
            Ega ^= Da;
2000231a:	db16                	sw	t0,180(sp)
            Ema ^= Da;
2000231c:	009342b3          	xor	t0,t1,s1
            Eka ^= Da;
20002320:	5332                	lw	t1,44(sp)
            Ema ^= Da;
20002322:	10512e23          	sw	t0,284(sp)
            Eka ^= Da;
20002326:	00e342b3          	xor	t0,t1,a4
            Esa ^= Da;
2000232a:	5312                	lw	t1,36(sp)
2000232c:	00e34333          	xor	t1,t1,a4
20002330:	c71a                	sw	t1,140(sp)
            Ega ^= Da;
20002332:	5362                	lw	t1,56(sp)
20002334:	00e34333          	xor	t1,t1,a4
20002338:	c39a                	sw	t1,196(sp)
            Ema ^= Da;
2000233a:	5306                	lw	t1,96(sp)
2000233c:	00e34333          	xor	t1,t1,a4
20002340:	12612023          	sw	t1,288(sp)
            BCi = ROL(Eki, 43);
20002344:	4322                	lw	t1,8(sp)
20002346:	01535713          	srli	a4,t1,0x15
2000234a:	cc3a                	sw	a4,24(sp)
2000234c:	00b31713          	slli	a4,t1,0xb
20002350:	4332                	lw	t1,12(sp)
20002352:	ce3a                	sw	a4,28(sp)
20002354:	00b31713          	slli	a4,t1,0xb
20002358:	c43a                	sw	a4,8(sp)
2000235a:	01535713          	srli	a4,t1,0x15
            BCo = ROL(Emo, 21);
2000235e:	4352                	lw	t1,20(sp)
            BCi = ROL(Eki, 43);
20002360:	d03a                	sw	a4,32(sp)
            BCo = ROL(Emo, 21);
20002362:	00b55713          	srli	a4,a0,0xb
20002366:	0556                	slli	a0,a0,0x15
20002368:	d23a                	sw	a4,36(sp)
2000236a:	d82a                	sw	a0,48(sp)
2000236c:	00b35713          	srli	a4,t1,0xb
20002370:	01531513          	slli	a0,t1,0x15
            BCe = ROL(Ege, 44);
20002374:	4342                	lw	t1,16(sp)
            BCo = ROL(Emo, 21);
20002376:	d42a                	sw	a0,40(sp)
20002378:	d63a                	sw	a4,44(sp)
            Aba ^= (uint64_t)KeccakF_RoundConstants[round+1];
2000237a:	4502                	lw	a0,0(sp)
            BCe = ROL(Ege, 44);
2000237c:	00c59713          	slli	a4,a1,0xc
20002380:	c63a                	sw	a4,12(sp)
20002382:	01435713          	srli	a4,t1,0x14
20002386:	c83a                	sw	a4,16(sp)
20002388:	00c31713          	slli	a4,t1,0xc
2000238c:	ca3a                	sw	a4,20(sp)
            Aba ^= (uint64_t)KeccakF_RoundConstants[round+1];
2000238e:	4518                	lw	a4,8(a0)
            BCe = ROL(Ege, 44);
20002390:	81d1                	srli	a1,a1,0x14
            Aba ^= (uint64_t)KeccakF_RoundConstants[round+1];
20002392:	c7ba                	sw	a4,204(sp)
            BCu = ROL(Esu, 14);
20002394:	01245713          	srli	a4,s0,0x12
20002398:	dc3a                	sw	a4,56(sp)
2000239a:	00e39713          	slli	a4,t2,0xe
2000239e:	de3a                	sw	a4,60(sp)
            Aba ^= (uint64_t)KeccakF_RoundConstants[round+1];
200023a0:	4558                	lw	a4,12(a0)
            BCe = ROL(Egu, 20);
200023a2:	4326                	lw	t1,72(sp)
            BCu = ROL(Esu, 14);
200023a4:	0123d393          	srli	t2,t2,0x12
            Aba ^= (uint64_t)KeccakF_RoundConstants[round+1];
200023a8:	c9ba                	sw	a4,208(sp)
            BCa = ROL(Ebo, 28);
200023aa:	00465713          	srli	a4,a2,0x4
200023ae:	c0ba                	sw	a4,64(sp)
200023b0:	01c69713          	slli	a4,a3,0x1c
200023b4:	c2ba                	sw	a4,68(sp)
            BCe = ROL(Egu, 20);
200023b6:	00c35713          	srli	a4,t1,0xc
200023ba:	c4ba                	sw	a4,72(sp)
200023bc:	01431713          	slli	a4,t1,0x14
200023c0:	4346                	lw	t1,80(sp)
            BCu = ROL(Esu, 14);
200023c2:	043a                	slli	s0,s0,0xe
200023c4:	0083e433          	or	s0,t2,s0
            BCe = ROL(Egu, 20);
200023c8:	01431513          	slli	a0,t1,0x14
200023cc:	c6aa                	sw	a0,76(sp)
200023ce:	00c35513          	srli	a0,t1,0xc
            BCu = ROL(Esi, 61);
200023d2:	4366                	lw	t1,88(sp)
            BCe = ROL(Egu, 20);
200023d4:	c8aa                	sw	a0,80(sp)
            BCa = ROL(Ebo, 28);
200023d6:	0672                	slli	a2,a2,0x1c
            BCu = ROL(Esi, 61);
200023d8:	01d31513          	slli	a0,t1,0x1d
200023dc:	cf2a                	sw	a0,156(sp)
200023de:	00335513          	srli	a0,t1,0x3
200023e2:	4376                	lw	t1,92(sp)
200023e4:	d92a                	sw	a0,176(sp)
            BCa = ROL(Ebo, 28);
200023e6:	8291                	srli	a3,a3,0x4
            BCu = ROL(Esi, 61);
200023e8:	00335513          	srli	a0,t1,0x3
200023ec:	d12a                	sw	a0,160(sp)
200023ee:	01d31513          	slli	a0,t1,0x1d
            BCo = ROL(Eme, 45);
200023f2:	5316                	lw	t1,100(sp)
            BCu = ROL(Esi, 61);
200023f4:	d32a                	sw	a0,164(sp)
            BCi = ROL(Eka, 3);
200023f6:	01d2d513          	srli	a0,t0,0x1d
200023fa:	caaa                	sw	a0,84(sp)
200023fc:	00379513          	slli	a0,a5,0x3
20002400:	ccaa                	sw	a0,88(sp)
            BCo = ROL(Eme, 45);
20002402:	00d31513          	slli	a0,t1,0xd
20002406:	d0aa                	sw	a0,96(sp)
20002408:	01335513          	srli	a0,t1,0x13
2000240c:	5326                	lw	t1,104(sp)
            BCi = ROL(Eka, 3);
2000240e:	028e                	slli	t0,t0,0x3
            BCo = ROL(Eme, 45);
20002410:	d52a                	sw	a0,168(sp)
20002412:	01335513          	srli	a0,t1,0x13
20002416:	0336                	slli	t1,t1,0xd
            BCi = ROL(Eka, 3);
20002418:	ce96                	sw	t0,92(sp)
            BCo = ROL(Eme, 45);
2000241a:	d49a                	sw	t1,104(sp)
            BCi = ROL(Eki, 43);
2000241c:	42a2                	lw	t0,8(sp)
2000241e:	4362                	lw	t1,24(sp)
            BCo = ROL(Eme, 45);
20002420:	d2aa                	sw	a0,100(sp)
            BCa = ROL(Ebo, 28);
20002422:	8ed1                	or	a3,a3,a2
            BCi = ROL(Eki, 43);
20002424:	0062e333          	or	t1,t0,t1
20002428:	c41a                	sw	t1,8(sp)
            BCa = ROL(Ebe, 1);
2000242a:	5346                	lw	t1,112(sp)
            BCi = ROL(Eki, 43);
2000242c:	5282                	lw	t0,32(sp)
            BCi = ROL(Eka, 3);
2000242e:	83f5                	srli	a5,a5,0x1d
            BCa = ROL(Ebe, 1);
20002430:	01f35513          	srli	a0,t1,0x1f
20002434:	0306                	slli	t1,t1,0x1
20002436:	dd1a                	sw	t1,184(sp)
            BCi = ROL(Eki, 43);
20002438:	4372                	lw	t1,28(sp)
            BCa = ROL(Ebe, 1);
2000243a:	cc2a                	sw	a0,24(sp)
            BCi = ROL(Eki, 43);
2000243c:	00536333          	or	t1,t1,t0
20002440:	dc9a                	sw	t1,120(sp)
            Eba ^= Da;
20002442:	42ea                	lw	t0,152(sp)
            BCa = ROL(Ebe, 1);
20002444:	5336                	lw	t1,108(sp)
            Eba ^= Da;
20002446:	0092c4b3          	xor	s1,t0,s1
            BCa = ROL(Ebe, 1);
2000244a:	00131513          	slli	a0,t1,0x1
            Eba ^= Da;
2000244e:	c5a6                	sw	s1,200(sp)
            BCe = ROL(Egi, 6);
20002450:	449a                	lw	s1,132(sp)
            Eba ^= Da;
20002452:	52d2                	lw	t0,52(sp)
            BCa = ROL(Ebe, 1);
20002454:	ce2a                	sw	a0,28(sp)
            Eba ^= Da;
20002456:	4512                	lw	a0,4(sp)
            BCa = ROL(Ebe, 1);
20002458:	01f35313          	srli	t1,t1,0x1f
2000245c:	d01a                	sw	t1,32(sp)
            BCe = ROL(Egi, 6);
2000245e:	01a4d313          	srli	t1,s1,0x1a
20002462:	049a                	slli	s1,s1,0x6
20002464:	c1a6                	sw	s1,192(sp)
            Eba ^= Da;
20002466:	00a2c4b3          	xor	s1,t0,a0
            BCe = ROL(Egi, 6);
2000246a:	df1a                	sw	t1,188(sp)
2000246c:	42da                	lw	t0,148(sp)
            BCo = ROL(Emo, 21);
2000246e:	5322                	lw	t1,40(sp)
            Eba ^= Da;
20002470:	d6a6                	sw	s1,108(sp)
            BCo = ROL(Emo, 21);
20002472:	5492                	lw	s1,36(sp)
20002474:	0064e533          	or	a0,s1,t1
            BCe = ROL(Egi, 6);
20002478:	01a2d493          	srli	s1,t0,0x1a
            BCo = ROL(Emo, 21);
2000247c:	5332                	lw	t1,44(sp)
            BCe = ROL(Egi, 6);
2000247e:	d226                	sw	s1,36(sp)
            BCo = ROL(Emo, 21);
20002480:	54c2                	lw	s1,48(sp)
20002482:	deaa                	sw	a0,124(sp)
            BCe = ROL(Egi, 6);
20002484:	00629513          	slli	a0,t0,0x6
            BCo = ROL(Emo, 21);
20002488:	009364b3          	or	s1,t1,s1
2000248c:	c126                	sw	s1,128(sp)
            BCu = ROL(Esa, 18);
2000248e:	44ba                	lw	s1,140(sp)
            BCe = ROL(Ege, 44);
20002490:	42d2                	lw	t0,20(sp)
            BCu = ROL(Esa, 18);
20002492:	00e4d313          	srli	t1,s1,0xe
20002496:	04ca                	slli	s1,s1,0x12
20002498:	d81a                	sw	t1,48(sp)
2000249a:	da26                	sw	s1,52(sp)
            BCe = ROL(Ege, 44);
2000249c:	4342                	lw	t1,16(sp)
2000249e:	44b2                	lw	s1,12(sp)
200024a0:	00b2e5b3          	or	a1,t0,a1
            BCu = ROL(Esu, 14);
200024a4:	52f2                	lw	t0,60(sp)
            BCe = ROL(Ege, 44);
200024a6:	0064e4b3          	or	s1,s1,t1
200024aa:	d8a6                	sw	s1,112(sp)
            BCu = ROL(Esa, 18);
200024ac:	54d6                	lw	s1,116(sp)
            BCe = ROL(Ege, 44);
200024ae:	daae                	sw	a1,116(sp)
            BCu = ROL(Esu, 14);
200024b0:	55e2                	lw	a1,56(sp)
            BCu = ROL(Esa, 18);
200024b2:	01249313          	slli	t1,s1,0x12
200024b6:	80b9                	srli	s1,s1,0xe
            BCu = ROL(Esu, 14);
200024b8:	0055e5b3          	or	a1,a1,t0
200024bc:	c32e                	sw	a1,132(sp)
            BCi = ROL(Eko, 25);
200024be:	45aa                	lw	a1,136(sp)
200024c0:	0075d293          	srli	t0,a1,0x7
200024c4:	c816                	sw	t0,16(sp)
200024c6:	43ca                	lw	t2,144(sp)
200024c8:	05e6                	slli	a1,a1,0x19
            BCa = ROL(Ebo, 28);
200024ca:	4296                	lw	t0,68(sp)
            BCi = ROL(Eko, 25);
200024cc:	ca2e                	sw	a1,20(sp)
            BCu = ROL(Esu, 14);
200024ce:	c522                	sw	s0,136(sp)
            BCi = ROL(Eko, 25);
200024d0:	0073d593          	srli	a1,t2,0x7
200024d4:	01939413          	slli	s0,t2,0x19
            BCa = ROL(Ebo, 28);
200024d8:	4386                	lw	t2,64(sp)
200024da:	c936                	sw	a3,144(sp)
200024dc:	0053e3b3          	or	t2,t2,t0
            BCo = ROL(Emu, 8);
200024e0:	42de                	lw	t0,212(sp)
            BCa = ROL(Ebo, 28);
200024e2:	c71e                	sw	t2,140(sp)
            BCo = ROL(Emu, 8);
200024e4:	0182d393          	srli	t2,t0,0x18
200024e8:	02a2                	slli	t0,t0,0x8
200024ea:	d616                	sw	t0,44(sp)
200024ec:	529e                	lw	t0,228(sp)
200024ee:	00829693          	slli	a3,t0,0x8
200024f2:	d436                	sw	a3,40(sp)
200024f4:	0182d613          	srli	a2,t0,0x18
            BCe = ROL(Egu, 20);
200024f8:	46b6                	lw	a3,76(sp)
200024fa:	42a6                	lw	t0,72(sp)
200024fc:	00d2e2b3          	or	t0,t0,a3
20002500:	cb16                	sw	t0,148(sp)
            BCa = ROL(Ebu, 27);
20002502:	52be                	lw	t0,236(sp)
20002504:	0052d693          	srli	a3,t0,0x5
20002508:	dc36                	sw	a3,56(sp)
            BCe = ROL(Egu, 20);
2000250a:	46c6                	lw	a3,80(sp)
            BCa = ROL(Ebu, 27);
2000250c:	02ee                	slli	t0,t0,0x1b
2000250e:	c096                	sw	t0,64(sp)
            BCe = ROL(Egu, 20);
20002510:	00e6e2b3          	or	t0,a3,a4
20002514:	cd16                	sw	t0,152(sp)
            BCa = ROL(Ebu, 27);
20002516:	52ae                	lw	t0,232(sp)
20002518:	0052d693          	srli	a3,t0,0x5
2000251c:	01b29713          	slli	a4,t0,0x1b
20002520:	de36                	sw	a3,60(sp)
            BCu = ROL(Esi, 61);
20002522:	528a                	lw	t0,160(sp)
20002524:	46fa                	lw	a3,156(sp)
20002526:	0056e2b3          	or	t0,a3,t0
2000252a:	d716                	sw	t0,172(sp)
            BCe = ROL(Ega, 36);
2000252c:	429e                	lw	t0,196(sp)
2000252e:	00429693          	slli	a3,t0,0x4
20002532:	01c2d293          	srli	t0,t0,0x1c
20002536:	c2b6                	sw	a3,68(sp)
20002538:	c896                	sw	t0,80(sp)
            BCu = ROL(Esi, 61);
2000253a:	56ca                	lw	a3,176(sp)
2000253c:	529a                	lw	t0,164(sp)
2000253e:	00d2e2b3          	or	t0,t0,a3
20002542:	d916                	sw	t0,176(sp)
            BCe = ROL(Ega, 36);
20002544:	52da                	lw	t0,180(sp)
20002546:	01c2d693          	srli	a3,t0,0x1c
2000254a:	c4b6                	sw	a3,72(sp)
2000254c:	0292                	slli	t0,t0,0x4
2000254e:	c696                	sw	t0,76(sp)
            BCi = ROL(Eka, 3);
20002550:	46d6                	lw	a3,84(sp)
20002552:	42e6                	lw	t0,88(sp)
20002554:	0056e2b3          	or	t0,a3,t0
20002558:	cf16                	sw	t0,156(sp)
            BCu = ROL(Eso, 56);
2000255a:	42ee                	lw	t0,216(sp)
2000255c:	01829693          	slli	a3,t0,0x18
20002560:	0082d293          	srli	t0,t0,0x8
20002564:	d396                	sw	t0,228(sp)
            BCi = ROL(Eka, 3);
20002566:	42f6                	lw	t0,92(sp)
            BCu = ROL(Eso, 56);
20002568:	cdb6                	sw	a3,216(sp)
            BCo = ROL(Eme, 45);
2000256a:	5686                	lw	a3,96(sp)
            BCi = ROL(Eka, 3);
2000256c:	0057e7b3          	or	a5,a5,t0
20002570:	d13e                	sw	a5,160(sp)
            BCu = ROL(Eso, 56);
20002572:	47fe                	lw	a5,220(sp)
20002574:	0087d293          	srli	t0,a5,0x8
20002578:	07e2                	slli	a5,a5,0x18
2000257a:	d1be                	sw	a5,224(sp)
            BCo = ROL(Eme, 45);
2000257c:	5796                	lw	a5,100(sp)
            BCu = ROL(Eso, 56);
2000257e:	cf96                	sw	t0,220(sp)
            BCi = ROL(Eke, 10);
20002580:	52de                	lw	t0,244(sp)
            BCo = ROL(Eme, 45);
20002582:	8fd5                	or	a5,a5,a3
20002584:	d33e                	sw	a5,164(sp)
            BCi = ROL(Eke, 10);
20002586:	0162d793          	srli	a5,t0,0x16
            BCo = ROL(Eme, 45);
2000258a:	56aa                	lw	a3,168(sp)
            BCi = ROL(Eke, 10);
2000258c:	cabe                	sw	a5,84(sp)
2000258e:	00a29793          	slli	a5,t0,0xa
            BCo = ROL(Eme, 45);
20002592:	52a6                	lw	t0,104(sp)
            BCi = ROL(Eke, 10);
20002594:	d0be                	sw	a5,96(sp)
20002596:	57ce                	lw	a5,240(sp)
            BCo = ROL(Eme, 45);
20002598:	00d2e2b3          	or	t0,t0,a3
2000259c:	d516                	sw	t0,168(sp)
            BCi = ROL(Eke, 10);
2000259e:	00a79293          	slli	t0,a5,0xa
            BCa = ROL(Ebe, 1);
200025a2:	46e2                	lw	a3,24(sp)
            BCi = ROL(Eke, 10);
200025a4:	cc96                	sw	t0,88(sp)
            BCa = ROL(Ebe, 1);
200025a6:	42f2                	lw	t0,28(sp)
            BCi = ROL(Eke, 10);
200025a8:	83d9                	srli	a5,a5,0x16
200025aa:	cebe                	sw	a5,92(sp)
            BCa = ROL(Ebe, 1);
200025ac:	0056e7b3          	or	a5,a3,t0
            BCo = ROL(Emi, 15);
200025b0:	52fe                	lw	t0,252(sp)
            BCa = ROL(Ebe, 1);
200025b2:	db3e                	sw	a5,180(sp)
200025b4:	56ea                	lw	a3,184(sp)
            BCo = ROL(Emi, 15);
200025b6:	0112d793          	srli	a5,t0,0x11
200025ba:	d2be                	sw	a5,100(sp)
200025bc:	00f29793          	slli	a5,t0,0xf
            BCa = ROL(Ebe, 1);
200025c0:	5282                	lw	t0,32(sp)
            BCo = ROL(Emi, 15);
200025c2:	cbbe                	sw	a5,212(sp)
            BCa = ROL(Ebe, 1);
200025c4:	00d2e2b3          	or	t0,t0,a3
200025c8:	c216                	sw	t0,4(sp)
            BCo = ROL(Emi, 15);
200025ca:	57ee                	lw	a5,248(sp)
            BCe = ROL(Egi, 6);
200025cc:	56fa                	lw	a3,188(sp)
            BCo = ROL(Emi, 15);
200025ce:	00f79293          	slli	t0,a5,0xf
            BCe = ROL(Egi, 6);
200025d2:	8d55                	or	a0,a0,a3
200025d4:	dd2a                	sw	a0,184(sp)
            BCa = ROL(Ebi, 62);
200025d6:	10412503          	lw	a0,260(sp)
            BCo = ROL(Emi, 15);
200025da:	83c5                	srli	a5,a5,0x11
200025dc:	c3be                	sw	a5,196(sp)
            BCa = ROL(Ebi, 62);
200025de:	01e51793          	slli	a5,a0,0x1e
200025e2:	8109                	srli	a0,a0,0x2
            BCe = ROL(Egi, 6);
200025e4:	468e                	lw	a3,192(sp)
            BCa = ROL(Ebi, 62);
200025e6:	dbaa                	sw	a0,244(sp)
            BCe = ROL(Egi, 6);
200025e8:	5512                	lw	a0,36(sp)
            BCa = ROL(Ebi, 62);
200025ea:	d5be                	sw	a5,232(sp)
            BCo = ROL(Emi, 15);
200025ec:	d496                	sw	t0,104(sp)
            BCe = ROL(Egi, 6);
200025ee:	8d55                	or	a0,a0,a3
200025f0:	c62a                	sw	a0,12(sp)
            BCa = ROL(Ebi, 62);
200025f2:	10012503          	lw	a0,256(sp)
            BCu = ROL(Esa, 18);
200025f6:	56c2                	lw	a3,48(sp)
            BCa = ROL(Ebi, 62);
200025f8:	00255793          	srli	a5,a0,0x2
200025fc:	057a                	slli	a0,a0,0x1e
200025fe:	d9aa                	sw	a0,240(sp)
            BCu = ROL(Esa, 18);
20002600:	0066e533          	or	a0,a3,t1
20002604:	56d2                	lw	a3,52(sp)
            BCe = ROL(Ego, 55);
20002606:	10c12303          	lw	t1,268(sp)
            BCu = ROL(Esa, 18);
2000260a:	cc2a                	sw	a0,24(sp)
2000260c:	8cd5                	or	s1,s1,a3
            BCi = ROL(Eko, 25);
2000260e:	46c2                	lw	a3,16(sp)
            BCe = ROL(Ego, 55);
20002610:	01731513          	slli	a0,t1,0x17
20002614:	00935313          	srli	t1,t1,0x9
20002618:	10612223          	sw	t1,260(sp)
2000261c:	10812303          	lw	t1,264(sp)
            BCi = ROL(Eko, 25);
20002620:	8c55                	or	s0,s0,a3
20002622:	df22                	sw	s0,188(sp)
            BCu = ROL(Ese, 2);
20002624:	11012403          	lw	s0,272(sp)
            BCi = ROL(Eko, 25);
20002628:	46d2                	lw	a3,20(sp)
            BCu = ROL(Esa, 18);
2000262a:	ce26                	sw	s1,28(sp)
            BCe = ROL(Ego, 55);
2000262c:	00935493          	srli	s1,t1,0x9
            BCa = ROL(Ebi, 62);
20002630:	d7be                	sw	a5,236(sp)
            BCe = ROL(Ego, 55);
20002632:	dfa6                	sw	s1,252(sp)
            BCo = ROL(Emu, 8);
20002634:	57a2                	lw	a5,40(sp)
            BCe = ROL(Ego, 55);
20002636:	01731493          	slli	s1,t1,0x17
2000263a:	10912023          	sw	s1,256(sp)
            BCu = ROL(Ese, 2);
2000263e:	01e45493          	srli	s1,s0,0x1e
20002642:	040a                	slli	s0,s0,0x2
20002644:	10812823          	sw	s0,272(sp)
            BCi = ROL(Eko, 25);
20002648:	00d5e433          	or	s0,a1,a3
            BCe = ROL(Ego, 55);
2000264c:	ddaa                	sw	a0,248(sp)
            BCo = ROL(Emu, 8);
2000264e:	00f3e6b3          	or	a3,t2,a5
            BCi = ROL(Eko, 25);
20002652:	c822                	sw	s0,16(sp)
            BCu = ROL(Ese, 2);
20002654:	12412583          	lw	a1,292(sp)
            BCo = ROL(Emu, 8);
20002658:	c1b6                	sw	a3,192(sp)
            BCi = ROL(Eku, 39);
2000265a:	11812383          	lw	t2,280(sp)
            BCa = ROL(Ebu, 27);
2000265e:	5572                	lw	a0,60(sp)
            BCu = ROL(Ese, 2);
20002660:	00259413          	slli	s0,a1,0x2
            BCi = ROL(Eku, 39);
20002664:	00739793          	slli	a5,t2,0x7
20002668:	0193d693          	srli	a3,t2,0x19
            BCo = ROL(Emu, 8);
2000266c:	53b2                	lw	t2,44(sp)
            BCi = ROL(Eku, 39);
2000266e:	10f12423          	sw	a5,264(sp)
20002672:	10d12623          	sw	a3,268(sp)
            BCo = ROL(Emu, 8);
20002676:	00766633          	or	a2,a2,t2
            BCa = ROL(Ebu, 27);
2000267a:	53e2                	lw	t2,56(sp)
            BCe = ROL(Ega, 36);
2000267c:	46a6                	lw	a3,72(sp)
            BCo = ROL(Emu, 8);
2000267e:	ca32                	sw	a2,20(sp)
            BCa = ROL(Ebu, 27);
20002680:	00e3e333          	or	t1,t2,a4
            BCo = ROL(Ema, 41);
20002684:	12012383          	lw	t2,288(sp)
            BCa = ROL(Ebu, 27);
20002688:	d01a                	sw	t1,32(sp)
            BCi = ROL(Eku, 39);
2000268a:	11412603          	lw	a2,276(sp)
            BCo = ROL(Ema, 41);
2000268e:	00939313          	slli	t1,t2,0x9
20002692:	0173d793          	srli	a5,t2,0x17
            BCa = ROL(Ebu, 27);
20002696:	4386                	lw	t2,64(sp)
            BCu = ROL(Ese, 2);
20002698:	81f9                	srli	a1,a1,0x1e
            BCi = ROL(Eku, 39);
2000269a:	01965293          	srli	t0,a2,0x19
            BCa = ROL(Ebu, 27);
2000269e:	00756533          	or	a0,a0,t2
            BCo = ROL(Ema, 41);
200026a2:	11c12383          	lw	t2,284(sp)
            BCa = ROL(Ebu, 27);
200026a6:	d22a                	sw	a0,36(sp)
            BCi = ROL(Eku, 39);
200026a8:	061e                	slli	a2,a2,0x7
            BCo = ROL(Ema, 41);
200026aa:	0173d513          	srli	a0,t2,0x17
200026ae:	00939713          	slli	a4,t2,0x9
            BCe = ROL(Ega, 36);
200026b2:	4396                	lw	t2,68(sp)
            BCu = ROL(Ese, 2);
200026b4:	8c45                	or	s0,s0,s1
            BCe = ROL(Ega, 36);
200026b6:	00d3e3b3          	or	t2,t2,a3
200026ba:	d41e                	sw	t2,40(sp)
200026bc:	46b6                	lw	a3,76(sp)
200026be:	43c6                	lw	t2,80(sp)
200026c0:	0076e3b3          	or	t2,a3,t2
200026c4:	d61e                	sw	t2,44(sp)
            BCu = ROL(Eso, 56);
200026c6:	46ee                	lw	a3,216(sp)
200026c8:	43fe                	lw	t2,220(sp)
200026ca:	0076e3b3          	or	t2,a3,t2
200026ce:	c09e                	sw	t2,64(sp)
200026d0:	569e                	lw	a3,228(sp)
200026d2:	538e                	lw	t2,224(sp)
200026d4:	00d3e3b3          	or	t2,t2,a3
200026d8:	c29e                	sw	t2,68(sp)
            BCi = ROL(Eke, 10);
200026da:	46d6                	lw	a3,84(sp)
200026dc:	43e6                	lw	t2,88(sp)
200026de:	0076e3b3          	or	t2,a3,t2
200026e2:	d81e                	sw	t2,48(sp)
200026e4:	5686                	lw	a3,96(sp)
200026e6:	43f6                	lw	t2,92(sp)
200026e8:	00d3e3b3          	or	t2,t2,a3
200026ec:	da1e                	sw	t2,52(sp)
            BCo = ROL(Emi, 15);
200026ee:	5696                	lw	a3,100(sp)
200026f0:	53a6                	lw	t2,104(sp)
            BCu = ROL(Ese, 2);
200026f2:	d2a2                	sw	s0,100(sp)
            BCo = ROL(Emi, 15);
200026f4:	0076e3b3          	or	t2,a3,t2
200026f8:	dc1e                	sw	t2,56(sp)
200026fa:	46de                	lw	a3,212(sp)
200026fc:	439e                	lw	t2,196(sp)
200026fe:	00d3e3b3          	or	t2,t2,a3
20002702:	de1e                	sw	t2,60(sp)
            BCa = ROL(Ebi, 62);
20002704:	56ae                	lw	a3,232(sp)
20002706:	53be                	lw	t2,236(sp)
20002708:	0076e3b3          	or	t2,a3,t2
2000270c:	c49e                	sw	t2,72(sp)
2000270e:	56de                	lw	a3,244(sp)
20002710:	53ce                	lw	t2,240(sp)
20002712:	00d3e3b3          	or	t2,t2,a3
20002716:	c69e                	sw	t2,76(sp)
            BCe = ROL(Ego, 55);
20002718:	56ee                	lw	a3,248(sp)
2000271a:	53fe                	lw	t2,252(sp)
2000271c:	0076e3b3          	or	t2,a3,t2
20002720:	c89e                	sw	t2,80(sp)
20002722:	10412683          	lw	a3,260(sp)
20002726:	10012383          	lw	t2,256(sp)
2000272a:	00d3e3b3          	or	t2,t2,a3
            BCu = ROL(Ese, 2);
2000272e:	11012683          	lw	a3,272(sp)
            BCe = ROL(Ego, 55);
20002732:	ca9e                	sw	t2,84(sp)
            BCu = ROL(Ese, 2);
20002734:	8dd5                	or	a1,a1,a3
            BCi = ROL(Eku, 39);
20002736:	10c12683          	lw	a3,268(sp)
            BCu = ROL(Ese, 2);
2000273a:	d4ae                	sw	a1,104(sp)
            BCi = ROL(Eku, 39);
2000273c:	10812583          	lw	a1,264(sp)
20002740:	8e55                	or	a2,a2,a3
20002742:	ceb2                	sw	a2,92(sp)
            BCo = ROL(Ema, 41);
20002744:	00a36633          	or	a2,t1,a0
20002748:	00f76333          	or	t1,a4,a5
            Abo =   BCo ^((~BCu)&  BCa );
2000274c:	471a                	lw	a4,132(sp)
            BCi = ROL(Eku, 39);
2000274e:	0055e433          	or	s0,a1,t0
            Abe =   BCe ^((~BCi)&  BCo );
20002752:	47a2                	lw	a5,8(sp)
            Aba =   BCa ^((~BCe)&  BCi );
20002754:	55c6                	lw	a1,112(sp)
            Abu =   BCu ^((~BCa)&  BCe );
20002756:	46ae                	lw	a3,200(sp)
            Abi =   BCi ^((~BCo)&  BCu );
20002758:	5576                	lw	a0,124(sp)
            BCi = ROL(Eku, 39);
2000275a:	cca2                	sw	s0,88(sp)
            BCo = ROL(Ema, 41);
2000275c:	d0b2                	sw	a2,96(sp)
2000275e:	c39a                	sw	t1,196(sp)
            Aba =   BCa ^((~BCe)&  BCi );
20002760:	5656                	lw	a2,116(sp)
            Abo =   BCo ^((~BCu)&  BCa );
20002762:	fff74313          	not	t1,a4
            Abe =   BCe ^((~BCi)&  BCo );
20002766:	5766                	lw	a4,120(sp)
            Aba =   BCa ^((~BCe)&  BCi );
20002768:	fff5c413          	not	s0,a1
            Abe =   BCe ^((~BCi)&  BCo );
2000276c:	fff7c493          	not	s1,a5
20002770:	fff74593          	not	a1,a4
            Abo =   BCo ^((~BCu)&  BCa );
20002774:	472a                	lw	a4,136(sp)
            Aba =   BCa ^((~BCe)&  BCi );
20002776:	8c7d                	and	s0,s0,a5
            Aba ^= (uint64_t)KeccakF_RoundConstants[round+1];
20002778:	47ae                	lw	a5,200(sp)
            Abo =   BCo ^((~BCu)&  BCa );
2000277a:	fff74713          	not	a4,a4
2000277e:	cbba                	sw	a4,212(sp)
            Agu =   BCu ^((~BCa)&  BCe );
20002780:	473a                	lw	a4,140(sp)
            Abu =   BCu ^((~BCa)&  BCe );
20002782:	fff6c393          	not	t2,a3
            Abi =   BCi ^((~BCo)&  BCu );
20002786:	fff54293          	not	t0,a0
            Agu =   BCu ^((~BCa)&  BCe );
2000278a:	fff74713          	not	a4,a4
2000278e:	dfba                	sw	a4,252(sp)
            Aga =   BCa ^((~BCe)&  BCi );
20002790:	475a                	lw	a4,148(sp)
            Abi =   BCi ^((~BCo)&  BCu );
20002792:	468a                	lw	a3,128(sp)
            Aba =   BCa ^((~BCe)&  BCi );
20002794:	fff64513          	not	a0,a2
            Aga =   BCa ^((~BCe)&  BCi );
20002798:	fff74713          	not	a4,a4
2000279c:	cfba                	sw	a4,220(sp)
            Age =   BCe ^((~BCi)&  BCo );
2000279e:	477a                	lw	a4,156(sp)
            Abu =   BCu ^((~BCa)&  BCe );
200027a0:	5636                	lw	a2,108(sp)
            Abi =   BCi ^((~BCo)&  BCu );
200027a2:	fff6c693          	not	a3,a3
            Age =   BCe ^((~BCi)&  BCo );
200027a6:	fff74713          	not	a4,a4
200027aa:	d3ba                	sw	a4,228(sp)
            Ago =   BCo ^((~BCu)&  BCa );
200027ac:	573a                	lw	a4,172(sp)
            Abu =   BCu ^((~BCa)&  BCe );
200027ae:	fff64613          	not	a2,a2
            Ago =   BCo ^((~BCu)&  BCa );
200027b2:	fff74713          	not	a4,a4
200027b6:	dbba                	sw	a4,244(sp)
            Agi =   BCi ^((~BCo)&  BCu );
200027b8:	571a                	lw	a4,164(sp)
200027ba:	fff74713          	not	a4,a4
200027be:	d7ba                	sw	a4,236(sp)
            Aga =   BCa ^((~BCe)&  BCi );
200027c0:	476a                	lw	a4,152(sp)
200027c2:	fff74713          	not	a4,a4
200027c6:	d1ba                	sw	a4,224(sp)
            Age =   BCe ^((~BCi)&  BCo );
200027c8:	570a                	lw	a4,160(sp)
200027ca:	fff74713          	not	a4,a4
200027ce:	d5ba                	sw	a4,232(sp)
            Agu =   BCu ^((~BCa)&  BCe );
200027d0:	474a                	lw	a4,144(sp)
200027d2:	fff74713          	not	a4,a4
200027d6:	10e12023          	sw	a4,256(sp)
            Ago =   BCo ^((~BCu)&  BCa );
200027da:	574a                	lw	a4,176(sp)
200027dc:	fff74713          	not	a4,a4
200027e0:	ddba                	sw	a4,248(sp)
            Agi =   BCi ^((~BCo)&  BCu );
200027e2:	572a                	lw	a4,168(sp)
200027e4:	fff74713          	not	a4,a4
200027e8:	d9ba                	sw	a4,240(sp)
            Abe =   BCe ^((~BCi)&  BCo );
200027ea:	5776                	lw	a4,124(sp)
200027ec:	8cf9                	and	s1,s1,a4
            Aba ^= (uint64_t)KeccakF_RoundConstants[round+1];
200027ee:	473e                	lw	a4,204(sp)
200027f0:	8f3d                	xor	a4,a4,a5
200027f2:	c7ba                	sw	a4,204(sp)
            Abu =   BCu ^((~BCa)&  BCe );
200027f4:	5746                	lw	a4,112(sp)
            Abo =   BCo ^((~BCu)&  BCa );
200027f6:	00f377b3          	and	a5,t1,a5
200027fa:	cdbe                	sw	a5,216(sp)
            Abu =   BCu ^((~BCa)&  BCe );
200027fc:	00e3f3b3          	and	t2,t2,a4
            Abi =   BCi ^((~BCo)&  BCu );
20002800:	471a                	lw	a4,132(sp)
            Aku =   BCu ^((~BCa)&  BCe );
20002802:	535a                	lw	t1,180(sp)
            Aba =   BCa ^((~BCe)&  BCi );
20002804:	57e6                	lw	a5,120(sp)
            Abi =   BCi ^((~BCo)&  BCu );
20002806:	00e2f2b3          	and	t0,t0,a4
            Aba ^= (uint64_t)KeccakF_RoundConstants[round+1];
2000280a:	474e                	lw	a4,208(sp)
            Aba =   BCa ^((~BCe)&  BCi );
2000280c:	8d7d                	and	a0,a0,a5
            Aba ^= (uint64_t)KeccakF_RoundConstants[round+1];
2000280e:	57b6                	lw	a5,108(sp)
            Aku =   BCu ^((~BCa)&  BCe );
20002810:	fff34313          	not	t1,t1
20002814:	c59a                	sw	t1,200(sp)
            Aba ^= (uint64_t)KeccakF_RoundConstants[round+1];
20002816:	00f74333          	xor	t1,a4,a5
            Abe =   BCe ^((~BCi)&  BCo );
2000281a:	470a                	lw	a4,128(sp)
        for(round = 0; round < NROUNDS; round += 2) {
2000281c:	4782                	lw	a5,0(sp)
            Aba ^= (uint64_t)KeccakF_RoundConstants[round+1];
2000281e:	c99a                	sw	t1,208(sp)
            Abe =   BCe ^((~BCi)&  BCo );
20002820:	8df9                	and	a1,a1,a4
            Abu =   BCu ^((~BCa)&  BCe );
20002822:	5756                	lw	a4,116(sp)
        for(round = 0; round < NROUNDS; round += 2) {
20002824:	07c1                	addi	a5,a5,16
20002826:	c03e                	sw	a5,0(sp)
            Abu =   BCu ^((~BCa)&  BCe );
20002828:	8e79                	and	a2,a2,a4
            Abi =   BCi ^((~BCo)&  BCu );
2000282a:	472a                	lw	a4,136(sp)
            Abo =   BCo ^((~BCu)&  BCa );
2000282c:	57b6                	lw	a5,108(sp)
            Abi =   BCi ^((~BCo)&  BCu );
2000282e:	8ef9                	and	a3,a3,a4
            Abo =   BCo ^((~BCu)&  BCa );
20002830:	475e                	lw	a4,212(sp)
20002832:	00f77333          	and	t1,a4,a5
            Aka =   BCa ^((~BCe)&  BCi );
20002836:	57ea                	lw	a5,184(sp)
            Abo =   BCo ^((~BCu)&  BCa );
20002838:	cb9a                	sw	t1,212(sp)
            Agu =   BCu ^((~BCa)&  BCe );
2000283a:	537e                	lw	t1,252(sp)
            Aka =   BCa ^((~BCe)&  BCi );
2000283c:	fff7c713          	not	a4,a5
            Agu =   BCu ^((~BCa)&  BCe );
20002840:	47da                	lw	a5,148(sp)
20002842:	00f37333          	and	t1,t1,a5
20002846:	df9a                	sw	t1,252(sp)
            Aga =   BCa ^((~BCe)&  BCi );
20002848:	47fa                	lw	a5,156(sp)
2000284a:	437e                	lw	t1,220(sp)
2000284c:	00f37333          	and	t1,t1,a5
20002850:	cf9a                	sw	t1,220(sp)
            Age =   BCe ^((~BCi)&  BCo );
20002852:	579a                	lw	a5,164(sp)
20002854:	531e                	lw	t1,228(sp)
20002856:	00f37333          	and	t1,t1,a5
2000285a:	d39a                	sw	t1,228(sp)
            Ago =   BCo ^((~BCu)&  BCa );
2000285c:	47ba                	lw	a5,140(sp)
2000285e:	535e                	lw	t1,244(sp)
20002860:	00f37333          	and	t1,t1,a5
20002864:	db9a                	sw	t1,244(sp)
            Agi =   BCi ^((~BCo)&  BCu );
20002866:	57ba                	lw	a5,172(sp)
20002868:	533e                	lw	t1,236(sp)
2000286a:	00f37333          	and	t1,t1,a5
2000286e:	d79a                	sw	t1,236(sp)
            Aga =   BCa ^((~BCe)&  BCi );
20002870:	578a                	lw	a5,160(sp)
20002872:	530e                	lw	t1,224(sp)
20002874:	00f37333          	and	t1,t1,a5
20002878:	d19a                	sw	t1,224(sp)
            Age =   BCe ^((~BCi)&  BCo );
2000287a:	532e                	lw	t1,232(sp)
2000287c:	57aa                	lw	a5,168(sp)
2000287e:	00f37333          	and	t1,t1,a5
20002882:	d59a                	sw	t1,232(sp)
            Agu =   BCu ^((~BCa)&  BCe );
20002884:	47ea                	lw	a5,152(sp)
20002886:	10012303          	lw	t1,256(sp)
2000288a:	00f37333          	and	t1,t1,a5
2000288e:	10612023          	sw	t1,256(sp)
            Ago =   BCo ^((~BCu)&  BCa );
20002892:	47ca                	lw	a5,144(sp)
20002894:	536e                	lw	t1,248(sp)
20002896:	00f37333          	and	t1,t1,a5
2000289a:	dd9a                	sw	t1,248(sp)
            Agi =   BCi ^((~BCo)&  BCu );
2000289c:	57ca                	lw	a5,176(sp)
2000289e:	534e                	lw	t1,240(sp)
200028a0:	00f37333          	and	t1,t1,a5
200028a4:	d99a                	sw	t1,240(sp)
            Aku =   BCu ^((~BCa)&  BCe );
200028a6:	57ea                	lw	a5,184(sp)
200028a8:	432e                	lw	t1,200(sp)
200028aa:	00f37333          	and	t1,t1,a5
            Aka =   BCa ^((~BCe)&  BCi );
200028ae:	57fa                	lw	a5,188(sp)
200028b0:	8f7d                	and	a4,a4,a5
            Abe =   BCe ^((~BCi)&  BCo );
200028b2:	57c6                	lw	a5,112(sp)
200028b4:	8cbd                	xor	s1,s1,a5
200028b6:	c5a6                	sw	s1,200(sp)
            Ake =   BCe ^((~BCi)&  BCo );
200028b8:	54fa                	lw	s1,188(sp)
200028ba:	fff4c793          	not	a5,s1
200028be:	448e                	lw	s1,192(sp)
200028c0:	8cfd                	and	s1,s1,a5
200028c2:	10912223          	sw	s1,260(sp)
            Aba ^= (uint64_t)KeccakF_RoundConstants[round+1];
200028c6:	44be                	lw	s1,204(sp)
200028c8:	8c25                	xor	s0,s0,s1
200028ca:	d6a2                	sw	s0,108(sp)
            Ako =   BCo ^((~BCu)&  BCa );
200028cc:	4462                	lw	s0,24(sp)
200028ce:	54da                	lw	s1,180(sp)
200028d0:	fff44793          	not	a5,s0
200028d4:	8cfd                	and	s1,s1,a5
            Abi =   BCi ^((~BCo)&  BCu );
200028d6:	47a2                	lw	a5,8(sp)
            Ako =   BCo ^((~BCu)&  BCa );
200028d8:	10912a23          	sw	s1,276(sp)
            Abu =   BCu ^((~BCa)&  BCe );
200028dc:	449a                	lw	s1,132(sp)
            Abi =   BCi ^((~BCo)&  BCu );
200028de:	00f2c2b3          	xor	t0,t0,a5
200028e2:	c796                	sw	t0,204(sp)
            Aki =   BCi ^((~BCo)&  BCu );
200028e4:	428e                	lw	t0,192(sp)
200028e6:	fff2c793          	not	a5,t0
200028ea:	0087f2b3          	and	t0,a5,s0
            Abu =   BCu ^((~BCa)&  BCe );
200028ee:	0093c433          	xor	s0,t2,s1
            Aka =   BCa ^((~BCe)&  BCi );
200028f2:	43b2                	lw	t2,12(sp)
            Abu =   BCu ^((~BCa)&  BCe );
200028f4:	c322                	sw	s0,132(sp)
            Aki =   BCi ^((~BCo)&  BCu );
200028f6:	10512623          	sw	t0,268(sp)
            Aka =   BCa ^((~BCe)&  BCi );
200028fa:	42c2                	lw	t0,16(sp)
200028fc:	fff3c793          	not	a5,t2
            Abo =   BCo ^((~BCu)&  BCa );
20002900:	44ee                	lw	s1,216(sp)
            Aka =   BCa ^((~BCe)&  BCi );
20002902:	0057f433          	and	s0,a5,t0
20002906:	c422                	sw	s0,8(sp)
            Ake =   BCe ^((~BCi)&  BCo );
20002908:	fff2c793          	not	a5,t0
            Abo =   BCo ^((~BCu)&  BCa );
2000290c:	5476                	lw	s0,124(sp)
            Aba ^= (uint64_t)KeccakF_RoundConstants[round+1];
2000290e:	42ce                	lw	t0,208(sp)
            Abo =   BCo ^((~BCu)&  BCa );
20002910:	8c25                	xor	s0,s0,s1
            Aba ^= (uint64_t)KeccakF_RoundConstants[round+1];
20002912:	00a2c533          	xor	a0,t0,a0
            Ake =   BCe ^((~BCi)&  BCo );
20002916:	44d2                	lw	s1,20(sp)
            Aku =   BCu ^((~BCa)&  BCe );
20002918:	4292                	lw	t0,4(sp)
            Abo =   BCo ^((~BCu)&  BCa );
2000291a:	dea2                	sw	s0,124(sp)
            Ake =   BCe ^((~BCi)&  BCo );
2000291c:	0097f433          	and	s0,a5,s1
            Aku =   BCu ^((~BCa)&  BCe );
20002920:	fff2c793          	not	a5,t0
            Aba ^= (uint64_t)KeccakF_RoundConstants[round+1];
20002924:	d8aa                	sw	a0,112(sp)
            Aku =   BCu ^((~BCa)&  BCe );
20002926:	0077f533          	and	a0,a5,t2
2000292a:	10a12e23          	sw	a0,284(sp)
            Abe =   BCe ^((~BCi)&  BCo );
2000292e:	5556                	lw	a0,116(sp)
            Ake =   BCe ^((~BCi)&  BCo );
20002930:	10812423          	sw	s0,264(sp)
            Abu =   BCu ^((~BCa)&  BCe );
20002934:	442a                	lw	s0,136(sp)
            Abe =   BCe ^((~BCi)&  BCo );
20002936:	8da9                	xor	a1,a1,a0
20002938:	daae                	sw	a1,116(sp)
            Ako =   BCo ^((~BCu)&  BCa );
2000293a:	45f2                	lw	a1,28(sp)
2000293c:	fff5c793          	not	a5,a1
20002940:	0057f533          	and	a0,a5,t0
            Aki =   BCi ^((~BCo)&  BCu );
20002944:	fff4c793          	not	a5,s1
20002948:	8dfd                	and	a1,a1,a5
            Abi =   BCi ^((~BCo)&  BCu );
2000294a:	57e6                	lw	a5,120(sp)
            Aki =   BCi ^((~BCo)&  BCu );
2000294c:	10b12823          	sw	a1,272(sp)
            Ako =   BCo ^((~BCu)&  BCa );
20002950:	10a12c23          	sw	a0,280(sp)
            Abi =   BCi ^((~BCo)&  BCu );
20002954:	00f6c5b3          	xor	a1,a3,a5
20002958:	dcae                	sw	a1,120(sp)
            Amu =   BCu ^((~BCa)&  BCe );
2000295a:	5582                	lw	a1,32(sp)
            Abu =   BCu ^((~BCa)&  BCe );
2000295c:	00864533          	xor	a0,a2,s0
            Amu =   BCu ^((~BCa)&  BCe );
20002960:	5422                	lw	s0,40(sp)
            Abo =   BCo ^((~BCu)&  BCa );
20002962:	468a                	lw	a3,128(sp)
20002964:	44de                	lw	s1,212(sp)
            Amu =   BCu ^((~BCa)&  BCe );
20002966:	fff5c793          	not	a5,a1
            Abu =   BCu ^((~BCa)&  BCe );
2000296a:	c52a                	sw	a0,136(sp)
            Amu =   BCu ^((~BCa)&  BCe );
2000296c:	0087f533          	and	a0,a5,s0
            Ama =   BCa ^((~BCe)&  BCi );
20002970:	fff44793          	not	a5,s0
20002974:	5442                	lw	s0,48(sp)
            Abo =   BCo ^((~BCu)&  BCa );
20002976:	00d4c633          	xor	a2,s1,a3
            Amu =   BCu ^((~BCa)&  BCe );
2000297a:	12a12a23          	sw	a0,308(sp)
            Agu =   BCu ^((~BCa)&  BCe );
2000297e:	54fe                	lw	s1,252(sp)
            Ama =   BCa ^((~BCe)&  BCi );
20002980:	0087f533          	and	a0,a5,s0
            Abo =   BCo ^((~BCu)&  BCa );
20002984:	c132                	sw	a2,128(sp)
            Agu =   BCu ^((~BCa)&  BCe );
20002986:	563a                	lw	a2,172(sp)
            Ama =   BCa ^((~BCe)&  BCi );
20002988:	12a12023          	sw	a0,288(sp)
            Ame =   BCe ^((~BCi)&  BCo );
2000298c:	5562                	lw	a0,56(sp)
            Agu =   BCu ^((~BCa)&  BCe );
2000298e:	8e25                	xor	a2,a2,s1
            Ame =   BCe ^((~BCi)&  BCo );
20002990:	fff44793          	not	a5,s0
            Agu =   BCu ^((~BCa)&  BCe );
20002994:	d732                	sw	a2,172(sp)
            Ame =   BCe ^((~BCi)&  BCo );
20002996:	00a7f633          	and	a2,a5,a0
2000299a:	dfb2                	sw	a2,252(sp)
            Aga =   BCa ^((~BCe)&  BCi );
2000299c:	47ba                	lw	a5,140(sp)
2000299e:	44fe                	lw	s1,220(sp)
            Age =   BCe ^((~BCi)&  BCo );
200029a0:	529e                	lw	t0,228(sp)
            Ago =   BCo ^((~BCu)&  BCa );
200029a2:	561a                	lw	a2,164(sp)
            Aga =   BCa ^((~BCe)&  BCi );
200029a4:	00f4c6b3          	xor	a3,s1,a5
            Amo =   BCo ^((~BCu)&  BCa );
200029a8:	4486                	lw	s1,64(sp)
            Aga =   BCa ^((~BCe)&  BCi );
200029aa:	c736                	sw	a3,140(sp)
            Age =   BCe ^((~BCi)&  BCo );
200029ac:	46da                	lw	a3,148(sp)
            Amo =   BCo ^((~BCu)&  BCa );
200029ae:	fff4c793          	not	a5,s1
200029b2:	8dfd                	and	a1,a1,a5
            Age =   BCe ^((~BCi)&  BCo );
200029b4:	00d2c6b3          	xor	a3,t0,a3
            Ami =   BCi ^((~BCo)&  BCu );
200029b8:	fff54793          	not	a5,a0
            Age =   BCe ^((~BCi)&  BCo );
200029bc:	cb36                	sw	a3,148(sp)
            Ami =   BCi ^((~BCo)&  BCu );
200029be:	0097f6b3          	and	a3,a5,s1
            Ago =   BCo ^((~BCu)&  BCa );
200029c2:	54de                	lw	s1,244(sp)
            Amo =   BCo ^((~BCu)&  BCa );
200029c4:	12b12623          	sw	a1,300(sp)
            Ami =   BCi ^((~BCo)&  BCu );
200029c8:	12d12423          	sw	a3,296(sp)
            Ago =   BCo ^((~BCu)&  BCa );
200029cc:	00c4c5b3          	xor	a1,s1,a2
            Agi =   BCi ^((~BCo)&  BCu );
200029d0:	46fa                	lw	a3,156(sp)
200029d2:	54be                	lw	s1,236(sp)
            Ama =   BCa ^((~BCe)&  BCi );
200029d4:	53b2                	lw	t2,44(sp)
            Ago =   BCo ^((~BCu)&  BCa );
200029d6:	d32e                	sw	a1,164(sp)
            Agi =   BCi ^((~BCo)&  BCu );
200029d8:	8ea5                	xor	a3,a3,s1
            Ama =   BCa ^((~BCe)&  BCi );
200029da:	55d2                	lw	a1,52(sp)
            Agi =   BCi ^((~BCo)&  BCu );
200029dc:	cf36                	sw	a3,156(sp)
            Ame =   BCe ^((~BCi)&  BCo );
200029de:	56f2                	lw	a3,60(sp)
            Ama =   BCa ^((~BCe)&  BCi );
200029e0:	fff3c793          	not	a5,t2
200029e4:	00b7f2b3          	and	t0,a5,a1
            Ame =   BCe ^((~BCi)&  BCo );
200029e8:	fff5c793          	not	a5,a1
            Amu =   BCu ^((~BCa)&  BCe );
200029ec:	5612                	lw	a2,36(sp)
            Ame =   BCe ^((~BCi)&  BCo );
200029ee:	00d7f5b3          	and	a1,a5,a3
            Aga =   BCa ^((~BCe)&  BCi );
200029f2:	548e                	lw	s1,224(sp)
200029f4:	47ca                	lw	a5,144(sp)
            Ame =   BCe ^((~BCi)&  BCo );
200029f6:	12b12223          	sw	a1,292(sp)
            Ama =   BCa ^((~BCe)&  BCi );
200029fa:	db96                	sw	t0,244(sp)
            Aga =   BCa ^((~BCe)&  BCi );
200029fc:	00f4c5b3          	xor	a1,s1,a5
            Amu =   BCu ^((~BCa)&  BCe );
20002a00:	fff64793          	not	a5,a2
20002a04:	0077f533          	and	a0,a5,t2
            Age =   BCe ^((~BCi)&  BCo );
20002a08:	54ae                	lw	s1,232(sp)
20002a0a:	47ea                	lw	a5,152(sp)
            Amu =   BCu ^((~BCa)&  BCe );
20002a0c:	12a12c23          	sw	a0,312(sp)
            Amo =   BCo ^((~BCu)&  BCa );
20002a10:	4516                	lw	a0,68(sp)
            Age =   BCe ^((~BCi)&  BCo );
20002a12:	00f4c3b3          	xor	t2,s1,a5
20002a16:	cd1e                	sw	t2,152(sp)
            Amo =   BCo ^((~BCu)&  BCa );
20002a18:	fff54793          	not	a5,a0
20002a1c:	00c7f3b3          	and	t2,a5,a2
            Agu =   BCu ^((~BCa)&  BCe );
20002a20:	10012483          	lw	s1,256(sp)
20002a24:	57ca                	lw	a5,176(sp)
            Aga =   BCa ^((~BCe)&  BCi );
20002a26:	c92e                	sw	a1,144(sp)
            Amo =   BCo ^((~BCu)&  BCa );
20002a28:	12712823          	sw	t2,304(sp)
            Agu =   BCu ^((~BCa)&  BCe );
20002a2c:	00f4c3b3          	xor	t2,s1,a5
20002a30:	d91e                	sw	t2,176(sp)
            Ami =   BCi ^((~BCo)&  BCu );
20002a32:	fff6c493          	not	s1,a3
            Ago =   BCo ^((~BCu)&  BCa );
20002a36:	52ee                	lw	t0,248(sp)
20002a38:	56aa                	lw	a3,168(sp)
            Asa =   BCa ^((~BCe)&  BCi );
            Ase =   BCe ^((~BCi)&  BCo );
            Asi =   BCi ^((~BCo)&  BCu );
            Aso =   BCo ^((~BCu)&  BCa );
            Asu =   BCu ^((~BCa)&  BCe );
20002a3a:	45a6                	lw	a1,72(sp)
            Agi =   BCi ^((~BCo)&  BCu );
20002a3c:	578a                	lw	a5,160(sp)
            Ago =   BCo ^((~BCu)&  BCa );
20002a3e:	00d2c2b3          	xor	t0,t0,a3
20002a42:	d516                	sw	t0,168(sp)
            Agi =   BCi ^((~BCo)&  BCu );
20002a44:	52ce                	lw	t0,240(sp)
            Asu =   BCu ^((~BCa)&  BCe );
20002a46:	46c6                	lw	a3,80(sp)
20002a48:	fff5c413          	not	s0,a1
            Agi =   BCi ^((~BCo)&  BCu );
20002a4c:	00f2c3b3          	xor	t2,t0,a5
            Asu =   BCu ^((~BCa)&  BCe );
20002a50:	8c75                	and	s0,s0,a3
            Agi =   BCi ^((~BCo)&  BCu );
20002a52:	d11e                	sw	t2,160(sp)
            Asa =   BCa ^((~BCe)&  BCi );
20002a54:	fff6c393          	not	t2,a3
            Aku =   BCu ^((~BCa)&  BCe );
20002a58:	46e2                	lw	a3,24(sp)
            Ase =   BCe ^((~BCi)&  BCo );
20002a5a:	5786                	lw	a5,96(sp)
            Ami =   BCi ^((~BCo)&  BCu );
20002a5c:	8ce9                	and	s1,s1,a0
            Aku =   BCu ^((~BCa)&  BCe );
20002a5e:	00d34333          	xor	t1,t1,a3
20002a62:	d19a                	sw	t1,224(sp)
            Aka =   BCa ^((~BCe)&  BCi );
20002a64:	535a                	lw	t1,180(sp)
            Ake =   BCe ^((~BCi)&  BCo );
20002a66:	556a                	lw	a0,184(sp)
            Aso =   BCo ^((~BCu)&  BCa );
20002a68:	5696                	lw	a3,100(sp)
            Aka =   BCa ^((~BCe)&  BCi );
20002a6a:	00674333          	xor	t1,a4,t1
            Ake =   BCe ^((~BCi)&  BCo );
20002a6e:	10412703          	lw	a4,260(sp)
            Aka =   BCa ^((~BCe)&  BCi );
20002a72:	db1a                	sw	t1,180(sp)
            Aso =   BCo ^((~BCu)&  BCa );
20002a74:	fff6c313          	not	t1,a3
            Ake =   BCe ^((~BCi)&  BCo );
20002a78:	8f29                	xor	a4,a4,a0
            Asi =   BCi ^((~BCo)&  BCu );
20002a7a:	fff7c513          	not	a0,a5
            Ake =   BCe ^((~BCi)&  BCo );
20002a7e:	c9ba                	sw	a4,208(sp)
            Asi =   BCi ^((~BCo)&  BCu );
20002a80:	8d75                	and	a0,a0,a3
            Ako =   BCo ^((~BCu)&  BCa );
20002a82:	11412703          	lw	a4,276(sp)
20002a86:	468e                	lw	a3,192(sp)
            Asa =   BCa ^((~BCe)&  BCi );
20002a88:	42e6                	lw	t0,88(sp)
            Ami =   BCi ^((~BCo)&  BCu );
20002a8a:	10912023          	sw	s1,256(sp)
            Ako =   BCo ^((~BCu)&  BCa );
20002a8e:	8f35                	xor	a4,a4,a3
20002a90:	cdba                	sw	a4,216(sp)
            Aki =   BCi ^((~BCo)&  BCu );
20002a92:	10c12683          	lw	a3,268(sp)
20002a96:	577a                	lw	a4,188(sp)
            Asa =   BCa ^((~BCe)&  BCi );
20002a98:	0053f3b3          	and	t2,t2,t0
            Ase =   BCe ^((~BCi)&  BCo );
20002a9c:	fff2c293          	not	t0,t0
20002aa0:	00f2f2b3          	and	t0,t0,a5
            Asa =   BCa ^((~BCe)&  BCi );
20002aa4:	47f6                	lw	a5,92(sp)
20002aa6:	44d6                	lw	s1,84(sp)
            Aki =   BCi ^((~BCo)&  BCu );
20002aa8:	8f35                	xor	a4,a4,a3
            Ase =   BCe ^((~BCi)&  BCo );
20002aaa:	469e                	lw	a3,196(sp)
20002aac:	fff7c613          	not	a2,a5
            Aso =   BCo ^((~BCu)&  BCa );
20002ab0:	00b37333          	and	t1,t1,a1
            Aki =   BCi ^((~BCo)&  BCu );
20002ab4:	c1ba                	sw	a4,192(sp)
            Asa =   BCa ^((~BCe)&  BCi );
20002ab6:	fff4c593          	not	a1,s1
            Ase =   BCe ^((~BCi)&  BCo );
20002aba:	00d67733          	and	a4,a2,a3
            Asa =   BCa ^((~BCe)&  BCi );
20002abe:	8dfd                	and	a1,a1,a5
            Ase =   BCe ^((~BCi)&  BCo );
20002ac0:	cc3a                	sw	a4,24(sp)
            Aka =   BCa ^((~BCe)&  BCi );
20002ac2:	4792                	lw	a5,4(sp)
20002ac4:	4722                	lw	a4,8(sp)
20002ac6:	8fb9                	xor	a5,a5,a4
20002ac8:	dd3e                	sw	a5,184(sp)
            Asu =   BCu ^((~BCa)&  BCe );
20002aca:	4636                	lw	a2,76(sp)
            Ake =   BCe ^((~BCi)&  BCo );
20002acc:	10812703          	lw	a4,264(sp)
20002ad0:	47b2                	lw	a5,12(sp)
            Asu =   BCu ^((~BCa)&  BCe );
20002ad2:	fff64693          	not	a3,a2
20002ad6:	8ee5                	and	a3,a3,s1
            Aso =   BCo ^((~BCu)&  BCa );
20002ad8:	54a6                	lw	s1,104(sp)
            Ake =   BCe ^((~BCi)&  BCo );
20002ada:	8fb9                	xor	a5,a5,a4
20002adc:	df3e                	sw	a5,188(sp)
            Aso =   BCo ^((~BCu)&  BCa );
20002ade:	fff4c713          	not	a4,s1
20002ae2:	8f71                	and	a4,a4,a2
            Aku =   BCu ^((~BCa)&  BCe );
20002ae4:	47f2                	lw	a5,28(sp)
20002ae6:	11c12603          	lw	a2,284(sp)
20002aea:	8fb1                	xor	a5,a5,a2
20002aec:	d3be                	sw	a5,228(sp)
            Asi =   BCi ^((~BCo)&  BCu );
20002aee:	479e                	lw	a5,196(sp)
            Ako =   BCo ^((~BCu)&  BCa );
20002af0:	4652                	lw	a2,20(sp)
            Asi =   BCi ^((~BCo)&  BCu );
20002af2:	fff7c793          	not	a5,a5
20002af6:	8fe5                	and	a5,a5,s1
            Ako =   BCo ^((~BCu)&  BCa );
20002af8:	11812483          	lw	s1,280(sp)
20002afc:	8cb1                	xor	s1,s1,a2
20002afe:	cfa6                	sw	s1,220(sp)
            Aki =   BCi ^((~BCo)&  BCu );
20002b00:	4642                	lw	a2,16(sp)
20002b02:	11012483          	lw	s1,272(sp)
20002b06:	8cb1                	xor	s1,s1,a2
20002b08:	cba6                	sw	s1,212(sp)
            Amu =   BCu ^((~BCa)&  BCe );
20002b0a:	4606                	lw	a2,64(sp)
20002b0c:	13412483          	lw	s1,308(sp)
20002b10:	8cb1                	xor	s1,s1,a2
20002b12:	c0a6                	sw	s1,64(sp)
            Ama =   BCa ^((~BCe)&  BCi );
20002b14:	5602                	lw	a2,32(sp)
20002b16:	12012483          	lw	s1,288(sp)
20002b1a:	8cb1                	xor	s1,s1,a2
20002b1c:	d5a6                	sw	s1,232(sp)
            Ame =   BCe ^((~BCi)&  BCo );
20002b1e:	5622                	lw	a2,40(sp)
20002b20:	54fe                	lw	s1,252(sp)
20002b22:	8cb1                	xor	s1,s1,a2
20002b24:	d026                	sw	s1,32(sp)
            Amo =   BCo ^((~BCu)&  BCa );
20002b26:	5662                	lw	a2,56(sp)
20002b28:	12c12483          	lw	s1,300(sp)
20002b2c:	8cb1                	xor	s1,s1,a2
20002b2e:	d426                	sw	s1,40(sp)
            Ami =   BCi ^((~BCo)&  BCu );
20002b30:	5642                	lw	a2,48(sp)
20002b32:	12812483          	lw	s1,296(sp)
20002b36:	8cb1                	xor	s1,s1,a2
20002b38:	d826                	sw	s1,48(sp)
            Ama =   BCa ^((~BCe)&  BCi );
20002b3a:	5612                	lw	a2,36(sp)
20002b3c:	54de                	lw	s1,244(sp)
20002b3e:	8cb1                	xor	s1,s1,a2
20002b40:	d7a6                	sw	s1,236(sp)
            Ame =   BCe ^((~BCi)&  BCo );
20002b42:	5632                	lw	a2,44(sp)
20002b44:	12412483          	lw	s1,292(sp)
20002b48:	8cb1                	xor	s1,s1,a2
20002b4a:	d226                	sw	s1,36(sp)
            Amu =   BCu ^((~BCa)&  BCe );
20002b4c:	4616                	lw	a2,68(sp)
20002b4e:	13812483          	lw	s1,312(sp)
20002b52:	8cb1                	xor	s1,s1,a2
20002b54:	dc26                	sw	s1,56(sp)
            Amo =   BCo ^((~BCu)&  BCa );
20002b56:	5672                	lw	a2,60(sp)
20002b58:	13012483          	lw	s1,304(sp)
20002b5c:	8cb1                	xor	s1,s1,a2
20002b5e:	d626                	sw	s1,44(sp)
            Ami =   BCi ^((~BCo)&  BCu );
20002b60:	5652                	lw	a2,52(sp)
20002b62:	10012483          	lw	s1,256(sp)
20002b66:	8cb1                	xor	s1,s1,a2
20002b68:	da26                	sw	s1,52(sp)
            Asu =   BCu ^((~BCa)&  BCe );
20002b6a:	5496                	lw	s1,100(sp)
            Asa =   BCa ^((~BCe)&  BCi );
20002b6c:	4626                	lw	a2,72(sp)
            Asu =   BCu ^((~BCa)&  BCe );
20002b6e:	8c25                	xor	s0,s0,s1
20002b70:	ce22                	sw	s0,28(sp)
            Asa =   BCa ^((~BCe)&  BCi );
20002b72:	00c3c433          	xor	s0,t2,a2
20002b76:	4636                	lw	a2,76(sp)
20002b78:	de22                	sw	s0,60(sp)
            Ase =   BCe ^((~BCi)&  BCo );
20002b7a:	4446                	lw	s0,80(sp)
            Asa =   BCa ^((~BCe)&  BCi );
20002b7c:	8db1                	xor	a1,a1,a2
            Asu =   BCu ^((~BCa)&  BCe );
20002b7e:	5626                	lw	a2,104(sp)
            Ase =   BCe ^((~BCi)&  BCo );
20002b80:	0082c433          	xor	s0,t0,s0
20002b84:	c8a2                	sw	s0,80(sp)
            Aso =   BCo ^((~BCu)&  BCa );
20002b86:	5406                	lw	s0,96(sp)
            Asu =   BCu ^((~BCa)&  BCe );
20002b88:	8e35                	xor	a2,a2,a3
            Aso =   BCo ^((~BCu)&  BCa );
20002b8a:	469e                	lw	a3,196(sp)
            Ase =   BCe ^((~BCi)&  BCo );
20002b8c:	43d6                	lw	t2,84(sp)
            Aso =   BCo ^((~BCu)&  BCa );
20002b8e:	00834433          	xor	s0,t1,s0
            Asa =   BCa ^((~BCe)&  BCi );
20002b92:	c2ae                	sw	a1,68(sp)
            Asi =   BCi ^((~BCo)&  BCu );
20002b94:	4366                	lw	t1,88(sp)
            Ase =   BCe ^((~BCi)&  BCo );
20002b96:	45e2                	lw	a1,24(sp)
            Aso =   BCo ^((~BCu)&  BCa );
20002b98:	8eb9                	xor	a3,a3,a4
            Asi =   BCi ^((~BCo)&  BCu );
20002b9a:	4776                	lw	a4,92(sp)
20002b9c:	00654533          	xor	a0,a0,t1
            Ase =   BCe ^((~BCi)&  BCo );
20002ba0:	0075c5b3          	xor	a1,a1,t2
            Asi =   BCi ^((~BCo)&  BCu );
20002ba4:	8f3d                	xor	a4,a4,a5
            Aso =   BCo ^((~BCu)&  BCa );
20002ba6:	d0a2                	sw	s0,96(sp)
            Asi =   BCi ^((~BCo)&  BCu );
20002ba8:	c4aa                	sw	a0,72(sp)
            Ase =   BCe ^((~BCi)&  BCo );
20002baa:	caae                	sw	a1,84(sp)
            Asu =   BCu ^((~BCa)&  BCe );
20002bac:	d2b2                	sw	a2,100(sp)
            Aso =   BCo ^((~BCu)&  BCa );
20002bae:	ccb6                	sw	a3,88(sp)
            Asi =   BCi ^((~BCo)&  BCu );
20002bb0:	c6ba                	sw	a4,76(sp)
        for(round = 0; round < NROUNDS; round += 2) {
20002bb2:	4782                	lw	a5,0(sp)
20002bb4:	20000737          	lui	a4,0x20000
20002bb8:	7c870713          	addi	a4,a4,1992 # 200007c8 <pqcrystals_kyber512_ref_zetas>
20002bbc:	00f70463          	beq	a4,a5,20002bc4 <KeccakF1600_StatePermute+0x189e>
20002bc0:	883fe06f          	j	20001442 <KeccakF1600_StatePermute+0x11c>
        }

        //copyToState(state, A)
        state[ 0] = Aba;
20002bc4:	13c12503          	lw	a0,316(sp)
20002bc8:	57b6                	lw	a5,108(sp)
20002bca:	14012703          	lw	a4,320(sp)
20002bce:	c11c                	sw	a5,0(a0)
20002bd0:	57c6                	lw	a5,112(sp)
20002bd2:	c15c                	sw	a5,4(a0)
        state[ 1] = Abe;
20002bd4:	47ae                	lw	a5,200(sp)
20002bd6:	c51c                	sw	a5,8(a0)
20002bd8:	57d6                	lw	a5,116(sp)
20002bda:	c55c                	sw	a5,12(a0)
        state[ 2] = Abi;
20002bdc:	47be                	lw	a5,204(sp)
20002bde:	c91c                	sw	a5,16(a0)
20002be0:	57e6                	lw	a5,120(sp)
20002be2:	c95c                	sw	a5,20(a0)
        state[ 3] = Abo;
20002be4:	57f6                	lw	a5,124(sp)
20002be6:	cd1c                	sw	a5,24(a0)
20002be8:	478a                	lw	a5,128(sp)
20002bea:	cd5c                	sw	a5,28(a0)
        state[ 4] = Abu;
20002bec:	479a                	lw	a5,132(sp)
20002bee:	d11c                	sw	a5,32(a0)
20002bf0:	47aa                	lw	a5,136(sp)
20002bf2:	d15c                	sw	a5,36(a0)
        state[ 5] = Aga;
20002bf4:	47ba                	lw	a5,140(sp)
20002bf6:	d51c                	sw	a5,40(a0)
20002bf8:	47ca                	lw	a5,144(sp)
20002bfa:	d55c                	sw	a5,44(a0)
        state[ 6] = Age;
20002bfc:	47da                	lw	a5,148(sp)
20002bfe:	d91c                	sw	a5,48(a0)
20002c00:	47ea                	lw	a5,152(sp)
20002c02:	d95c                	sw	a5,52(a0)
        state[ 7] = Agi;
20002c04:	47fa                	lw	a5,156(sp)
20002c06:	dd1c                	sw	a5,56(a0)
20002c08:	578a                	lw	a5,160(sp)
20002c0a:	dd5c                	sw	a5,60(a0)
        state[ 8] = Ago;
20002c0c:	579a                	lw	a5,164(sp)
20002c0e:	c13c                	sw	a5,64(a0)
20002c10:	57aa                	lw	a5,168(sp)
20002c12:	c17c                	sw	a5,68(a0)
        state[ 9] = Agu;
20002c14:	57ba                	lw	a5,172(sp)
20002c16:	c53c                	sw	a5,72(a0)
20002c18:	57ca                	lw	a5,176(sp)
20002c1a:	c57c                	sw	a5,76(a0)
        state[10] = Aka;
20002c1c:	57da                	lw	a5,180(sp)
20002c1e:	c93c                	sw	a5,80(a0)
20002c20:	57ea                	lw	a5,184(sp)
20002c22:	c97c                	sw	a5,84(a0)
        state[11] = Ake;
20002c24:	47ce                	lw	a5,208(sp)
20002c26:	cd3c                	sw	a5,88(a0)
20002c28:	57fa                	lw	a5,188(sp)
20002c2a:	cd7c                	sw	a5,92(a0)
        state[12] = Aki;
20002c2c:	478e                	lw	a5,192(sp)
20002c2e:	d13c                	sw	a5,96(a0)
20002c30:	47de                	lw	a5,212(sp)
20002c32:	d17c                	sw	a5,100(a0)
        state[13] = Ako;
20002c34:	47ee                	lw	a5,216(sp)
20002c36:	d53c                	sw	a5,104(a0)
20002c38:	47fe                	lw	a5,220(sp)
20002c3a:	d57c                	sw	a5,108(a0)
        state[14] = Aku;
20002c3c:	578e                	lw	a5,224(sp)
20002c3e:	d93c                	sw	a5,112(a0)
20002c40:	579e                	lw	a5,228(sp)
20002c42:	d97c                	sw	a5,116(a0)
        state[15] = Ama;
20002c44:	57ae                	lw	a5,232(sp)
20002c46:	dd3c                	sw	a5,120(a0)
20002c48:	57be                	lw	a5,236(sp)
        state[16] = Ame;
        state[17] = Ami;
        state[18] = Amo;
        state[19] = Amu;
        state[20] = Asa;
        state[21] = Ase;
20002c4a:	0ab52623          	sw	a1,172(a0)
        state[22] = Asi;
        state[23] = Aso;
20002c4e:	0a852c23          	sw	s0,184(a0)
        state[15] = Ama;
20002c52:	dd7c                	sw	a5,124(a0)
        state[16] = Ame;
20002c54:	5782                	lw	a5,32(sp)
        state[23] = Aso;
20002c56:	0ad52e23          	sw	a3,188(a0)
        state[16] = Ame;
20002c5a:	08f52023          	sw	a5,128(a0)
20002c5e:	5792                	lw	a5,36(sp)
20002c60:	08f52223          	sw	a5,132(a0)
        state[17] = Ami;
20002c64:	57c2                	lw	a5,48(sp)
20002c66:	08f52423          	sw	a5,136(a0)
20002c6a:	57d2                	lw	a5,52(sp)
20002c6c:	08f52623          	sw	a5,140(a0)
        state[18] = Amo;
20002c70:	57a2                	lw	a5,40(sp)
20002c72:	08f52823          	sw	a5,144(a0)
20002c76:	57b2                	lw	a5,44(sp)
20002c78:	08f52a23          	sw	a5,148(a0)
        state[19] = Amu;
20002c7c:	4786                	lw	a5,64(sp)
20002c7e:	08f52c23          	sw	a5,152(a0)
20002c82:	57e2                	lw	a5,56(sp)
20002c84:	08f52e23          	sw	a5,156(a0)
        state[20] = Asa;
20002c88:	57f2                	lw	a5,60(sp)
20002c8a:	0af52023          	sw	a5,160(a0)
20002c8e:	4796                	lw	a5,68(sp)
20002c90:	0af52223          	sw	a5,164(a0)
        state[21] = Ase;
20002c94:	47c6                	lw	a5,80(sp)
20002c96:	0af52423          	sw	a5,168(a0)
        state[22] = Asi;
20002c9a:	47a6                	lw	a5,72(sp)
20002c9c:	0af52823          	sw	a5,176(a0)
20002ca0:	47b6                	lw	a5,76(sp)
20002ca2:	0af52a23          	sw	a5,180(a0)
        state[24] = Asu;
20002ca6:	47f2                	lw	a5,28(sp)
20002ca8:	0cf52023          	sw	a5,192(a0)
20002cac:	0cc52223          	sw	a2,196(a0)
20002cb0:	b00025f3          	csrr	a1,mcycle
20002cb4:	b80027f3          	csrr	a5,mcycleh
        uint32_t cnt2 = cpucycles();
        if (statepermute_cyc != 0){
20002cb8:	9101a783          	lw	a5,-1776(gp) # 20010110 <statepermute_cyc>
          statepermute_cyc = (statepermute_cyc + (cnt2 - cnt1)) / 2;
        } else {
          statepermute_cyc = cnt2 - cnt1;
20002cbc:	40e58633          	sub	a2,a1,a4
        if (statepermute_cyc != 0){
20002cc0:	c789                	beqz	a5,20002cca <KeccakF1600_StatePermute+0x19a4>
          statepermute_cyc = (statepermute_cyc + (cnt2 - cnt1)) / 2;
20002cc2:	8f99                	sub	a5,a5,a4
20002cc4:	97ae                	add	a5,a5,a1
20002cc6:	0017d613          	srli	a2,a5,0x1
        }
}
20002cca:	14812403          	lw	s0,328(sp)
20002cce:	90c1a823          	sw	a2,-1776(gp) # 20010110 <statepermute_cyc>
20002cd2:	14412483          	lw	s1,324(sp)
20002cd6:	14c10113          	addi	sp,sp,332
20002cda:	8082                	ret

20002cdc <keccak_absorb>:
static unsigned int keccak_absorb(uint64_t s[25],
                                  unsigned int pos,
                                  unsigned int r,
                                  const uint8_t *in,
                                  size_t inlen)
{
20002cdc:	1121                	addi	sp,sp,-24
20002cde:	c822                	sw	s0,16(sp)
20002ce0:	c626                	sw	s1,12(sp)
  unsigned int i;

  while(pos+inlen >= r) {
20002ce2:	972e                	add	a4,a4,a1
{
20002ce4:	ca06                	sw	ra,20(sp)
20002ce6:	832e                	mv	t1,a1
20002ce8:	84aa                	mv	s1,a0
  while(pos+inlen >= r) {
20002cea:	843a                	mv	s0,a4
20002cec:	0ac76463          	bltu	a4,a2,20002d94 <keccak_absorb+0xb8>
20002cf0:	85b2                	mv	a1,a2
    for(i=pos;i<r;i++)
20002cf2:	00c36f63          	bltu	t1,a2,20002d10 <keccak_absorb+0x34>
      s[i/8] ^= (uint64_t)*in++ << 8*(i%8);
    inlen -= r-pos;
    KeccakF1600_StatePermute(s);
20002cf6:	8526                	mv	a0,s1
    inlen -= r-pos;
20002cf8:	40b70433          	sub	s0,a4,a1
20002cfc:	c236                	sw	a3,4(sp)
20002cfe:	c02e                	sw	a1,0(sp)
    KeccakF1600_StatePermute(s);
20002d00:	e26fe0ef          	jal	20001326 <KeccakF1600_StatePermute>
  while(pos+inlen >= r) {
20002d04:	4582                	lw	a1,0(sp)
20002d06:	4692                	lw	a3,4(sp)
20002d08:	8722                	mv	a4,s0
20002d0a:	4301                	li	t1,0
20002d0c:	08b46463          	bltu	s0,a1,20002d94 <keccak_absorb+0xb8>
20002d10:	406582b3          	sub	t0,a1,t1
20002d14:	92b6                	add	t0,t0,a3
{
20002d16:	8636                	mv	a2,a3
20002d18:	40d307b3          	sub	a5,t1,a3
      s[i/8] ^= (uint64_t)*in++ << 8*(i%8);
20002d1c:	43fd                	li	t2,31
20002d1e:	c01a                	sw	t1,0(sp)
20002d20:	c22e                	sw	a1,4(sp)
20002d22:	c436                	sw	a3,8(sp)
20002d24:	843a                	mv	s0,a4
20002d26:	a831                	j	20002d42 <keccak_absorb+0x66>
20002d28:	00472303          	lw	t1,4(a4)
20002d2c:	00a595b3          	sll	a1,a1,a0
20002d30:	4308                	lw	a0,0(a4)
20002d32:	4681                	li	a3,0
20002d34:	8d35                	xor	a0,a0,a3
20002d36:	00b346b3          	xor	a3,t1,a1
20002d3a:	c308                	sw	a0,0(a4)
20002d3c:	c354                	sw	a3,4(a4)
    for(i=pos;i<r;i++)
20002d3e:	04560263          	beq	a2,t0,20002d82 <keccak_absorb+0xa6>
20002d42:	00f60733          	add	a4,a2,a5
      s[i/8] ^= (uint64_t)*in++ << 8*(i%8);
20002d46:	00777693          	andi	a3,a4,7
20002d4a:	068e                	slli	a3,a3,0x3
20002d4c:	9b61                	andi	a4,a4,-8
20002d4e:	fe068513          	addi	a0,a3,-32
20002d52:	0605                	addi	a2,a2,1
20002d54:	40d38333          	sub	t1,t2,a3
20002d58:	9726                	add	a4,a4,s1
20002d5a:	fff64583          	lbu	a1,-1(a2)
20002d5e:	fc0555e3          	bgez	a0,20002d28 <keccak_absorb+0x4c>
20002d62:	0015d513          	srli	a0,a1,0x1
20002d66:	00d596b3          	sll	a3,a1,a3
20002d6a:	006555b3          	srl	a1,a0,t1
20002d6e:	4308                	lw	a0,0(a4)
20002d70:	00472303          	lw	t1,4(a4)
20002d74:	8d35                	xor	a0,a0,a3
20002d76:	00b346b3          	xor	a3,t1,a1
20002d7a:	c308                	sw	a0,0(a4)
20002d7c:	c354                	sw	a3,4(a4)
    for(i=pos;i<r;i++)
20002d7e:	fc5612e3          	bne	a2,t0,20002d42 <keccak_absorb+0x66>
20002d82:	46a2                	lw	a3,8(sp)
20002d84:	4302                	lw	t1,0(sp)
20002d86:	4592                	lw	a1,4(sp)
20002d88:	8722                	mv	a4,s0
20002d8a:	406687b3          	sub	a5,a3,t1
20002d8e:	00b786b3          	add	a3,a5,a1
20002d92:	b795                	j	20002cf6 <keccak_absorb+0x1a>
    pos = 0;
  }

  for(i=pos;i<pos+inlen;i++)
20002d94:	08837163          	bgeu	t1,s0,20002e16 <keccak_absorb+0x13a>
20002d98:	406402b3          	sub	t0,s0,t1
20002d9c:	85b6                	mv	a1,a3
20002d9e:	92b6                	add	t0,t0,a3
20002da0:	40d307b3          	sub	a5,t1,a3
    s[i/8] ^= (uint64_t)*in++ << 8*(i%8);
20002da4:	43fd                	li	t2,31
20002da6:	a005                	j	20002dc6 <keccak_absorb+0xea>
20002da8:	00072303          	lw	t1,0(a4)
20002dac:	00c51633          	sll	a2,a0,a2
20002db0:	4348                	lw	a0,4(a4)
20002db2:	4681                	li	a3,0
20002db4:	00d34333          	xor	t1,t1,a3
20002db8:	00c546b3          	xor	a3,a0,a2
20002dbc:	00672023          	sw	t1,0(a4)
20002dc0:	c354                	sw	a3,4(a4)
  for(i=pos;i<pos+inlen;i++)
20002dc2:	04558463          	beq	a1,t0,20002e0a <keccak_absorb+0x12e>
20002dc6:	00f58733          	add	a4,a1,a5
    s[i/8] ^= (uint64_t)*in++ << 8*(i%8);
20002dca:	00777693          	andi	a3,a4,7
20002dce:	068e                	slli	a3,a3,0x3
20002dd0:	9b61                	andi	a4,a4,-8
20002dd2:	fe068613          	addi	a2,a3,-32
20002dd6:	0585                	addi	a1,a1,1
20002dd8:	40d38333          	sub	t1,t2,a3
20002ddc:	9726                	add	a4,a4,s1
20002dde:	fff5c503          	lbu	a0,-1(a1)
20002de2:	fc0653e3          	bgez	a2,20002da8 <keccak_absorb+0xcc>
20002de6:	00155613          	srli	a2,a0,0x1
20002dea:	00d516b3          	sll	a3,a0,a3
20002dee:	00665633          	srl	a2,a2,t1
20002df2:	4348                	lw	a0,4(a4)
20002df4:	00072303          	lw	t1,0(a4)
20002df8:	00d34333          	xor	t1,t1,a3
20002dfc:	00c546b3          	xor	a3,a0,a2
20002e00:	00672023          	sw	t1,0(a4)
20002e04:	c354                	sw	a3,4(a4)
  for(i=pos;i<pos+inlen;i++)
20002e06:	fc5590e3          	bne	a1,t0,20002dc6 <keccak_absorb+0xea>

  return i;
}
20002e0a:	40d2                	lw	ra,20(sp)
20002e0c:	8522                	mv	a0,s0
20002e0e:	4442                	lw	s0,16(sp)
20002e10:	44b2                	lw	s1,12(sp)
20002e12:	0161                	addi	sp,sp,24
20002e14:	8082                	ret
  for(i=pos;i<pos+inlen;i++)
20002e16:	841a                	mv	s0,t1
}
20002e18:	40d2                	lw	ra,20(sp)
20002e1a:	8522                	mv	a0,s0
20002e1c:	4442                	lw	s0,16(sp)
20002e1e:	44b2                	lw	s1,12(sp)
20002e20:	0161                	addi	sp,sp,24
20002e22:	8082                	ret

20002e24 <keccak_absorb_once.constprop.1>:
*              - unsigned int r: rate in bytes (e.g., 168 for SHAKE128)
*              - const uint8_t *in: pointer to input to be absorbed into s
*              - size_t inlen: length of input in bytes
*              - uint8_t p: domain-separation byte for different Keccak-derived functions
**************************************************/
static void keccak_absorb_once(uint64_t s[25],
20002e24:	1131                	addi	sp,sp,-20
20002e26:	c622                	sw	s0,12(sp)
20002e28:	c426                	sw	s1,8(sp)
20002e2a:	87b6                	mv	a5,a3
20002e2c:	c806                	sw	ra,16(sp)
20002e2e:	842a                	mv	s0,a0
20002e30:	84ae                	mv	s1,a1
20002e32:	83b2                	mv	t2,a2
20002e34:	0c850693          	addi	a3,a0,200
20002e38:	872a                	mv	a4,a0
                               uint8_t p)
{
  unsigned int i;

  for(i=0;i<25;i++)
    s[i] = 0;
20002e3a:	4581                	li	a1,0
20002e3c:	4601                	li	a2,0
20002e3e:	c30c                	sw	a1,0(a4)
20002e40:	c350                	sw	a2,4(a4)
  for(i=0;i<25;i++)
20002e42:	0721                	addi	a4,a4,8
20002e44:	fee69be3          	bne	a3,a4,20002e3a <keccak_absorb_once.constprop.1+0x16>

  while(inlen >= r) {
20002e48:	08700713          	li	a4,135
20002e4c:	08777863          	bgeu	a4,t2,20002edc <keccak_absorb_once.constprop.1+0xb8>
20002e50:	8522                	mv	a0,s0
20002e52:	08848493          	addi	s1,s1,136
20002e56:	841e                	mv	s0,t2
20002e58:	c23e                	sw	a5,4(sp)
20002e5a:	f7848793          	addi	a5,s1,-136
static void keccak_absorb_once(uint64_t s[25],
20002e5e:	872a                	mv	a4,a0
    r |= (uint64_t)x[i] << 8*i;
20002e60:	0017c683          	lbu	a3,1(a5)
20002e64:	0027c603          	lbu	a2,2(a5)
20002e68:	0057c303          	lbu	t1,5(a5)
20002e6c:	0047c283          	lbu	t0,4(a5)
20002e70:	0642                	slli	a2,a2,0x10
20002e72:	06a2                	slli	a3,a3,0x8
20002e74:	0067c583          	lbu	a1,6(a5)
20002e78:	0007c383          	lbu	t2,0(a5)
20002e7c:	8ed1                	or	a3,a3,a2
20002e7e:	0037c603          	lbu	a2,3(a5)
20002e82:	0322                	slli	t1,t1,0x8
20002e84:	00536333          	or	t1,t1,t0
20002e88:	0077c283          	lbu	t0,7(a5)
20002e8c:	0076e6b3          	or	a3,a3,t2
20002e90:	05c2                	slli	a1,a1,0x10
20002e92:	0662                	slli	a2,a2,0x18
20002e94:	0065e5b3          	or	a1,a1,t1
20002e98:	8e55                	or	a2,a2,a3
    for(i=0;i<r/8;i++)
      s[i] ^= load64(in+8*i);
20002e9a:	00072303          	lw	t1,0(a4)
20002e9e:	4354                	lw	a3,4(a4)
    r |= (uint64_t)x[i] << 8*i;
20002ea0:	02e2                	slli	t0,t0,0x18
20002ea2:	00b2e2b3          	or	t0,t0,a1
      s[i] ^= load64(in+8*i);
20002ea6:	00c34633          	xor	a2,t1,a2
20002eaa:	0056c6b3          	xor	a3,a3,t0
20002eae:	c310                	sw	a2,0(a4)
20002eb0:	c354                	sw	a3,4(a4)
    for(i=0;i<r/8;i++)
20002eb2:	07a1                	addi	a5,a5,8
20002eb4:	0721                	addi	a4,a4,8
20002eb6:	faf495e3          	bne	s1,a5,20002e60 <keccak_absorb_once.constprop.1+0x3c>
    in += r;
    inlen -= r;
    KeccakF1600_StatePermute(s);
20002eba:	c02a                	sw	a0,0(sp)
20002ebc:	c6afe0ef          	jal	20001326 <KeccakF1600_StatePermute>
    inlen -= r;
20002ec0:	f7840413          	addi	s0,s0,-136
  while(inlen >= r) {
20002ec4:	08700793          	li	a5,135
20002ec8:	4502                	lw	a0,0(sp)
20002eca:	08848713          	addi	a4,s1,136
20002ece:	0087f463          	bgeu	a5,s0,20002ed6 <keccak_absorb_once.constprop.1+0xb2>
20002ed2:	84ba                	mv	s1,a4
20002ed4:	b759                	j	20002e5a <keccak_absorb_once.constprop.1+0x36>
    in += r;
20002ed6:	4792                	lw	a5,4(sp)
20002ed8:	83a2                	mv	t2,s0
20002eda:	842a                	mv	s0,a0
  }

  for(i=0;i<inlen;i++)
20002edc:	0a038563          	beqz	t2,20002f86 <keccak_absorb_once.constprop.1+0x162>
20002ee0:	4681                	li	a3,0
    s[i/8] ^= (uint64_t)in[i] << 8*(i%8);
20002ee2:	437d                	li	t1,31
20002ee4:	82be                	mv	t0,a5
20002ee6:	a831                	j	20002f02 <keccak_absorb_once.constprop.1+0xde>
20002ee8:	4388                	lw	a0,0(a5)
20002eea:	00c59633          	sll	a2,a1,a2
20002eee:	43cc                	lw	a1,4(a5)
20002ef0:	4701                	li	a4,0
20002ef2:	8d39                	xor	a0,a0,a4
20002ef4:	00c5c733          	xor	a4,a1,a2
  for(i=0;i<inlen;i++)
20002ef8:	0685                	addi	a3,a3,1
    s[i/8] ^= (uint64_t)in[i] << 8*(i%8);
20002efa:	c388                	sw	a0,0(a5)
20002efc:	c3d8                	sw	a4,4(a5)
  for(i=0;i<inlen;i++)
20002efe:	04d38263          	beq	t2,a3,20002f42 <keccak_absorb_once.constprop.1+0x11e>
    s[i/8] ^= (uint64_t)in[i] << 8*(i%8);
20002f02:	0076f713          	andi	a4,a3,7
20002f06:	070e                	slli	a4,a4,0x3
20002f08:	ff86f793          	andi	a5,a3,-8
20002f0c:	00d485b3          	add	a1,s1,a3
20002f10:	fe070613          	addi	a2,a4,-32
20002f14:	0005c583          	lbu	a1,0(a1)
20002f18:	40e30533          	sub	a0,t1,a4
20002f1c:	97a2                	add	a5,a5,s0
20002f1e:	fc0655e3          	bgez	a2,20002ee8 <keccak_absorb_once.constprop.1+0xc4>
20002f22:	0015d613          	srli	a2,a1,0x1
20002f26:	00e59733          	sll	a4,a1,a4
20002f2a:	00a65633          	srl	a2,a2,a0
20002f2e:	43cc                	lw	a1,4(a5)
20002f30:	4388                	lw	a0,0(a5)
  for(i=0;i<inlen;i++)
20002f32:	0685                	addi	a3,a3,1
    s[i/8] ^= (uint64_t)in[i] << 8*(i%8);
20002f34:	8d39                	xor	a0,a0,a4
20002f36:	00c5c733          	xor	a4,a1,a2
20002f3a:	c388                	sw	a0,0(a5)
20002f3c:	c3d8                	sw	a4,4(a5)
  for(i=0;i<inlen;i++)
20002f3e:	fcd392e3          	bne	t2,a3,20002f02 <keccak_absorb_once.constprop.1+0xde>

  s[i/8] ^= (uint64_t)p << 8*(i%8);
20002f42:	0073f693          	andi	a3,t2,7
20002f46:	ff83f713          	andi	a4,t2,-8
20002f4a:	00369393          	slli	t2,a3,0x3
20002f4e:	fe038693          	addi	a3,t2,-32
20002f52:	8796                	mv	a5,t0
20002f54:	9722                	add	a4,a4,s0
20002f56:	0206c963          	bltz	a3,20002f88 <keccak_absorb_once.constprop.1+0x164>
20002f5a:	00d296b3          	sll	a3,t0,a3
20002f5e:	4781                	li	a5,0
20002f60:	430c                	lw	a1,0(a4)
20002f62:	4350                	lw	a2,4(a4)
  s[(r-1)/8] ^= 1ULL << 63;
20002f64:	80000537          	lui	a0,0x80000
  s[i/8] ^= (uint64_t)p << 8*(i%8);
20002f68:	8dbd                	xor	a1,a1,a5
20002f6a:	00d647b3          	xor	a5,a2,a3
20002f6e:	c30c                	sw	a1,0(a4)
20002f70:	c35c                	sw	a5,4(a4)
  s[(r-1)/8] ^= 1ULL << 63;
20002f72:	08442783          	lw	a5,132(s0)
}
20002f76:	40c2                	lw	ra,16(sp)
20002f78:	44a2                	lw	s1,8(sp)
  s[(r-1)/8] ^= 1ULL << 63;
20002f7a:	8fa9                	xor	a5,a5,a0
20002f7c:	08f42223          	sw	a5,132(s0)
}
20002f80:	4432                	lw	s0,12(sp)
20002f82:	0151                	addi	sp,sp,20
20002f84:	8082                	ret
  for(i=0;i<inlen;i++)
20002f86:	8722                	mv	a4,s0
  s[i/8] ^= (uint64_t)p << 8*(i%8);
20002f88:	467d                	li	a2,31
20002f8a:	0017d693          	srli	a3,a5,0x1
20002f8e:	40760633          	sub	a2,a2,t2
20002f92:	007797b3          	sll	a5,a5,t2
20002f96:	00c6d6b3          	srl	a3,a3,a2
20002f9a:	b7d9                	j	20002f60 <keccak_absorb_once.constprop.1+0x13c>

20002f9c <keccak_absorb_once.constprop.2>:
static void keccak_absorb_once(uint64_t s[25],
20002f9c:	1141                	addi	sp,sp,-16
20002f9e:	c422                	sw	s0,8(sp)
20002fa0:	c226                	sw	s1,4(sp)
20002fa2:	c606                	sw	ra,12(sp)
20002fa4:	84aa                	mv	s1,a0
20002fa6:	842e                	mv	s0,a1
20002fa8:	82b2                	mv	t0,a2
20002faa:	0c850713          	addi	a4,a0,200 # 800000c8 <__StackTop+0x5ffe00c8>
20002fae:	87aa                	mv	a5,a0
    s[i] = 0;
20002fb0:	4601                	li	a2,0
20002fb2:	4681                	li	a3,0
20002fb4:	c390                	sw	a2,0(a5)
20002fb6:	c3d4                	sw	a3,4(a5)
  for(i=0;i<25;i++)
20002fb8:	07a1                	addi	a5,a5,8
20002fba:	fef71be3          	bne	a4,a5,20002fb0 <keccak_absorb_once.constprop.2+0x14>
  while(inlen >= r) {
20002fbe:	0a700793          	li	a5,167
20002fc2:	0857f363          	bgeu	a5,t0,20003048 <keccak_absorb_once.constprop.2+0xac>
20002fc6:	0a840413          	addi	s0,s0,168
20002fca:	f5840793          	addi	a5,s0,-168
static void keccak_absorb_once(uint64_t s[25],
20002fce:	86a6                	mv	a3,s1
    r |= (uint64_t)x[i] << 8*i;
20002fd0:	0017c703          	lbu	a4,1(a5)
20002fd4:	0027c583          	lbu	a1,2(a5)
20002fd8:	0057c503          	lbu	a0,5(a5)
20002fdc:	0047c603          	lbu	a2,4(a5)
20002fe0:	0067c303          	lbu	t1,6(a5)
20002fe4:	0007c383          	lbu	t2,0(a5)
20002fe8:	05c2                	slli	a1,a1,0x10
20002fea:	0722                	slli	a4,a4,0x8
20002fec:	0522                	slli	a0,a0,0x8
20002fee:	8d51                	or	a0,a0,a2
20002ff0:	8f4d                	or	a4,a4,a1
20002ff2:	0077c603          	lbu	a2,7(a5)
20002ff6:	0037c583          	lbu	a1,3(a5)
20002ffa:	0342                	slli	t1,t1,0x10
20002ffc:	00776733          	or	a4,a4,t2
20003000:	00a36333          	or	t1,t1,a0
      s[i] ^= load64(in+8*i);
20003004:	0006a383          	lw	t2,0(a3)
20003008:	42c8                	lw	a0,4(a3)
    r |= (uint64_t)x[i] << 8*i;
2000300a:	05e2                	slli	a1,a1,0x18
2000300c:	0662                	slli	a2,a2,0x18
2000300e:	8dd9                	or	a1,a1,a4
20003010:	00666633          	or	a2,a2,t1
      s[i] ^= load64(in+8*i);
20003014:	00b3c3b3          	xor	t2,t2,a1
20003018:	00c54733          	xor	a4,a0,a2
2000301c:	0076a023          	sw	t2,0(a3)
20003020:	c2d8                	sw	a4,4(a3)
    for(i=0;i<r/8;i++)
20003022:	07a1                	addi	a5,a5,8
20003024:	06a1                	addi	a3,a3,8
20003026:	faf415e3          	bne	s0,a5,20002fd0 <keccak_absorb_once.constprop.2+0x34>
    inlen -= r;
2000302a:	f5828293          	addi	t0,t0,-168
    KeccakF1600_StatePermute(s);
2000302e:	8526                	mv	a0,s1
    inlen -= r;
20003030:	c016                	sw	t0,0(sp)
    KeccakF1600_StatePermute(s);
20003032:	af4fe0ef          	jal	20001326 <KeccakF1600_StatePermute>
  while(inlen >= r) {
20003036:	4282                	lw	t0,0(sp)
20003038:	0a700793          	li	a5,167
2000303c:	0a840713          	addi	a4,s0,168
20003040:	0057f463          	bgeu	a5,t0,20003048 <keccak_absorb_once.constprop.2+0xac>
20003044:	843a                	mv	s0,a4
20003046:	b751                	j	20002fca <keccak_absorb_once.constprop.2+0x2e>
  for(i=0;i<inlen;i++)
20003048:	0c028163          	beqz	t0,2000310a <keccak_absorb_once.constprop.2+0x16e>
2000304c:	4681                	li	a3,0
    s[i/8] ^= (uint64_t)in[i] << 8*(i%8);
2000304e:	457d                	li	a0,31
20003050:	a00d                	j	20003072 <keccak_absorb_once.constprop.2+0xd6>
20003052:	0007a303          	lw	t1,0(a5)
20003056:	00c59633          	sll	a2,a1,a2
2000305a:	43cc                	lw	a1,4(a5)
2000305c:	4701                	li	a4,0
2000305e:	00e34333          	xor	t1,t1,a4
20003062:	00c5c733          	xor	a4,a1,a2
  for(i=0;i<inlen;i++)
20003066:	0685                	addi	a3,a3,1
    s[i/8] ^= (uint64_t)in[i] << 8*(i%8);
20003068:	0067a023          	sw	t1,0(a5)
2000306c:	c3d8                	sw	a4,4(a5)
  for(i=0;i<inlen;i++)
2000306e:	04568563          	beq	a3,t0,200030b8 <keccak_absorb_once.constprop.2+0x11c>
    s[i/8] ^= (uint64_t)in[i] << 8*(i%8);
20003072:	0076f713          	andi	a4,a3,7
20003076:	070e                	slli	a4,a4,0x3
20003078:	ff86f793          	andi	a5,a3,-8
2000307c:	00d405b3          	add	a1,s0,a3
20003080:	fe070613          	addi	a2,a4,-32
20003084:	0005c583          	lbu	a1,0(a1)
20003088:	40e50333          	sub	t1,a0,a4
2000308c:	97a6                	add	a5,a5,s1
2000308e:	fc0652e3          	bgez	a2,20003052 <keccak_absorb_once.constprop.2+0xb6>
20003092:	0015d613          	srli	a2,a1,0x1
20003096:	00e59733          	sll	a4,a1,a4
2000309a:	00665633          	srl	a2,a2,t1
2000309e:	43cc                	lw	a1,4(a5)
200030a0:	0007a303          	lw	t1,0(a5)
  for(i=0;i<inlen;i++)
200030a4:	0685                	addi	a3,a3,1
    s[i/8] ^= (uint64_t)in[i] << 8*(i%8);
200030a6:	00e34333          	xor	t1,t1,a4
200030aa:	00c5c733          	xor	a4,a1,a2
200030ae:	0067a023          	sw	t1,0(a5)
200030b2:	c3d8                	sw	a4,4(a5)
  for(i=0;i<inlen;i++)
200030b4:	fa569fe3          	bne	a3,t0,20003072 <keccak_absorb_once.constprop.2+0xd6>
  s[i/8] ^= (uint64_t)p << 8*(i%8);
200030b8:	0076f613          	andi	a2,a3,7
200030bc:	060e                	slli	a2,a2,0x3
200030be:	ff86f793          	andi	a5,a3,-8
200030c2:	fe060693          	addi	a3,a2,-32
200030c6:	97a6                	add	a5,a5,s1
200030c8:	0206c863          	bltz	a3,200030f8 <keccak_absorb_once.constprop.2+0x15c>
200030cc:	477d                	li	a4,31
200030ce:	00d71733          	sll	a4,a4,a3
200030d2:	4681                	li	a3,0
200030d4:	438c                	lw	a1,0(a5)
200030d6:	43d0                	lw	a2,4(a5)
}
200030d8:	40b2                	lw	ra,12(sp)
  s[i/8] ^= (uint64_t)p << 8*(i%8);
200030da:	8ead                	xor	a3,a3,a1
200030dc:	8f31                	xor	a4,a4,a2
200030de:	c394                	sw	a3,0(a5)
200030e0:	c3d8                	sw	a4,4(a5)
  s[(r-1)/8] ^= 1ULL << 63;
200030e2:	0a44a783          	lw	a5,164(s1)
}
200030e6:	4422                	lw	s0,8(sp)
  s[(r-1)/8] ^= 1ULL << 63;
200030e8:	80000537          	lui	a0,0x80000
200030ec:	8fa9                	xor	a5,a5,a0
200030ee:	0af4a223          	sw	a5,164(s1)
}
200030f2:	4492                	lw	s1,4(sp)
200030f4:	0141                	addi	sp,sp,16
200030f6:	8082                	ret
  s[i/8] ^= (uint64_t)p << 8*(i%8);
200030f8:	46fd                	li	a3,31
200030fa:	40c685b3          	sub	a1,a3,a2
200030fe:	473d                	li	a4,15
20003100:	00c696b3          	sll	a3,a3,a2
20003104:	00b75733          	srl	a4,a4,a1
20003108:	b7f1                	j	200030d4 <keccak_absorb_once.constprop.2+0x138>
  for(i=0;i<inlen;i++)
2000310a:	87a6                	mv	a5,s1
2000310c:	46fd                	li	a3,31
2000310e:	4701                	li	a4,0
20003110:	b7d1                	j	200030d4 <keccak_absorb_once.constprop.2+0x138>

20003112 <pqcrystals_kyber_fips202_ref_shake128_absorb_once>:
* Arguments:   - keccak_state *state: pointer to (uninitialized) output Keccak state
*              - const uint8_t *in: pointer to input to be absorbed into s
*              - size_t inlen: length of input in bytes
**************************************************/
void shake128_absorb_once(keccak_state *state, const uint8_t *in, size_t inlen)
{
20003112:	1161                	addi	sp,sp,-8
20003114:	c022                	sw	s0,0(sp)
20003116:	c206                	sw	ra,4(sp)
20003118:	842a                	mv	s0,a0
  keccak_absorb_once(state->s, SHAKE128_RATE, in, inlen, 0x1F);
2000311a:	3549                	jal	20002f9c <keccak_absorb_once.constprop.2>
  state->pos = SHAKE128_RATE;
2000311c:	0a800793          	li	a5,168
}
20003120:	4092                	lw	ra,4(sp)
  state->pos = SHAKE128_RATE;
20003122:	0cf42423          	sw	a5,200(s0)
}
20003126:	4402                	lw	s0,0(sp)
20003128:	0121                	addi	sp,sp,8
2000312a:	8082                	ret

2000312c <pqcrystals_kyber_fips202_ref_shake128_squeezeblocks>:
* Arguments:   - uint8_t *out: pointer to output blocks
*              - size_t nblocks: number of blocks to be squeezed (written to output)
*              - keccak_state *s: pointer to input/output Keccak state
**************************************************/
void shake128_squeezeblocks(uint8_t *out, size_t nblocks, keccak_state *state)
{
2000312c:	1131                	addi	sp,sp,-20
2000312e:	c806                	sw	ra,16(sp)
20003130:	c032                	sw	a2,0(sp)
  while(nblocks) {
20003132:	c5bd                	beqz	a1,200031a0 <pqcrystals_kyber_fips202_ref_shake128_squeezeblocks+0x74>
20003134:	c426                	sw	s1,8(sp)
20003136:	c622                	sw	s0,12(sp)
20003138:	832e                	mv	t1,a1
2000313a:	0a850493          	addi	s1,a0,168 # 800000a8 <__StackTop+0x5ffe00a8>
    KeccakF1600_StatePermute(s);
2000313e:	4502                	lw	a0,0(sp)
20003140:	c21a                	sw	t1,4(sp)
20003142:	f5848413          	addi	s0,s1,-168
20003146:	9e0fe0ef          	jal	20001326 <KeccakF1600_StatePermute>
    for(i=0;i<r/8;i++)
2000314a:	4682                	lw	a3,0(sp)
2000314c:	4312                	lw	t1,4(sp)
      store64(out+8*i, s[i]);
2000314e:	4298                	lw	a4,0(a3)
20003150:	42dc                	lw	a5,4(a3)
    for(i=0;i<r/8;i++)
20003152:	0421                	addi	s0,s0,8
    x[i] = u >> 8*i;
20003154:	00875613          	srli	a2,a4,0x8
20003158:	01075393          	srli	t2,a4,0x10
2000315c:	01875513          	srli	a0,a4,0x18
20003160:	fec40ca3          	sb	a2,-7(s0)
20003164:	fee40c23          	sb	a4,-8(s0)
20003168:	0087d593          	srli	a1,a5,0x8
2000316c:	0107d613          	srli	a2,a5,0x10
20003170:	0187d713          	srli	a4,a5,0x18
20003174:	fef40e23          	sb	a5,-4(s0)
20003178:	fe740d23          	sb	t2,-6(s0)
2000317c:	fea40da3          	sb	a0,-5(s0)
20003180:	feb40ea3          	sb	a1,-3(s0)
20003184:	fec40f23          	sb	a2,-2(s0)
20003188:	fee40fa3          	sb	a4,-1(s0)
    for(i=0;i<r/8;i++)
2000318c:	06a1                	addi	a3,a3,8
2000318e:	fc8490e3          	bne	s1,s0,2000314e <pqcrystals_kyber_fips202_ref_shake128_squeezeblocks+0x22>
    nblocks -= 1;
20003192:	137d                	addi	t1,t1,-1
  while(nblocks) {
20003194:	0a848493          	addi	s1,s1,168
20003198:	fa0313e3          	bnez	t1,2000313e <pqcrystals_kyber_fips202_ref_shake128_squeezeblocks+0x12>
2000319c:	4432                	lw	s0,12(sp)
2000319e:	44a2                	lw	s1,8(sp)
  keccak_squeezeblocks(out, nblocks, state->s, SHAKE128_RATE);
}
200031a0:	40c2                	lw	ra,16(sp)
200031a2:	0151                	addi	sp,sp,20
200031a4:	8082                	ret

200031a6 <pqcrystals_kyber_fips202_ref_shake256_init>:
*
* Description: Initilizes Keccak state for use as SHAKE256 XOF
*
* Arguments:   - keccak_state *state: pointer to (uninitialized) Keccak state
**************************************************/
void shake256_init(keccak_state *state)
200031a6:	87aa                	mv	a5,a0
200031a8:	0c850713          	addi	a4,a0,200
200031ac:	4601                	li	a2,0
200031ae:	4681                	li	a3,0
200031b0:	c390                	sw	a2,0(a5)
200031b2:	c3d4                	sw	a3,4(a5)
200031b4:	07a1                	addi	a5,a5,8
200031b6:	fee79be3          	bne	a5,a4,200031ac <pqcrystals_kyber_fips202_ref_shake256_init+0x6>
200031ba:	0c052423          	sw	zero,200(a0)
200031be:	8082                	ret

200031c0 <pqcrystals_kyber_fips202_ref_shake256_absorb>:
* Arguments:   - keccak_state *state: pointer to (initialized) output Keccak state
*              - const uint8_t *in: pointer to input to be absorbed into s
*              - size_t inlen: length of input in bytes
**************************************************/
void shake256_absorb(keccak_state *state, const uint8_t *in, size_t inlen)
{
200031c0:	86ae                	mv	a3,a1
  state->pos = keccak_absorb(state->s, state->pos, SHAKE256_RATE, in, inlen);
200031c2:	0c852583          	lw	a1,200(a0)
{
200031c6:	1161                	addi	sp,sp,-8
200031c8:	8732                	mv	a4,a2
  state->pos = keccak_absorb(state->s, state->pos, SHAKE256_RATE, in, inlen);
200031ca:	08800613          	li	a2,136
{
200031ce:	c022                	sw	s0,0(sp)
200031d0:	c206                	sw	ra,4(sp)
200031d2:	842a                	mv	s0,a0
  state->pos = keccak_absorb(state->s, state->pos, SHAKE256_RATE, in, inlen);
200031d4:	3621                	jal	20002cdc <keccak_absorb>
}
200031d6:	4092                	lw	ra,4(sp)
  state->pos = keccak_absorb(state->s, state->pos, SHAKE256_RATE, in, inlen);
200031d8:	0ca42423          	sw	a0,200(s0)
}
200031dc:	4402                	lw	s0,0(sp)
200031de:	0121                	addi	sp,sp,8
200031e0:	8082                	ret

200031e2 <pqcrystals_kyber_fips202_ref_shake256_finalize>:
*
* Arguments:   - keccak_state *state: pointer to Keccak state
**************************************************/
void shake256_finalize(keccak_state *state)
{
  keccak_finalize(state->s, state->pos, SHAKE256_RATE, 0x1F);
200031e2:	0c852783          	lw	a5,200(a0)
  s[pos/8] ^= (uint64_t)p << 8*(pos%8);
200031e6:	0077f713          	andi	a4,a5,7
200031ea:	070e                	slli	a4,a4,0x3
200031ec:	9be1                	andi	a5,a5,-8
200031ee:	fe070693          	addi	a3,a4,-32
200031f2:	97aa                	add	a5,a5,a0
200031f4:	0206c963          	bltz	a3,20003226 <pqcrystals_kyber_fips202_ref_shake256_finalize+0x44>
200031f8:	467d                	li	a2,31
200031fa:	00d61633          	sll	a2,a2,a3
200031fe:	4581                	li	a1,0
20003200:	4394                	lw	a3,0(a5)
20003202:	43d8                	lw	a4,4(a5)
  s[r/8-1] ^= 1ULL << 63;
20003204:	80000337          	lui	t1,0x80000
  s[pos/8] ^= (uint64_t)p << 8*(pos%8);
20003208:	8ead                	xor	a3,a3,a1
2000320a:	8f31                	xor	a4,a4,a2
2000320c:	c3d8                	sw	a4,4(a5)
2000320e:	c394                	sw	a3,0(a5)
  s[r/8-1] ^= 1ULL << 63;
20003210:	08452783          	lw	a5,132(a0)
  state->pos = SHAKE256_RATE;
20003214:	08800713          	li	a4,136
20003218:	0ce52423          	sw	a4,200(a0)
  s[r/8-1] ^= 1ULL << 63;
2000321c:	0067c7b3          	xor	a5,a5,t1
20003220:	08f52223          	sw	a5,132(a0)
}
20003224:	8082                	ret
  s[pos/8] ^= (uint64_t)p << 8*(pos%8);
20003226:	45fd                	li	a1,31
20003228:	40e586b3          	sub	a3,a1,a4
2000322c:	463d                	li	a2,15
2000322e:	00e595b3          	sll	a1,a1,a4
20003232:	00d65633          	srl	a2,a2,a3
20003236:	b7e9                	j	20003200 <pqcrystals_kyber_fips202_ref_shake256_finalize+0x1e>

20003238 <pqcrystals_kyber_fips202_ref_shake256_squeeze>:
* Arguments:   - uint8_t *out: pointer to output blocks
*              - size_t outlen : number of bytes to be squeezed (written to output)
*              - keccak_state *s: pointer to input/output Keccak state
**************************************************/
void shake256_squeeze(uint8_t *out, size_t outlen, keccak_state *state)
{
20003238:	1141                	addi	sp,sp,-16
2000323a:	c422                	sw	s0,8(sp)
2000323c:	c226                	sw	s1,4(sp)
2000323e:	c606                	sw	ra,12(sp)
  state->pos = keccak_squeeze(out, outlen, state->s, state->pos, SHAKE256_RATE);
20003240:	0c862783          	lw	a5,200(a2)
{
20003244:	84b2                	mv	s1,a2
20003246:	842a                	mv	s0,a0
  while(outlen) {
20003248:	c9ad                	beqz	a1,200032ba <pqcrystals_kyber_fips202_ref_shake256_squeeze+0x82>
    if(pos == r) {
2000324a:	08800713          	li	a4,136
2000324e:	06e78d63          	beq	a5,a4,200032c8 <pqcrystals_kyber_fips202_ref_shake256_squeeze+0x90>
    for(i=pos;i < r && i < pos+outlen; i++)
20003252:	08700713          	li	a4,135
20003256:	00b78533          	add	a0,a5,a1
2000325a:	fef768e3          	bltu	a4,a5,2000324a <pqcrystals_kyber_fips202_ref_shake256_squeeze+0x12>
      *out++ = s[i/8] >> 8*(i%8);
2000325e:	467d                	li	a2,31
    for(i=pos;i < r && i < pos+outlen; i++)
20003260:	08800593          	li	a1,136
20003264:	a809                	j	20003276 <pqcrystals_kyber_fips202_ref_shake256_squeeze+0x3e>
      *out++ = s[i/8] >> 8*(i%8);
20003266:	42d8                	lw	a4,4(a3)
    for(i=pos;i < r && i < pos+outlen; i++)
20003268:	0785                	addi	a5,a5,1
      *out++ = s[i/8] >> 8*(i%8);
2000326a:	00675733          	srl	a4,a4,t1
2000326e:	fee40fa3          	sb	a4,-1(s0)
    for(i=pos;i < r && i < pos+outlen; i++)
20003272:	04b78063          	beq	a5,a1,200032b2 <pqcrystals_kyber_fips202_ref_shake256_squeeze+0x7a>
      *out++ = s[i/8] >> 8*(i%8);
20003276:	0077f713          	andi	a4,a5,7
2000327a:	070e                	slli	a4,a4,0x3
2000327c:	ff87f693          	andi	a3,a5,-8
20003280:	fe070313          	addi	t1,a4,-32
    for(i=pos;i < r && i < pos+outlen; i++)
20003284:	02a7f763          	bgeu	a5,a0,200032b2 <pqcrystals_kyber_fips202_ref_shake256_squeeze+0x7a>
      *out++ = s[i/8] >> 8*(i%8);
20003288:	40e602b3          	sub	t0,a2,a4
2000328c:	0405                	addi	s0,s0,1
2000328e:	96a6                	add	a3,a3,s1
20003290:	fc035be3          	bgez	t1,20003266 <pqcrystals_kyber_fips202_ref_shake256_squeeze+0x2e>
20003294:	0046a303          	lw	t1,4(a3)
20003298:	4294                	lw	a3,0(a3)
    for(i=pos;i < r && i < pos+outlen; i++)
2000329a:	0785                	addi	a5,a5,1
      *out++ = s[i/8] >> 8*(i%8);
2000329c:	0306                	slli	t1,t1,0x1
2000329e:	00531333          	sll	t1,t1,t0
200032a2:	00e6d733          	srl	a4,a3,a4
200032a6:	00e36733          	or	a4,t1,a4
200032aa:	fee40fa3          	sb	a4,-1(s0)
    for(i=pos;i < r && i < pos+outlen; i++)
200032ae:	fcb794e3          	bne	a5,a1,20003276 <pqcrystals_kyber_fips202_ref_shake256_squeeze+0x3e>
    outlen -= i-pos;
200032b2:	40f505b3          	sub	a1,a0,a5
  while(outlen) {
200032b6:	f8f51ae3          	bne	a0,a5,2000324a <pqcrystals_kyber_fips202_ref_shake256_squeeze+0x12>
}
200032ba:	40b2                	lw	ra,12(sp)
200032bc:	4422                	lw	s0,8(sp)
  state->pos = keccak_squeeze(out, outlen, state->s, state->pos, SHAKE256_RATE);
200032be:	0cf4a423          	sw	a5,200(s1)
}
200032c2:	4492                	lw	s1,4(sp)
200032c4:	0141                	addi	sp,sp,16
200032c6:	8082                	ret
      KeccakF1600_StatePermute(s);
200032c8:	8526                	mv	a0,s1
200032ca:	c02e                	sw	a1,0(sp)
200032cc:	85afe0ef          	jal	20001326 <KeccakF1600_StatePermute>
200032d0:	4582                	lw	a1,0(sp)
      pos = 0;
200032d2:	4781                	li	a5,0
      KeccakF1600_StatePermute(s);
200032d4:	852e                	mv	a0,a1
200032d6:	b761                	j	2000325e <pqcrystals_kyber_fips202_ref_shake256_squeeze+0x26>

200032d8 <pqcrystals_kyber_fips202_ref_shake256>:
*              - const uint8_t *in: pointer to input
*              - size_t inlen: length of input in bytes
**************************************************/
void shake256(uint8_t *out, size_t outlen, const uint8_t *in, size_t inlen)
{
  n_shake256++;
200032d8:	8ac1a783          	lw	a5,-1876(gp) # 200100ac <n_shake256>
{
200032dc:	f0410113          	addi	sp,sp,-252
200032e0:	02310313          	addi	t1,sp,35
  n_shake256++;
200032e4:	0785                	addi	a5,a5,1
{
200032e6:	d9a6                	sw	s1,240(sp)
200032e8:	c02e                	sw	a1,0(sp)
200032ea:	dd86                	sw	ra,248(sp)
200032ec:	85b2                	mv	a1,a2
200032ee:	dba2                	sw	s0,244(sp)
200032f0:	c22a                	sw	a0,4(sp)
200032f2:	8636                	mv	a2,a3
  n_shake256++;
200032f4:	8af1a623          	sw	a5,-1876(gp) # 200100ac <n_shake256>
{
200032f8:	ff837493          	andi	s1,t1,-8
200032fc:	b00027f3          	csrr	a5,mcycle
20003300:	c43e                	sw	a5,8(sp)
20003302:	b80027f3          	csrr	a5,mcycleh
  keccak_absorb_once(state->s, SHAKE256_RATE, in, inlen, 0x1F);
20003306:	46fd                	li	a3,31
20003308:	8526                	mv	a0,s1
2000330a:	3e29                	jal	20002e24 <keccak_absorb_once.constprop.1>
  uint32_t cnt1 = cpucycles();
  size_t nblocks;
  keccak_state state;

  shake256_absorb_once(&state, in, inlen);
  nblocks = outlen/SHAKE256_RATE;
2000330c:	4282                	lw	t0,0(sp)
2000330e:	f0f0f6b7          	lui	a3,0xf0f0f
20003312:	0f168693          	addi	a3,a3,241 # f0f0f0f1 <__StackTop+0xd0eef0f1>
20003316:	02d2b6b3          	mulhu	a3,t0,a3
  state->pos = SHAKE256_RATE;
2000331a:	08800793          	li	a5,136
2000331e:	0cf4a423          	sw	a5,200(s1)
  while(nblocks) {
20003322:	08700713          	li	a4,135
20003326:	4392                	lw	t2,4(sp)
  nblocks = outlen/SHAKE256_RATE;
20003328:	829d                	srli	a3,a3,0x7
  while(nblocks) {
2000332a:	16577063          	bgeu	a4,t0,2000348a <pqcrystals_kyber_fips202_ref_shake256+0x1b2>
2000332e:	00469713          	slli	a4,a3,0x4
20003332:	00d70433          	add	s0,a4,a3
20003336:	040e                	slli	s0,s0,0x3
20003338:	008387b3          	add	a5,t2,s0
2000333c:	8526                	mv	a0,s1
2000333e:	08848413          	addi	s0,s1,136
20003342:	c23e                	sw	a5,4(sp)
20003344:	c636                	sw	a3,12(sp)
20003346:	849e                	mv	s1,t2
20003348:	c81e                	sw	t2,16(sp)
2000334a:	ca16                	sw	t0,20(sp)
2000334c:	cc3a                	sw	a4,24(sp)
    KeccakF1600_StatePermute(s);
2000334e:	c02a                	sw	a0,0(sp)
20003350:	fd7fd0ef          	jal	20001326 <KeccakF1600_StatePermute>
    for(i=0;i<r/8;i++)
20003354:	4502                	lw	a0,0(sp)
20003356:	87a6                	mv	a5,s1
20003358:	832a                	mv	t1,a0
      store64(out+8*i, s[i]);
2000335a:	00032683          	lw	a3,0(t1) # 80000000 <__StackTop+0x5ffe0000>
2000335e:	00432703          	lw	a4,4(t1)
    for(i=0;i<r/8;i++)
20003362:	0321                	addi	t1,t1,8
    x[i] = u >> 8*i;
20003364:	0086d613          	srli	a2,a3,0x8
20003368:	00d78023          	sb	a3,0(a5)
2000336c:	00c780a3          	sb	a2,1(a5)
20003370:	0106d613          	srli	a2,a3,0x10
20003374:	82e1                	srli	a3,a3,0x18
20003376:	00c78123          	sb	a2,2(a5)
2000337a:	00d781a3          	sb	a3,3(a5)
2000337e:	00875613          	srli	a2,a4,0x8
20003382:	01075693          	srli	a3,a4,0x10
20003386:	00e78223          	sb	a4,4(a5)
2000338a:	8361                	srli	a4,a4,0x18
2000338c:	00c782a3          	sb	a2,5(a5)
20003390:	00d78323          	sb	a3,6(a5)
20003394:	00e783a3          	sb	a4,7(a5)
    for(i=0;i<r/8;i++)
20003398:	07a1                	addi	a5,a5,8
2000339a:	fc6410e3          	bne	s0,t1,2000335a <pqcrystals_kyber_fips202_ref_shake256+0x82>
  while(nblocks) {
2000339e:	4792                	lw	a5,4(sp)
    out += r;
200033a0:	08848493          	addi	s1,s1,136
  while(nblocks) {
200033a4:	faf495e3          	bne	s1,a5,2000334e <pqcrystals_kyber_fips202_ref_shake256+0x76>
  state->pos = keccak_squeeze(out, outlen, state->s, state->pos, SHAKE256_RATE);
200033a8:	46b2                	lw	a3,12(sp)
200033aa:	43c2                	lw	t2,16(sp)
200033ac:	42d2                	lw	t0,20(sp)
200033ae:	4762                	lw	a4,24(sp)
200033b0:	0c852783          	lw	a5,200(a0)
200033b4:	84aa                	mv	s1,a0
  shake256_squeezeblocks(out, nblocks, &state);
  outlen -= nblocks*SHAKE256_RATE;
200033b6:	f0f0f637          	lui	a2,0xf0f0f
200033ba:	0f160613          	addi	a2,a2,241 # f0f0f0f1 <__StackTop+0xd0eef0f1>
200033be:	02c2b633          	mulhu	a2,t0,a2
  out += nblocks*SHAKE256_RATE;
200033c2:	00d70433          	add	s0,a4,a3
200033c6:	040e                	slli	s0,s0,0x3
200033c8:	941e                	add	s0,s0,t2
200033ca:	00765713          	srli	a4,a2,0x7
200033ce:	00471693          	slli	a3,a4,0x4
200033d2:	96ba                	add	a3,a3,a4
200033d4:	068e                	slli	a3,a3,0x3
200033d6:	40d28733          	sub	a4,t0,a3
  while(outlen) {
200033da:	06d28863          	beq	t0,a3,2000344a <pqcrystals_kyber_fips202_ref_shake256+0x172>
    if(pos == r) {
200033de:	08800693          	li	a3,136
200033e2:	08d78c63          	beq	a5,a3,2000347a <pqcrystals_kyber_fips202_ref_shake256+0x1a2>
    for(i=pos;i < r && i < pos+outlen; i++)
200033e6:	08700693          	li	a3,135
200033ea:	00e78633          	add	a2,a5,a4
200033ee:	fef6e8e3          	bltu	a3,a5,200033de <pqcrystals_kyber_fips202_ref_shake256+0x106>
      *out++ = s[i/8] >> 8*(i%8);
200033f2:	437d                	li	t1,31
    for(i=pos;i < r && i < pos+outlen; i++)
200033f4:	08800593          	li	a1,136
200033f8:	a809                	j	2000340a <pqcrystals_kyber_fips202_ref_shake256+0x132>
      *out++ = s[i/8] >> 8*(i%8);
200033fa:	42d8                	lw	a4,4(a3)
    for(i=pos;i < r && i < pos+outlen; i++)
200033fc:	0785                	addi	a5,a5,1
      *out++ = s[i/8] >> 8*(i%8);
200033fe:	00a75733          	srl	a4,a4,a0
20003402:	fee40fa3          	sb	a4,-1(s0)
    for(i=pos;i < r && i < pos+outlen; i++)
20003406:	02b78e63          	beq	a5,a1,20003442 <pqcrystals_kyber_fips202_ref_shake256+0x16a>
      *out++ = s[i/8] >> 8*(i%8);
2000340a:	0077f713          	andi	a4,a5,7
2000340e:	070e                	slli	a4,a4,0x3
20003410:	ff87f693          	andi	a3,a5,-8
20003414:	fe070513          	addi	a0,a4,-32
    for(i=pos;i < r && i < pos+outlen; i++)
20003418:	02c7f563          	bgeu	a5,a2,20003442 <pqcrystals_kyber_fips202_ref_shake256+0x16a>
      *out++ = s[i/8] >> 8*(i%8);
2000341c:	40e302b3          	sub	t0,t1,a4
20003420:	0405                	addi	s0,s0,1
20003422:	96a6                	add	a3,a3,s1
20003424:	fc055be3          	bgez	a0,200033fa <pqcrystals_kyber_fips202_ref_shake256+0x122>
20003428:	42c8                	lw	a0,4(a3)
2000342a:	4294                	lw	a3,0(a3)
    for(i=pos;i < r && i < pos+outlen; i++)
2000342c:	0785                	addi	a5,a5,1
      *out++ = s[i/8] >> 8*(i%8);
2000342e:	0506                	slli	a0,a0,0x1
20003430:	00551533          	sll	a0,a0,t0
20003434:	00e6d733          	srl	a4,a3,a4
20003438:	8f49                	or	a4,a4,a0
2000343a:	fee40fa3          	sb	a4,-1(s0)
    for(i=pos;i < r && i < pos+outlen; i++)
2000343e:	fcb796e3          	bne	a5,a1,2000340a <pqcrystals_kyber_fips202_ref_shake256+0x132>
    outlen -= i-pos;
20003442:	40f60733          	sub	a4,a2,a5
  while(outlen) {
20003446:	f8f61ce3          	bne	a2,a5,200033de <pqcrystals_kyber_fips202_ref_shake256+0x106>
  state->pos = keccak_squeeze(out, outlen, state->s, state->pos, SHAKE256_RATE);
2000344a:	0cf4a423          	sw	a5,200(s1)
2000344e:	b0002673          	csrr	a2,mcycle
20003452:	b80027f3          	csrr	a5,mcycleh
  shake256_squeeze(out, outlen, &state);
  uint32_t cnt2 = cpucycles();
  if (shake256_cyc != 0){
    shake256_cyc = (shake256_cyc + cnt2-cnt1) / 2;
  } else {
    shake256_cyc = cnt2-cnt1;
20003456:	45a2                	lw	a1,8(sp)
  if (shake256_cyc != 0){
20003458:	8a41a783          	lw	a5,-1884(gp) # 200100a4 <shake256_cyc>
    shake256_cyc = cnt2-cnt1;
2000345c:	40b606b3          	sub	a3,a2,a1
  if (shake256_cyc != 0){
20003460:	c789                	beqz	a5,2000346a <pqcrystals_kyber_fips202_ref_shake256+0x192>
    shake256_cyc = (shake256_cyc + cnt2-cnt1) / 2;
20003462:	8f8d                	sub	a5,a5,a1
20003464:	97b2                	add	a5,a5,a2
20003466:	0017d693          	srli	a3,a5,0x1
  }
}
2000346a:	50ee                	lw	ra,248(sp)
2000346c:	545e                	lw	s0,244(sp)
2000346e:	8ad1a223          	sw	a3,-1884(gp) # 200100a4 <shake256_cyc>
20003472:	54ce                	lw	s1,240(sp)
20003474:	0fc10113          	addi	sp,sp,252
20003478:	8082                	ret
      KeccakF1600_StatePermute(s);
2000347a:	8526                	mv	a0,s1
2000347c:	c03a                	sw	a4,0(sp)
2000347e:	ea9fd0ef          	jal	20001326 <KeccakF1600_StatePermute>
20003482:	4702                	lw	a4,0(sp)
      pos = 0;
20003484:	4781                	li	a5,0
      KeccakF1600_StatePermute(s);
20003486:	863a                	mv	a2,a4
20003488:	b7ad                	j	200033f2 <pqcrystals_kyber_fips202_ref_shake256+0x11a>
2000348a:	00469713          	slli	a4,a3,0x4
2000348e:	b725                	j	200033b6 <pqcrystals_kyber_fips202_ref_shake256+0xde>

20003490 <pqcrystals_kyber_fips202_ref_sha3_256>:
*              - const uint8_t *in: pointer to input
*              - size_t inlen: length of input in bytes
**************************************************/
void sha3_256(uint8_t h[32], const uint8_t *in, size_t inlen)
{
  n_sha3_256++;
20003490:	8981a783          	lw	a5,-1896(gp) # 20010098 <n_sha3_256>
{
20003494:	f2410113          	addi	sp,sp,-220
20003498:	c9a6                	sw	s1,208(sp)
  n_sha3_256++;
2000349a:	0785                	addi	a5,a5,1
{
2000349c:	00b10493          	addi	s1,sp,11
200034a0:	cba2                	sw	s0,212(sp)
200034a2:	cd86                	sw	ra,216(sp)
200034a4:	842a                	mv	s0,a0
  n_sha3_256++;
200034a6:	88f1ac23          	sw	a5,-1896(gp) # 20010098 <n_sha3_256>
{
200034aa:	98e1                	andi	s1,s1,-8
200034ac:	b0002373          	csrr	t1,mcycle
200034b0:	c01a                	sw	t1,0(sp)
200034b2:	b80027f3          	csrr	a5,mcycleh
  uint32_t cnt1 = cpucycles();
  unsigned int i;
  uint64_t s[25];

  keccak_absorb_once(s, SHA3_256_RATE, in, inlen, 0x06);
200034b6:	4699                	li	a3,6
200034b8:	8526                	mv	a0,s1
200034ba:	32ad                	jal	20002e24 <keccak_absorb_once.constprop.1>
  KeccakF1600_StatePermute(s);
200034bc:	8526                	mv	a0,s1
200034be:	e69fd0ef          	jal	20001326 <KeccakF1600_StatePermute>
  for(i=0;i<4;i++)
    store64(h+8*i,s[i]);
200034c2:	4090                	lw	a2,0(s1)
200034c4:	40d4                	lw	a3,4(s1)
200034c6:	4498                	lw	a4,8(s1)
    x[i] = u >> 8*i;
200034c8:	01865393          	srli	t2,a2,0x18
200034cc:	007401a3          	sb	t2,3(s0)
200034d0:	0086d393          	srli	t2,a3,0x8
    store64(h+8*i,s[i]);
200034d4:	44dc                	lw	a5,12(s1)
200034d6:	4888                	lw	a0,16(s1)
    x[i] = u >> 8*i;
200034d8:	00865293          	srli	t0,a2,0x8
200034dc:	00d40223          	sb	a3,4(s0)
200034e0:	007402a3          	sb	t2,5(s0)
200034e4:	0106d393          	srli	t2,a3,0x10
200034e8:	82e1                	srli	a3,a3,0x18
    store64(h+8*i,s[i]);
200034ea:	48cc                	lw	a1,20(s1)
    x[i] = u >> 8*i;
200034ec:	005400a3          	sb	t0,1(s0)
200034f0:	00d403a3          	sb	a3,7(s0)
200034f4:	01065293          	srli	t0,a2,0x10
200034f8:	00875693          	srli	a3,a4,0x8
200034fc:	00c40023          	sb	a2,0(s0)
20003500:	00540123          	sb	t0,2(s0)
    store64(h+8*i,s[i]);
20003504:	4c90                	lw	a2,24(s1)
20003506:	01c4a283          	lw	t0,28(s1)
    x[i] = u >> 8*i;
2000350a:	00e40423          	sb	a4,8(s0)
2000350e:	00d404a3          	sb	a3,9(s0)
20003512:	01075693          	srli	a3,a4,0x10
20003516:	8361                	srli	a4,a4,0x18
20003518:	00740323          	sb	t2,6(s0)
2000351c:	00d40523          	sb	a3,10(s0)
20003520:	0087d393          	srli	t2,a5,0x8
20003524:	00e405a3          	sb	a4,11(s0)
20003528:	0107d693          	srli	a3,a5,0x10
2000352c:	00f40623          	sb	a5,12(s0)
20003530:	00855713          	srli	a4,a0,0x8
20003534:	83e1                	srli	a5,a5,0x18
20003536:	007406a3          	sb	t2,13(s0)
2000353a:	00d40723          	sb	a3,14(s0)
2000353e:	01055493          	srli	s1,a0,0x10
20003542:	00f407a3          	sb	a5,15(s0)
20003546:	01855393          	srli	t2,a0,0x18
2000354a:	0085d693          	srli	a3,a1,0x8
2000354e:	00e408a3          	sb	a4,17(s0)
20003552:	0185d793          	srli	a5,a1,0x18
20003556:	0105d713          	srli	a4,a1,0x10
2000355a:	00a40823          	sb	a0,16(s0)
2000355e:	007409a3          	sb	t2,19(s0)
20003562:	00b40a23          	sb	a1,20(s0)
20003566:	00d40aa3          	sb	a3,21(s0)
2000356a:	00e40b23          	sb	a4,22(s0)
2000356e:	00f40ba3          	sb	a5,23(s0)
20003572:	00940923          	sb	s1,18(s0)
20003576:	00865393          	srli	t2,a2,0x8
2000357a:	01065513          	srli	a0,a2,0x10
2000357e:	01865593          	srli	a1,a2,0x18
20003582:	0082d693          	srli	a3,t0,0x8
20003586:	0102d713          	srli	a4,t0,0x10
2000358a:	0182d793          	srli	a5,t0,0x18
2000358e:	00c40c23          	sb	a2,24(s0)
20003592:	00540e23          	sb	t0,28(s0)
20003596:	00740ca3          	sb	t2,25(s0)
2000359a:	00a40d23          	sb	a0,26(s0)
2000359e:	00b40da3          	sb	a1,27(s0)
200035a2:	00d40ea3          	sb	a3,29(s0)
200035a6:	00e40f23          	sb	a4,30(s0)
200035aa:	00f40fa3          	sb	a5,31(s0)
200035ae:	b0002673          	csrr	a2,mcycle
200035b2:	b80027f3          	csrr	a5,mcycleh
  uint32_t cnt2 = cpucycles();
  if (sha3_256_cyc != 0){
    sha3_256_cyc = (sha3_256_cyc + cnt2-cnt1) / 2;
  } else {
    sha3_256_cyc = cnt2-cnt1;
200035b6:	4302                	lw	t1,0(sp)
  if (sha3_256_cyc != 0){
200035b8:	89c1a783          	lw	a5,-1892(gp) # 2001009c <sha3_256_cyc>
    sha3_256_cyc = cnt2-cnt1;
200035bc:	406606b3          	sub	a3,a2,t1
  if (sha3_256_cyc != 0){
200035c0:	c791                	beqz	a5,200035cc <pqcrystals_kyber_fips202_ref_sha3_256+0x13c>
    sha3_256_cyc = (sha3_256_cyc + cnt2-cnt1) / 2;
200035c2:	97b2                	add	a5,a5,a2
200035c4:	406787b3          	sub	a5,a5,t1
200035c8:	0017d693          	srli	a3,a5,0x1
  }

}
200035cc:	40ee                	lw	ra,216(sp)
200035ce:	445e                	lw	s0,212(sp)
200035d0:	88d1ae23          	sw	a3,-1892(gp) # 2001009c <sha3_256_cyc>
200035d4:	44ce                	lw	s1,208(sp)
200035d6:	0dc10113          	addi	sp,sp,220
200035da:	8082                	ret

200035dc <pqcrystals_kyber_fips202_ref_sha3_512>:
*              - const uint8_t *in: pointer to input
*              - size_t inlen: length of input in bytes
**************************************************/
void sha3_512(uint8_t h[64], const uint8_t *in, size_t inlen)
{
  n_sha3_512++;
200035dc:	8941a703          	lw	a4,-1900(gp) # 20010094 <n_sha3_512>
{
200035e0:	f1c10113          	addi	sp,sp,-228
200035e4:	01310313          	addi	t1,sp,19
  n_sha3_512++;
200035e8:	0705                	addi	a4,a4,1
{
200035ea:	cfa2                	sw	s0,220(sp)
200035ec:	cda6                	sw	s1,216(sp)
200035ee:	842a                	mv	s0,a0
200035f0:	d186                	sw	ra,224(sp)
200035f2:	87ae                	mv	a5,a1
200035f4:	84b2                	mv	s1,a2
  n_sha3_512++;
200035f6:	88e1aa23          	sw	a4,-1900(gp) # 20010094 <n_sha3_512>
{
200035fa:	ff837513          	andi	a0,t1,-8
200035fe:	b0002773          	csrr	a4,mcycle
20003602:	c23a                	sw	a4,4(sp)
20003604:	b8002773          	csrr	a4,mcycleh
  for(i=0;i<25;i++)
20003608:	0c850693          	addi	a3,a0,200
  uint32_t cnt1 = cpucycles();
2000360c:	872a                	mv	a4,a0
    s[i] = 0;
2000360e:	4581                	li	a1,0
20003610:	4601                	li	a2,0
20003612:	c30c                	sw	a1,0(a4)
20003614:	c350                	sw	a2,4(a4)
  for(i=0;i<25;i++)
20003616:	0721                	addi	a4,a4,8
20003618:	fee69be3          	bne	a3,a4,2000360e <pqcrystals_kyber_fips202_ref_sha3_512+0x32>
  while(inlen >= r) {
2000361c:	04700713          	li	a4,71
20003620:	08977463          	bgeu	a4,s1,200036a8 <pqcrystals_kyber_fips202_ref_sha3_512+0xcc>
20003624:	04878793          	addi	a5,a5,72
20003628:	c422                	sw	s0,8(sp)
2000362a:	843e                	mv	s0,a5
2000362c:	fb840713          	addi	a4,s0,-72
  uint32_t cnt1 = cpucycles();
20003630:	862a                	mv	a2,a0
    r |= (uint64_t)x[i] << 8*i;
20003632:	00174783          	lbu	a5,1(a4)
20003636:	00274683          	lbu	a3,2(a4)
2000363a:	00574583          	lbu	a1,5(a4)
2000363e:	07a2                	slli	a5,a5,0x8
20003640:	06c2                	slli	a3,a3,0x10
20003642:	00474303          	lbu	t1,4(a4)
20003646:	8fd5                	or	a5,a5,a3
20003648:	00074683          	lbu	a3,0(a4)
2000364c:	00674283          	lbu	t0,6(a4)
20003650:	05a2                	slli	a1,a1,0x8
20003652:	0065e5b3          	or	a1,a1,t1
20003656:	8fd5                	or	a5,a5,a3
20003658:	00374303          	lbu	t1,3(a4)
2000365c:	00774683          	lbu	a3,7(a4)
20003660:	02c2                	slli	t0,t0,0x10
20003662:	00b2e2b3          	or	t0,t0,a1
20003666:	06e2                	slli	a3,a3,0x18
20003668:	0362                	slli	t1,t1,0x18
      s[i] ^= load64(in+8*i);
2000366a:	420c                	lw	a1,0(a2)
    r |= (uint64_t)x[i] << 8*i;
2000366c:	00f36333          	or	t1,t1,a5
20003670:	0056e7b3          	or	a5,a3,t0
      s[i] ^= load64(in+8*i);
20003674:	4254                	lw	a3,4(a2)
20003676:	0065c5b3          	xor	a1,a1,t1
2000367a:	c20c                	sw	a1,0(a2)
2000367c:	8fb5                	xor	a5,a5,a3
2000367e:	c25c                	sw	a5,4(a2)
    for(i=0;i<r/8;i++)
20003680:	0721                	addi	a4,a4,8
20003682:	0621                	addi	a2,a2,8
20003684:	fae417e3          	bne	s0,a4,20003632 <pqcrystals_kyber_fips202_ref_sha3_512+0x56>
    KeccakF1600_StatePermute(s);
20003688:	c02a                	sw	a0,0(sp)
2000368a:	c9dfd0ef          	jal	20001326 <KeccakF1600_StatePermute>
    inlen -= r;
2000368e:	fb848493          	addi	s1,s1,-72
  while(inlen >= r) {
20003692:	04700713          	li	a4,71
20003696:	4502                	lw	a0,0(sp)
20003698:	04840693          	addi	a3,s0,72
2000369c:	00977463          	bgeu	a4,s1,200036a4 <pqcrystals_kyber_fips202_ref_sha3_512+0xc8>
200036a0:	8436                	mv	s0,a3
200036a2:	b769                	j	2000362c <pqcrystals_kyber_fips202_ref_sha3_512+0x50>
    in += r;
200036a4:	87a2                	mv	a5,s0
200036a6:	4422                	lw	s0,8(sp)
  for(i=0;i<inlen;i++)
200036a8:	2c048463          	beqz	s1,20003970 <pqcrystals_kyber_fips202_ref_sha3_512+0x394>
200036ac:	4601                	li	a2,0
    s[i/8] ^= (uint64_t)in[i] << 8*(i%8);
200036ae:	43fd                	li	t2,31
200036b0:	a015                	j	200036d4 <pqcrystals_kyber_fips202_ref_sha3_512+0xf8>
200036b2:	00072283          	lw	t0,0(a4)
200036b6:	00b315b3          	sll	a1,t1,a1
200036ba:	00472303          	lw	t1,4(a4)
200036be:	4681                	li	a3,0
200036c0:	00d2c2b3          	xor	t0,t0,a3
200036c4:	00b346b3          	xor	a3,t1,a1
  for(i=0;i<inlen;i++)
200036c8:	0605                	addi	a2,a2,1
    s[i/8] ^= (uint64_t)in[i] << 8*(i%8);
200036ca:	00572023          	sw	t0,0(a4)
200036ce:	c354                	sw	a3,4(a4)
  for(i=0;i<inlen;i++)
200036d0:	04c48663          	beq	s1,a2,2000371c <pqcrystals_kyber_fips202_ref_sha3_512+0x140>
    s[i/8] ^= (uint64_t)in[i] << 8*(i%8);
200036d4:	00767693          	andi	a3,a2,7
200036d8:	068e                	slli	a3,a3,0x3
200036da:	ff867713          	andi	a4,a2,-8
200036de:	00c78333          	add	t1,a5,a2
200036e2:	fe068593          	addi	a1,a3,-32
200036e6:	00034303          	lbu	t1,0(t1)
200036ea:	40d382b3          	sub	t0,t2,a3
200036ee:	972a                	add	a4,a4,a0
200036f0:	fc05d1e3          	bgez	a1,200036b2 <pqcrystals_kyber_fips202_ref_sha3_512+0xd6>
200036f4:	00135593          	srli	a1,t1,0x1
200036f8:	00d316b3          	sll	a3,t1,a3
200036fc:	0055d5b3          	srl	a1,a1,t0
20003700:	00472303          	lw	t1,4(a4)
20003704:	00072283          	lw	t0,0(a4)
  for(i=0;i<inlen;i++)
20003708:	0605                	addi	a2,a2,1
    s[i/8] ^= (uint64_t)in[i] << 8*(i%8);
2000370a:	00d2c2b3          	xor	t0,t0,a3
2000370e:	00b346b3          	xor	a3,t1,a1
20003712:	00572023          	sw	t0,0(a4)
20003716:	c354                	sw	a3,4(a4)
  for(i=0;i<inlen;i++)
20003718:	fac49ee3          	bne	s1,a2,200036d4 <pqcrystals_kyber_fips202_ref_sha3_512+0xf8>
  s[i/8] ^= (uint64_t)p << 8*(i%8);
2000371c:	0074f613          	andi	a2,s1,7
20003720:	060e                	slli	a2,a2,0x3
20003722:	ff84f793          	andi	a5,s1,-8
20003726:	fe060693          	addi	a3,a2,-32
2000372a:	97aa                	add	a5,a5,a0
2000372c:	2206c963          	bltz	a3,2000395e <pqcrystals_kyber_fips202_ref_sha3_512+0x382>
20003730:	4719                	li	a4,6
20003732:	00d71733          	sll	a4,a4,a3
20003736:	4681                	li	a3,0
20003738:	0007a303          	lw	t1,0(a5)
2000373c:	43d0                	lw	a2,4(a5)
  s[(r-1)/8] ^= 1ULL << 63;
2000373e:	800005b7          	lui	a1,0x80000
  s[i/8] ^= (uint64_t)p << 8*(i%8);
20003742:	00d346b3          	xor	a3,t1,a3
20003746:	8f31                	xor	a4,a4,a2
20003748:	c394                	sw	a3,0(a5)
2000374a:	c3d8                	sw	a4,4(a5)
  s[(r-1)/8] ^= 1ULL << 63;
2000374c:	417c                	lw	a5,68(a0)
2000374e:	c02a                	sw	a0,0(sp)
20003750:	8fad                	xor	a5,a5,a1
20003752:	c17c                	sw	a5,68(a0)
  unsigned int i;
  uint64_t s[25];

  keccak_absorb_once(s, SHA3_512_RATE, in, inlen, 0x06);
  KeccakF1600_StatePermute(s);
20003754:	bd3fd0ef          	jal	20001326 <KeccakF1600_StatePermute>
  for(i=0;i<8;i++)
    store64(h+8*i,s[i]);
20003758:	4502                	lw	a0,0(sp)
2000375a:	00052303          	lw	t1,0(a0)
2000375e:	4154                	lw	a3,4(a0)
20003760:	4518                	lw	a4,8(a0)
    x[i] = u >> 8*i;
20003762:	00835293          	srli	t0,t1,0x8
20003766:	00640023          	sb	t1,0(s0)
2000376a:	005400a3          	sb	t0,1(s0)
2000376e:	01035293          	srli	t0,t1,0x10
20003772:	01835313          	srli	t1,t1,0x18
20003776:	006401a3          	sb	t1,3(s0)
2000377a:	0086d313          	srli	t1,a3,0x8
    store64(h+8*i,s[i]);
2000377e:	490c                	lw	a1,16(a0)
20003780:	455c                	lw	a5,12(a0)
    x[i] = u >> 8*i;
20003782:	00d40223          	sb	a3,4(s0)
20003786:	006402a3          	sb	t1,5(s0)
2000378a:	0106d313          	srli	t1,a3,0x10
2000378e:	82e1                	srli	a3,a3,0x18
    store64(h+8*i,s[i]);
20003790:	4950                	lw	a2,20(a0)
    x[i] = u >> 8*i;
20003792:	00d403a3          	sb	a3,7(s0)
20003796:	00875693          	srli	a3,a4,0x8
2000379a:	00e40423          	sb	a4,8(s0)
2000379e:	00d404a3          	sb	a3,9(s0)
200037a2:	01075693          	srli	a3,a4,0x10
200037a6:	8361                	srli	a4,a4,0x18
200037a8:	00540123          	sb	t0,2(s0)
200037ac:	00640323          	sb	t1,6(s0)
    store64(h+8*i,s[i]);
200037b0:	01852283          	lw	t0,24(a0)
    x[i] = u >> 8*i;
200037b4:	00d40523          	sb	a3,10(s0)
200037b8:	0087d313          	srli	t1,a5,0x8
200037bc:	00e405a3          	sb	a4,11(s0)
200037c0:	0107d693          	srli	a3,a5,0x10
200037c4:	00f40623          	sb	a5,12(s0)
200037c8:	0085d713          	srli	a4,a1,0x8
200037cc:	83e1                	srli	a5,a5,0x18
200037ce:	006406a3          	sb	t1,13(s0)
200037d2:	00d40723          	sb	a3,14(s0)
200037d6:	0105d393          	srli	t2,a1,0x10
200037da:	00f407a3          	sb	a5,15(s0)
200037de:	0185d313          	srli	t1,a1,0x18
200037e2:	00865693          	srli	a3,a2,0x8
200037e6:	00e408a3          	sb	a4,17(s0)
200037ea:	01865793          	srli	a5,a2,0x18
200037ee:	01065713          	srli	a4,a2,0x10
200037f2:	00b40823          	sb	a1,16(s0)
200037f6:	00740923          	sb	t2,18(s0)
200037fa:	006409a3          	sb	t1,19(s0)
200037fe:	00d40aa3          	sb	a3,21(s0)
20003802:	00e40b23          	sb	a4,22(s0)
20003806:	00f40ba3          	sb	a5,23(s0)
2000380a:	00c40a23          	sb	a2,20(s0)
    store64(h+8*i,s[i]);
2000380e:	4d50                	lw	a2,28(a0)
    x[i] = u >> 8*i;
20003810:	0082d393          	srli	t2,t0,0x8
    store64(h+8*i,s[i]);
20003814:	5114                	lw	a3,32(a0)
    x[i] = u >> 8*i;
20003816:	00540c23          	sb	t0,24(s0)
2000381a:	00740ca3          	sb	t2,25(s0)
2000381e:	0102d393          	srli	t2,t0,0x10
20003822:	0182d293          	srli	t0,t0,0x18
20003826:	00540da3          	sb	t0,27(s0)
2000382a:	00865293          	srli	t0,a2,0x8
    store64(h+8*i,s[i]);
2000382e:	5158                	lw	a4,36(a0)
    x[i] = u >> 8*i;
20003830:	00c40e23          	sb	a2,28(s0)
20003834:	00540ea3          	sb	t0,29(s0)
20003838:	01065293          	srli	t0,a2,0x10
2000383c:	8261                	srli	a2,a2,0x18
    store64(h+8*i,s[i]);
2000383e:	02852303          	lw	t1,40(a0)
    x[i] = u >> 8*i;
20003842:	00c40fa3          	sb	a2,31(s0)
20003846:	0086d613          	srli	a2,a3,0x8
    store64(h+8*i,s[i]);
2000384a:	554c                	lw	a1,44(a0)
2000384c:	591c                	lw	a5,48(a0)
    x[i] = u >> 8*i;
2000384e:	02d40023          	sb	a3,32(s0)
20003852:	02c400a3          	sb	a2,33(s0)
20003856:	0106d613          	srli	a2,a3,0x10
2000385a:	82e1                	srli	a3,a3,0x18
2000385c:	02c40123          	sb	a2,34(s0)
20003860:	02d401a3          	sb	a3,35(s0)
20003864:	00875613          	srli	a2,a4,0x8
20003868:	01075693          	srli	a3,a4,0x10
2000386c:	02e40223          	sb	a4,36(s0)
20003870:	02c402a3          	sb	a2,37(s0)
20003874:	02d40323          	sb	a3,38(s0)
20003878:	00835613          	srli	a2,t1,0x8
2000387c:	01035693          	srli	a3,t1,0x10
20003880:	8361                	srli	a4,a4,0x18
20003882:	00540f23          	sb	t0,30(s0)
20003886:	02e403a3          	sb	a4,39(s0)
2000388a:	02640423          	sb	t1,40(s0)
2000388e:	01835713          	srli	a4,t1,0x18
20003892:	0085d293          	srli	t0,a1,0x8
20003896:	02c404a3          	sb	a2,41(s0)
2000389a:	0105d313          	srli	t1,a1,0x10
2000389e:	02d40523          	sb	a3,42(s0)
200038a2:	0185d613          	srli	a2,a1,0x18
200038a6:	0087d693          	srli	a3,a5,0x8
200038aa:	02e405a3          	sb	a4,43(s0)
200038ae:	02b40623          	sb	a1,44(s0)
200038b2:	0107d713          	srli	a4,a5,0x10
200038b6:	025406a3          	sb	t0,45(s0)
200038ba:	02640723          	sb	t1,46(s0)
200038be:	02c407a3          	sb	a2,47(s0)
200038c2:	02f40823          	sb	a5,48(s0)
200038c6:	02d408a3          	sb	a3,49(s0)
200038ca:	00740d23          	sb	t2,26(s0)
200038ce:	02e40923          	sb	a4,50(s0)
200038d2:	83e1                	srli	a5,a5,0x18
    store64(h+8*i,s[i]);
200038d4:	5954                	lw	a3,52(a0)
200038d6:	5d18                	lw	a4,56(a0)
    x[i] = u >> 8*i;
200038d8:	02f409a3          	sb	a5,51(s0)
    store64(h+8*i,s[i]);
200038dc:	5d5c                	lw	a5,60(a0)
    x[i] = u >> 8*i;
200038de:	0086d593          	srli	a1,a3,0x8
200038e2:	0106d613          	srli	a2,a3,0x10
200038e6:	0186d293          	srli	t0,a3,0x18
200038ea:	00875313          	srli	t1,a4,0x8
200038ee:	01075513          	srli	a0,a4,0x10
200038f2:	02d40a23          	sb	a3,52(s0)
200038f6:	02b40aa3          	sb	a1,53(s0)
200038fa:	02c40b23          	sb	a2,54(s0)
200038fe:	01875593          	srli	a1,a4,0x18
20003902:	0087d613          	srli	a2,a5,0x8
20003906:	0107d693          	srli	a3,a5,0x10
2000390a:	02e40c23          	sb	a4,56(s0)
2000390e:	0187d713          	srli	a4,a5,0x18
20003912:	02540ba3          	sb	t0,55(s0)
20003916:	02f40e23          	sb	a5,60(s0)
2000391a:	02640ca3          	sb	t1,57(s0)
2000391e:	02a40d23          	sb	a0,58(s0)
20003922:	02b40da3          	sb	a1,59(s0)
20003926:	02c40ea3          	sb	a2,61(s0)
2000392a:	02d40f23          	sb	a3,62(s0)
2000392e:	02e40fa3          	sb	a4,63(s0)
20003932:	b0002673          	csrr	a2,mcycle
20003936:	b80027f3          	csrr	a5,mcycleh
  uint32_t cnt2 = cpucycles();
  if (sha3_512_cyc != 0){
    sha3_512_cyc = (sha3_512_cyc + cnt2-cnt1) / 2;
  } else {
    sha3_512_cyc = cnt2-cnt1;
2000393a:	4592                	lw	a1,4(sp)
  if (sha3_512_cyc != 0){
2000393c:	8901a783          	lw	a5,-1904(gp) # 20010090 <sha3_512_cyc>
    sha3_512_cyc = cnt2-cnt1;
20003940:	40b606b3          	sub	a3,a2,a1
  if (sha3_512_cyc != 0){
20003944:	c789                	beqz	a5,2000394e <pqcrystals_kyber_fips202_ref_sha3_512+0x372>
    sha3_512_cyc = (sha3_512_cyc + cnt2-cnt1) / 2;
20003946:	8f8d                	sub	a5,a5,a1
20003948:	97b2                	add	a5,a5,a2
2000394a:	0017d693          	srli	a3,a5,0x1
  }
}
2000394e:	508e                	lw	ra,224(sp)
20003950:	447e                	lw	s0,220(sp)
20003952:	88d1a823          	sw	a3,-1904(gp) # 20010090 <sha3_512_cyc>
20003956:	44ee                	lw	s1,216(sp)
20003958:	0e410113          	addi	sp,sp,228
2000395c:	8082                	ret
  s[i/8] ^= (uint64_t)p << 8*(i%8);
2000395e:	45fd                	li	a1,31
20003960:	8d91                	sub	a1,a1,a2
20003962:	470d                	li	a4,3
20003964:	4699                	li	a3,6
20003966:	00b75733          	srl	a4,a4,a1
2000396a:	00c696b3          	sll	a3,a3,a2
2000396e:	b3e9                	j	20003738 <pqcrystals_kyber_fips202_ref_sha3_512+0x15c>
  for(i=0;i<inlen;i++)
20003970:	4699                	li	a3,6
20003972:	4701                	li	a4,0
20003974:	87aa                	mv	a5,a0
20003976:	b3c9                	j	20003738 <pqcrystals_kyber_fips202_ref_sha3_512+0x15c>

20003978 <pqcrystals_kyber512_ref_gen_matrix>:

#define GEN_MATRIX_NBLOCKS ((12*KYBER_N/8*(1 << 12)/KYBER_Q + XOF_BLOCKBYTES)/XOF_BLOCKBYTES)
// Not static for benchmarking
void gen_matrix(polyvec *a, const uint8_t seed[KYBER_SYMBYTES], int transposed)
{
  n_gen_matrix++;
20003978:	88c1a783          	lw	a5,-1908(gp) # 2001008c <n_gen_matrix>
{
2000397c:	cf410113          	addi	sp,sp,-780
20003980:	23310693          	addi	a3,sp,563
  n_gen_matrix++;
20003984:	0785                	addi	a5,a5,1
20003986:	88f1a623          	sw	a5,-1908(gp) # 2001008c <n_gen_matrix>
{
2000398a:	ff86f793          	andi	a5,a3,-8
2000398e:	30112423          	sw	ra,776(sp)
20003992:	30812223          	sw	s0,772(sp)
20003996:	30912023          	sw	s1,768(sp)
2000399a:	d62a                	sw	a0,44(sp)
2000399c:	d22e                	sw	a1,36(sp)
2000399e:	d032                	sw	a2,32(sp)
200039a0:	c63e                	sw	a5,12(sp)
200039a2:	b00027f3          	csrr	a5,mcycle
200039a6:	b8002773          	csrr	a4,mcycleh
  unsigned int ctr, i, j;
  unsigned int buflen;
  uint8_t buf[GEN_MATRIX_NBLOCKS*XOF_BLOCKBYTES];
  xof_state state;

  for(i=0;i<KYBER_K;i++) {
200039aa:	4481                	li	s1,0
200039ac:	d83e                	sw	a5,48(sp)
    for(j=0;j<KYBER_K;j++) {
200039ae:	5732                	lw	a4,44(sp)
200039b0:	00a49793          	slli	a5,s1,0xa
200039b4:	ca02                	sw	zero,20(sp)
200039b6:	97ba                	add	a5,a5,a4
200039b8:	cc3e                	sw	a5,24(sp)
200039ba:	0ff4f793          	zext.b	a5,s1
200039be:	ce3e                	sw	a5,28(sp)
200039c0:	d426                	sw	s1,40(sp)
      if(transposed)
200039c2:	5782                	lw	a5,32(sp)
200039c4:	01414683          	lbu	a3,20(sp)
200039c8:	1e078e63          	beqz	a5,20003bc4 <pqcrystals_kyber512_ref_gen_matrix+0x24c>
        xof_absorb(&state, seed, i, j);
200039cc:	4672                	lw	a2,28(sp)
200039ce:	5592                	lw	a1,36(sp)
200039d0:	4532                	lw	a0,12(sp)
200039d2:	4a8010ef          	jal	20004e7a <pqcrystals_kyber512_ref_kyber_shake128_absorb>
      else
        xof_absorb(&state, seed, j, i);

      xof_squeezeblocks(buf, GEN_MATRIX_NBLOCKS, &state);
200039d6:	4632                	lw	a2,12(sp)
200039d8:	458d                	li	a1,3
200039da:	1848                	addi	a0,sp,52
200039dc:	f50ff0ef          	jal	2000312c <pqcrystals_kyber_fips202_ref_shake128_squeezeblocks>
  n_rej_uniform++;
200039e0:	87c1a703          	lw	a4,-1924(gp) # 2001007c <n_rej_uniform>
      buflen = GEN_MATRIX_NBLOCKS*XOF_BLOCKBYTES;
      ctr = rej_uniform(a[i].vec[j].coeffs, KYBER_N, buf, buflen);
200039e4:	47d2                	lw	a5,20(sp)
200039e6:	4662                	lw	a2,24(sp)
  n_rej_uniform++;
200039e8:	0705                	addi	a4,a4,1
      ctr = rej_uniform(a[i].vec[j].coeffs, KYBER_N, buf, buflen);
200039ea:	07a6                	slli	a5,a5,0x9
200039ec:	97b2                	add	a5,a5,a2
  n_rej_uniform++;
200039ee:	86e1ae23          	sw	a4,-1924(gp) # 2001007c <n_rej_uniform>
200039f2:	b00025f3          	csrr	a1,mcycle
200039f6:	b8002773          	csrr	a4,mcycleh
  while(ctr < len && pos + 3 <= buflen) {
200039fa:	6385                	lui	t2,0x1
    if(val0 < KYBER_Q)
200039fc:	829e                	mv	t0,t2
  uint32_t cnt1 = cpucycles();
200039fe:	1850                	addi	a2,sp,52
20003a00:	13fd                	addi	t2,t2,-1 # fff <__rodata_size+0x5bb>
    if(val0 < KYBER_Q)
20003a02:	d0028293          	addi	t0,t0,-768
  ctr = pos = 0;
20003a06:	4481                	li	s1,0
  while(ctr < len && pos + 3 <= buflen) {
20003a08:	10000413          	li	s0,256
    val0 = ((buf[pos+0] >> 0) | ((uint16_t)buf[pos+1] << 8)) & 0xFFF;
20003a0c:	00164303          	lbu	t1,1(a2)
20003a10:	00064703          	lbu	a4,0(a2)
      r[ctr++] = val0;
20003a14:	00149513          	slli	a0,s1,0x1
    val0 = ((buf[pos+0] >> 0) | ((uint16_t)buf[pos+1] << 8)) & 0xFFF;
20003a18:	00831693          	slli	a3,t1,0x8
20003a1c:	8f55                	or	a4,a4,a3
    val1 = ((buf[pos+1] >> 4) | ((uint16_t)buf[pos+2] << 4)) & 0xFFF;
20003a1e:	00264683          	lbu	a3,2(a2)
20003a22:	00435313          	srli	t1,t1,0x4
20003a26:	00777733          	and	a4,a4,t2
20003a2a:	0692                	slli	a3,a3,0x4
20003a2c:	0066e6b3          	or	a3,a3,t1
20003a30:	0742                	slli	a4,a4,0x10
20003a32:	06c2                	slli	a3,a3,0x10
20003a34:	8741                	srai	a4,a4,0x10
      r[ctr++] = val0;
20003a36:	953e                	add	a0,a0,a5
20003a38:	00148313          	addi	t1,s1,1
    val1 = ((buf[pos+1] >> 4) | ((uint16_t)buf[pos+2] << 4)) & 0xFFF;
20003a3c:	86c1                	srai	a3,a3,0x10
    if(val0 < KYBER_Q)
20003a3e:	16e2c363          	blt	t0,a4,20003ba4 <pqcrystals_kyber512_ref_gen_matrix+0x22c>
      r[ctr++] = val0;
20003a42:	00e51023          	sh	a4,0(a0)
    if(ctr < len && val1 < KYBER_Q)
20003a46:	18831663          	bne	t1,s0,20003bd2 <pqcrystals_kyber512_ref_gen_matrix+0x25a>
20003a4a:	10000713          	li	a4,256
20003a4e:	c43a                	sw	a4,8(sp)
20003a50:	b0002673          	csrr	a2,mcycle
20003a54:	b8002773          	csrr	a4,mcycleh
  if (rej_uniform_cyc != 0){
20003a58:	8781a703          	lw	a4,-1928(gp) # 20010078 <rej_uniform_cyc>
    rej_uniform_cyc = cnt2 - cnt1;
20003a5c:	40b606b3          	sub	a3,a2,a1
  if (rej_uniform_cyc != 0){
20003a60:	c709                	beqz	a4,20003a6a <pqcrystals_kyber512_ref_gen_matrix+0xf2>
    rej_uniform_cyc = (rej_uniform_cyc + (cnt2 - cnt1)) / 2;
20003a62:	8f0d                	sub	a4,a4,a1
20003a64:	9732                	add	a4,a4,a2
20003a66:	00175693          	srli	a3,a4,0x1
20003a6a:	86d1ac23          	sw	a3,-1928(gp) # 20010078 <rej_uniform_cyc>

      while(ctr < KYBER_N) {
20003a6e:	09f4                	addi	a3,sp,220
20003a70:	c036                	sw	a3,0(sp)
20003a72:	46a2                	lw	a3,8(sp)
20003a74:	10000713          	li	a4,256
20003a78:	0ae68e63          	beq	a3,a4,20003b34 <pqcrystals_kyber512_ref_gen_matrix+0x1bc>
20003a7c:	c83e                	sw	a5,16(sp)
        xof_squeezeblocks(buf, 1, &state);
20003a7e:	4632                	lw	a2,12(sp)
20003a80:	4585                	li	a1,1
20003a82:	1848                	addi	a0,sp,52
20003a84:	ea8ff0ef          	jal	2000312c <pqcrystals_kyber_fips202_ref_shake128_squeezeblocks>
  n_rej_uniform++;
20003a88:	87c1a703          	lw	a4,-1924(gp) # 2001007c <n_rej_uniform>
        buflen = XOF_BLOCKBYTES;
        ctr += rej_uniform(a[i].vec[j].coeffs + ctr, KYBER_N - ctr, buf, buflen);
20003a8c:	46a2                	lw	a3,8(sp)
20003a8e:	10000393          	li	t2,256
  n_rej_uniform++;
20003a92:	0705                	addi	a4,a4,1
20003a94:	86e1ae23          	sw	a4,-1924(gp) # 2001007c <n_rej_uniform>
        ctr += rej_uniform(a[i].vec[j].coeffs + ctr, KYBER_N - ctr, buf, buflen);
20003a98:	47c2                	lw	a5,16(sp)
20003a9a:	00169293          	slli	t0,a3,0x1
20003a9e:	40d383b3          	sub	t2,t2,a3
20003aa2:	92be                	add	t0,t0,a5
20003aa4:	b0002673          	csrr	a2,mcycle
20003aa8:	b8002773          	csrr	a4,mcycleh
  while(ctr < len && pos + 3 <= buflen) {
20003aac:	6485                	lui	s1,0x1
    if(val0 < KYBER_Q)
20003aae:	8426                	mv	s0,s1
  uint32_t cnt1 = cpucycles();
20003ab0:	1854                	addi	a3,sp,52
20003ab2:	14fd                	addi	s1,s1,-1 # fff <__rodata_size+0x5bb>
    if(val0 < KYBER_Q)
20003ab4:	d0040413          	addi	s0,s0,-768
  ctr = pos = 0;
20003ab8:	4501                	li	a0,0
20003aba:	c232                	sw	a2,4(sp)
    val0 = ((buf[pos+0] >> 0) | ((uint16_t)buf[pos+1] << 8)) & 0xFFF;
20003abc:	0016c603          	lbu	a2,1(a3)
20003ac0:	0006c703          	lbu	a4,0(a3)
      r[ctr++] = val0;
20003ac4:	00151313          	slli	t1,a0,0x1
    val0 = ((buf[pos+0] >> 0) | ((uint16_t)buf[pos+1] << 8)) & 0xFFF;
20003ac8:	00861793          	slli	a5,a2,0x8
20003acc:	8fd9                	or	a5,a5,a4
    val1 = ((buf[pos+1] >> 4) | ((uint16_t)buf[pos+2] << 4)) & 0xFFF;
20003ace:	0026c703          	lbu	a4,2(a3)
20003ad2:	8fe5                	and	a5,a5,s1
20003ad4:	07c2                	slli	a5,a5,0x10
20003ad6:	8211                	srli	a2,a2,0x4
20003ad8:	0712                	slli	a4,a4,0x4
20003ada:	87c1                	srai	a5,a5,0x10
      r[ctr++] = val0;
20003adc:	9316                	add	t1,t1,t0
  while(ctr < len && pos + 3 <= buflen) {
20003ade:	068d                	addi	a3,a3,3
20003ae0:	85aa                	mv	a1,a0
    val1 = ((buf[pos+1] >> 4) | ((uint16_t)buf[pos+2] << 4)) & 0xFFF;
20003ae2:	8f51                	or	a4,a4,a2
    if(val0 < KYBER_Q)
20003ae4:	00f44663          	blt	s0,a5,20003af0 <pqcrystals_kyber512_ref_gen_matrix+0x178>
      r[ctr++] = val0;
20003ae8:	00150593          	addi	a1,a0,1
20003aec:	00f31023          	sh	a5,0(t1)
    if(ctr < len && val1 < KYBER_Q)
20003af0:	0875fe63          	bgeu	a1,t2,20003b8c <pqcrystals_kyber512_ref_gen_matrix+0x214>
      r[ctr++] = val1;
20003af4:	00159793          	slli	a5,a1,0x1
20003af8:	9796                	add	a5,a5,t0
20003afa:	00158513          	addi	a0,a1,1 # 80000001 <__StackTop+0x5ffe0001>
    if(ctr < len && val1 < KYBER_Q)
20003afe:	08e45263          	bge	s0,a4,20003b82 <pqcrystals_kyber512_ref_gen_matrix+0x20a>
20003b02:	852e                	mv	a0,a1
  while(ctr < len && pos + 3 <= buflen) {
20003b04:	4782                	lw	a5,0(sp)
20003b06:	fad79be3          	bne	a5,a3,20003abc <pqcrystals_kyber512_ref_gen_matrix+0x144>
20003b0a:	4612                	lw	a2,4(sp)
20003b0c:	85aa                	mv	a1,a0
20003b0e:	b00026f3          	csrr	a3,mcycle
20003b12:	b8002773          	csrr	a4,mcycleh
  if (rej_uniform_cyc != 0){
20003b16:	8781a703          	lw	a4,-1928(gp) # 20010078 <rej_uniform_cyc>
20003b1a:	c349                	beqz	a4,20003b9c <pqcrystals_kyber512_ref_gen_matrix+0x224>
    rej_uniform_cyc = (rej_uniform_cyc + (cnt2 - cnt1)) / 2;
20003b1c:	8f11                	sub	a4,a4,a2
20003b1e:	9736                	add	a4,a4,a3
20003b20:	8305                	srli	a4,a4,0x1
20003b22:	86e1ac23          	sw	a4,-1928(gp) # 20010078 <rej_uniform_cyc>
        ctr += rej_uniform(a[i].vec[j].coeffs + ctr, KYBER_N - ctr, buf, buflen);
20003b26:	47a2                	lw	a5,8(sp)
      while(ctr < KYBER_N) {
20003b28:	0ff00713          	li	a4,255
        ctr += rej_uniform(a[i].vec[j].coeffs + ctr, KYBER_N - ctr, buf, buflen);
20003b2c:	97ae                	add	a5,a5,a1
20003b2e:	c43e                	sw	a5,8(sp)
      while(ctr < KYBER_N) {
20003b30:	f4f777e3          	bgeu	a4,a5,20003a7e <pqcrystals_kyber512_ref_gen_matrix+0x106>
    for(j=0;j<KYBER_K;j++) {
20003b34:	47d2                	lw	a5,20(sp)
20003b36:	4685                	li	a3,1
20003b38:	4709                	li	a4,2
20003b3a:	0785                	addi	a5,a5,1
20003b3c:	ca36                	sw	a3,20(sp)
20003b3e:	e8e792e3          	bne	a5,a4,200039c2 <pqcrystals_kyber512_ref_gen_matrix+0x4a>
20003b42:	54a2                	lw	s1,40(sp)
  for(i=0;i<KYBER_K;i++) {
20003b44:	00148713          	addi	a4,s1,1
20003b48:	4485                	li	s1,1
20003b4a:	e6f712e3          	bne	a4,a5,200039ae <pqcrystals_kyber512_ref_gen_matrix+0x36>
20003b4e:	57c2                	lw	a5,48(sp)
20003b50:	b00025f3          	csrr	a1,mcycle
20003b54:	b8002773          	csrr	a4,mcycleh
      }
    }
  }
  uint32_t cnt2 = cpucycles();
  if (gen_matrix_cyc != 0){
20003b58:	8881a703          	lw	a4,-1912(gp) # 20010088 <gen_matrix_cyc>
    gen_matrix_cyc = (gen_matrix_cyc + (cnt2 - cnt1)) / 2;
  } else {
    gen_matrix_cyc = cnt2 - cnt1;
20003b5c:	40f58633          	sub	a2,a1,a5
  if (gen_matrix_cyc != 0){
20003b60:	c711                	beqz	a4,20003b6c <pqcrystals_kyber512_ref_gen_matrix+0x1f4>
    gen_matrix_cyc = (gen_matrix_cyc + (cnt2 - cnt1)) / 2;
20003b62:	40f707b3          	sub	a5,a4,a5
20003b66:	97ae                	add	a5,a5,a1
20003b68:	0017d613          	srli	a2,a5,0x1
  }

}
20003b6c:	30812083          	lw	ra,776(sp)
20003b70:	30412403          	lw	s0,772(sp)
20003b74:	88c1a423          	sw	a2,-1912(gp) # 20010088 <gen_matrix_cyc>
20003b78:	30012483          	lw	s1,768(sp)
20003b7c:	30c10113          	addi	sp,sp,780
20003b80:	8082                	ret
      r[ctr++] = val1;
20003b82:	00e79023          	sh	a4,0(a5)
  while(ctr < len && pos + 3 <= buflen) {
20003b86:	f6756fe3          	bltu	a0,t2,20003b04 <pqcrystals_kyber512_ref_gen_matrix+0x18c>
20003b8a:	b741                	j	20003b0a <pqcrystals_kyber512_ref_gen_matrix+0x192>
20003b8c:	4612                	lw	a2,4(sp)
20003b8e:	b00026f3          	csrr	a3,mcycle
20003b92:	b8002773          	csrr	a4,mcycleh
  if (rej_uniform_cyc != 0){
20003b96:	8781a703          	lw	a4,-1928(gp) # 20010078 <rej_uniform_cyc>
20003b9a:	f349                	bnez	a4,20003b1c <pqcrystals_kyber512_ref_gen_matrix+0x1a4>
    rej_uniform_cyc = cnt2 - cnt1;
20003b9c:	8e91                	sub	a3,a3,a2
20003b9e:	86d1ac23          	sw	a3,-1928(gp) # 20010078 <rej_uniform_cyc>
20003ba2:	b751                	j	20003b26 <pqcrystals_kyber512_ref_gen_matrix+0x1ae>
    if(ctr < len && val1 < KYBER_Q)
20003ba4:	00d2ca63          	blt	t0,a3,20003bb8 <pqcrystals_kyber512_ref_gen_matrix+0x240>
      r[ctr++] = val1;
20003ba8:	00149713          	slli	a4,s1,0x1
20003bac:	973e                	add	a4,a4,a5
20003bae:	00d71023          	sh	a3,0(a4)
20003bb2:	0485                	addi	s1,s1,1
  while(ctr < len && pos + 3 <= buflen) {
20003bb4:	e8848be3          	beq	s1,s0,20003a4a <pqcrystals_kyber512_ref_gen_matrix+0xd2>
20003bb8:	060d                	addi	a2,a2,3
20003bba:	1478                	addi	a4,sp,556
20003bbc:	e4c718e3          	bne	a4,a2,20003a0c <pqcrystals_kyber512_ref_gen_matrix+0x94>
20003bc0:	c426                	sw	s1,8(sp)
20003bc2:	b579                	j	20003a50 <pqcrystals_kyber512_ref_gen_matrix+0xd8>
        xof_absorb(&state, seed, j, i);
20003bc4:	8636                	mv	a2,a3
20003bc6:	5592                	lw	a1,36(sp)
20003bc8:	46f2                	lw	a3,28(sp)
20003bca:	4532                	lw	a0,12(sp)
20003bcc:	2ae010ef          	jal	20004e7a <pqcrystals_kyber512_ref_kyber_shake128_absorb>
20003bd0:	b519                	j	200039d6 <pqcrystals_kyber512_ref_gen_matrix+0x5e>
    if(ctr < len && val1 < KYBER_Q)
20003bd2:	849a                	mv	s1,t1
20003bd4:	fcd2dae3          	bge	t0,a3,20003ba8 <pqcrystals_kyber512_ref_gen_matrix+0x230>
20003bd8:	b7c5                	j	20003bb8 <pqcrystals_kyber512_ref_gen_matrix+0x240>

20003bda <pqcrystals_kyber512_ref_indcpa_keypair_derand>:
*                             (of length KYBER_SYMBYTES bytes)
**************************************************/
void indcpa_keypair_derand(uint8_t pk[KYBER_INDCPA_PUBLICKEYBYTES],
                           uint8_t sk[KYBER_INDCPA_SECRETKEYBYTES],
                           const uint8_t coins[KYBER_SYMBYTES])
{
20003bda:	72fd                	lui	t0,0xfffff
20003bdc:	ba810113          	addi	sp,sp,-1112
20003be0:	44112a23          	sw	ra,1108(sp)
20003be4:	44812823          	sw	s0,1104(sp)
20003be8:	44912623          	sw	s1,1100(sp)
20003bec:	9116                	add	sp,sp,t0
  const uint8_t *publicseed = buf;
  const uint8_t *noiseseed = buf+KYBER_SYMBYTES;
  uint8_t nonce = 0;
  polyvec a[KYBER_K], e, pkpv, skpv;

  memcpy(buf, coins, KYBER_SYMBYTES);
20003bee:	0060                	addi	s0,sp,12
{
20003bf0:	87ae                	mv	a5,a1
20003bf2:	872a                	mv	a4,a0
  memcpy(buf, coins, KYBER_SYMBYTES);
20003bf4:	85b2                	mv	a1,a2
20003bf6:	8522                	mv	a0,s0
20003bf8:	02000613          	li	a2,32
{
20003bfc:	c43e                	sw	a5,8(sp)
20003bfe:	c23a                	sw	a4,4(sp)
  memcpy(buf, coins, KYBER_SYMBYTES);
20003c00:	454030ef          	jal	20007054 <memcpy>
  buf[KYBER_SYMBYTES] = KYBER_K;
20003c04:	4709                	li	a4,2
  hash_g(buf, buf, KYBER_SYMBYTES+1);
20003c06:	85a2                	mv	a1,s0
20003c08:	8522                	mv	a0,s0
20003c0a:	02100613          	li	a2,33
  buf[KYBER_SYMBYTES] = KYBER_K;
20003c0e:	02e10623          	sb	a4,44(sp)
  hash_g(buf, buf, KYBER_SYMBYTES+1);
20003c12:	32e9                	jal	200035dc <pqcrystals_kyber_fips202_ref_sha3_512>

  gen_a(a, publicseed);
20003c14:	6685                	lui	a3,0x1
20003c16:	c4068613          	addi	a2,a3,-960 # c40 <__rodata_size+0x1fc>
20003c1a:	9622                	add	a2,a2,s0
20003c1c:	8532                	mv	a0,a2
20003c1e:	85a2                	mv	a1,s0
20003c20:	4601                	li	a2,0
20003c22:	3b99                	jal	20003978 <pqcrystals_kyber512_ref_gen_matrix>

  for(i=0;i<KYBER_K;i++)
    poly_getnoise_eta1(&skpv.vec[i], noiseseed, nonce++);
20003c24:	6685                	lui	a3,0x1
20003c26:	1070                	addi	a2,sp,44
20003c28:	84068513          	addi	a0,a3,-1984 # 840 <__vectors_size+0x33e>
20003c2c:	c032                	sw	a2,0(sp)
20003c2e:	85b2                	mv	a1,a2
20003c30:	9522                	add	a0,a0,s0
20003c32:	4601                	li	a2,0
20003c34:	31f000ef          	jal	20004752 <pqcrystals_kyber512_ref_poly_getnoise_eta1>
20003c38:	6685                	lui	a3,0x1
20003c3a:	84068313          	addi	t1,a3,-1984 # 840 <__vectors_size+0x33e>
20003c3e:	4582                	lw	a1,0(sp)
20003c40:	9322                	add	t1,t1,s0
20003c42:	20030513          	addi	a0,t1,512
20003c46:	4605                	li	a2,1
20003c48:	30b000ef          	jal	20004752 <pqcrystals_kyber512_ref_poly_getnoise_eta1>
  for(i=0;i<KYBER_K;i++)
    poly_getnoise_eta1(&e.vec[i], noiseseed, nonce++);
20003c4c:	4582                	lw	a1,0(sp)
20003c4e:	4709                	li	a4,2
20003c50:	863a                	mv	a2,a4
20003c52:	00e8                	addi	a0,sp,76
20003c54:	2ff000ef          	jal	20004752 <pqcrystals_kyber512_ref_poly_getnoise_eta1>
20003c58:	4582                	lw	a1,0(sp)
20003c5a:	04e8                	addi	a0,sp,588
20003c5c:	460d                	li	a2,3
20003c5e:	2f5000ef          	jal	20004752 <pqcrystals_kyber512_ref_poly_getnoise_eta1>

  polyvec_ntt(&skpv);
20003c62:	6685                	lui	a3,0x1
20003c64:	84068613          	addi	a2,a3,-1984 # 840 <__vectors_size+0x33e>
20003c68:	9622                	add	a2,a2,s0
20003c6a:	8532                	mv	a0,a2
20003c6c:	755000ef          	jal	20004bc0 <pqcrystals_kyber512_ref_polyvec_ntt>
  polyvec_ntt(&e);
20003c70:	00f0                	addi	a2,sp,76
20003c72:	8532                	mv	a0,a2
20003c74:	74d000ef          	jal	20004bc0 <pqcrystals_kyber512_ref_polyvec_ntt>

  // matrix-vector multiplication
  for(i=0;i<KYBER_K;i++) {
    polyvec_basemul_acc_montgomery(&pkpv.vec[i], &a[i], &skpv);
20003c78:	6685                	lui	a3,0x1
  buf[KYBER_SYMBYTES] = KYBER_K;
20003c7a:	44c10493          	addi	s1,sp,1100
    polyvec_basemul_acc_montgomery(&pkpv.vec[i], &a[i], &skpv);
20003c7e:	84068613          	addi	a2,a3,-1984 # 840 <__vectors_size+0x33e>
20003c82:	c4068593          	addi	a1,a3,-960
20003c86:	9622                	add	a2,a2,s0
20003c88:	95a2                	add	a1,a1,s0
20003c8a:	8526                	mv	a0,s1
20003c8c:	761000ef          	jal	20004bec <pqcrystals_kyber512_ref_polyvec_basemul_acc_montgomery>
    poly_tomont(&pkpv.vec[i]);
20003c90:	8526                	mv	a0,s1
20003c92:	3ad000ef          	jal	2000483e <pqcrystals_kyber512_ref_poly_tomont>
    polyvec_basemul_acc_montgomery(&pkpv.vec[i], &a[i], &skpv);
20003c96:	6685                	lui	a3,0x1
20003c98:	04c68793          	addi	a5,a3,76 # 104c <Stack_Size+0x4c>
20003c9c:	84068613          	addi	a2,a3,-1984
20003ca0:	002785b3          	add	a1,a5,sp
20003ca4:	64c10513          	addi	a0,sp,1612
20003ca8:	9622                	add	a2,a2,s0
20003caa:	c02a                	sw	a0,0(sp)
20003cac:	741000ef          	jal	20004bec <pqcrystals_kyber512_ref_polyvec_basemul_acc_montgomery>
    poly_tomont(&pkpv.vec[i]);
20003cb0:	4502                	lw	a0,0(sp)
20003cb2:	38d000ef          	jal	2000483e <pqcrystals_kyber512_ref_poly_tomont>
  }

  polyvec_add(&pkpv, &pkpv, &e);
20003cb6:	00f0                	addi	a2,sp,76
20003cb8:	85a6                	mv	a1,s1
20003cba:	8526                	mv	a0,s1
20003cbc:	78b000ef          	jal	20004c46 <pqcrystals_kyber512_ref_polyvec_add>
  polyvec_reduce(&pkpv);
20003cc0:	8526                	mv	a0,s1
20003cc2:	76f000ef          	jal	20004c30 <pqcrystals_kyber512_ref_polyvec_reduce>
  polyvec_tobytes(r, sk);
20003cc6:	6685                	lui	a3,0x1
20003cc8:	4522                	lw	a0,8(sp)
20003cca:	84068593          	addi	a1,a3,-1984 # 840 <__vectors_size+0x33e>
20003cce:	95a2                	add	a1,a1,s0
20003cd0:	6a9000ef          	jal	20004b78 <pqcrystals_kyber512_ref_polyvec_tobytes>
  polyvec_tobytes(r, pk);
20003cd4:	85a6                	mv	a1,s1
20003cd6:	4492                	lw	s1,4(sp)
20003cd8:	8526                	mv	a0,s1
20003cda:	69f000ef          	jal	20004b78 <pqcrystals_kyber512_ref_polyvec_tobytes>
  memcpy(r+KYBER_POLYVECBYTES, seed, KYBER_SYMBYTES);
20003cde:	85a2                	mv	a1,s0
20003ce0:	30048513          	addi	a0,s1,768
20003ce4:	02000613          	li	a2,32
20003ce8:	36c030ef          	jal	20007054 <memcpy>

  pack_sk(sk, &skpv);
  pack_pk(pk, &pkpv, publicseed);
}
20003cec:	6285                	lui	t0,0x1
20003cee:	9116                	add	sp,sp,t0
20003cf0:	45412083          	lw	ra,1108(sp)
20003cf4:	45012403          	lw	s0,1104(sp)
20003cf8:	44c12483          	lw	s1,1100(sp)
20003cfc:	45810113          	addi	sp,sp,1112
20003d00:	8082                	ret

20003d02 <pqcrystals_kyber512_ref_indcpa_enc>:
**************************************************/
void indcpa_enc(uint8_t c[KYBER_INDCPA_BYTES],
                const uint8_t m[KYBER_INDCPA_MSGBYTES],
                const uint8_t pk[KYBER_INDCPA_PUBLICKEYBYTES],
                const uint8_t coins[KYBER_SYMBYTES])
{
20003d02:	1151                	addi	sp,sp,-12
20003d04:	72f9                	lui	t0,0xffffe
20003d06:	1d428293          	addi	t0,t0,468 # ffffe1d4 <__StackTop+0xdffde1d4>
20003d0a:	c026                	sw	s1,0(sp)
  polyvec_frombytes(pk, packedpk);
20003d0c:	6485                	lui	s1,0x1
{
20003d0e:	c406                	sw	ra,8(sp)
20003d10:	c222                	sw	s0,4(sp)
  polyvec_frombytes(pk, packedpk);
20003d12:	a2c48793          	addi	a5,s1,-1492 # a2c <__vectors_size+0x52a>
{
20003d16:	9116                	add	sp,sp,t0
  polyvec_frombytes(pk, packedpk);
20003d18:	00278333          	add	t1,a5,sp
{
20003d1c:	872a                	mv	a4,a0
20003d1e:	87ae                	mv	a5,a1
  polyvec_frombytes(pk, packedpk);
20003d20:	851a                	mv	a0,t1
20003d22:	85b2                	mv	a1,a2
{
20003d24:	8436                	mv	s0,a3
20003d26:	c23e                	sw	a5,4(sp)
  polyvec_frombytes(pk, packedpk);
20003d28:	c432                	sw	a2,8(sp)
{
20003d2a:	c03a                	sw	a4,0(sp)
  polyvec_frombytes(pk, packedpk);
20003d2c:	671000ef          	jal	20004b9c <pqcrystals_kyber512_ref_polyvec_frombytes>
  memcpy(seed, packedpk+KYBER_POLYVECBYTES, KYBER_SYMBYTES);
20003d30:	4622                	lw	a2,8(sp)
20003d32:	0078                	addi	a4,sp,12
20003d34:	853a                	mv	a0,a4
20003d36:	30060593          	addi	a1,a2,768
20003d3a:	02000613          	li	a2,32
20003d3e:	316030ef          	jal	20007054 <memcpy>
  uint8_t nonce = 0;
  polyvec sp, pkpv, ep, at[KYBER_K], b;
  poly v, k, epp;

  unpack_pk(&pkpv, seed, pk);
  poly_frommsg(&k, m);
20003d42:	4592                	lw	a1,4(sp)
20003d44:	147c                	addi	a5,sp,556
20003d46:	853e                	mv	a0,a5
20003d48:	0d3000ef          	jal	2000461a <pqcrystals_kyber512_ref_poly_frommsg>
  gen_at(at, seed);
20003d4c:	0078                	addi	a4,sp,12
20003d4e:	62048513          	addi	a0,s1,1568
20003d52:	85ba                	mv	a1,a4
20003d54:	953a                	add	a0,a0,a4
20003d56:	4605                	li	a2,1
20003d58:	3105                	jal	20003978 <pqcrystals_kyber512_ref_gen_matrix>
  
  for(i=0;i<KYBER_K;i++)
    poly_getnoise_eta1(sp.vec+i, coins, nonce++);
20003d5a:	62c10513          	addi	a0,sp,1580
20003d5e:	85a2                	mv	a1,s0
20003d60:	4601                	li	a2,0
20003d62:	1f1000ef          	jal	20004752 <pqcrystals_kyber512_ref_poly_getnoise_eta1>
20003d66:	62c10693          	addi	a3,sp,1580
20003d6a:	20068513          	addi	a0,a3,512
20003d6e:	85a2                	mv	a1,s0
20003d70:	4605                	li	a2,1
20003d72:	1e1000ef          	jal	20004752 <pqcrystals_kyber512_ref_poly_getnoise_eta1>
  for(i=0;i<KYBER_K;i++)
    poly_getnoise_eta2(ep.vec+i, coins, nonce++);
20003d76:	007c                	addi	a5,sp,12
20003d78:	e2048513          	addi	a0,s1,-480
20003d7c:	953e                	add	a0,a0,a5
20003d7e:	85a2                	mv	a1,s0
20003d80:	4609                	li	a2,2
20003d82:	1fb000ef          	jal	2000477c <pqcrystals_kyber512_ref_poly_getnoise_eta2>
20003d86:	0078                	addi	a4,sp,12
20003d88:	e2048793          	addi	a5,s1,-480
20003d8c:	97ba                	add	a5,a5,a4
20003d8e:	20078513          	addi	a0,a5,512
20003d92:	85a2                	mv	a1,s0
20003d94:	460d                	li	a2,3
20003d96:	1e7000ef          	jal	2000477c <pqcrystals_kyber512_ref_poly_getnoise_eta2>
  poly_getnoise_eta2(&epp, coins, nonce++);
20003d9a:	42c10713          	addi	a4,sp,1068
20003d9e:	85a2                	mv	a1,s0
20003da0:	853a                	mv	a0,a4
20003da2:	4611                	li	a2,4
20003da4:	1d9000ef          	jal	2000477c <pqcrystals_kyber512_ref_poly_getnoise_eta2>

  polyvec_ntt(&sp);
20003da8:	62c10513          	addi	a0,sp,1580
20003dac:	615000ef          	jal	20004bc0 <pqcrystals_kyber512_ref_polyvec_ntt>

  // matrix-vector multiplication
  for(i=0;i<KYBER_K;i++)
    polyvec_basemul_acc_montgomery(&b.vec[i], &at[i], &sp);
20003db0:	22c48713          	addi	a4,s1,556
20003db4:	87a6                	mv	a5,s1
20003db6:	62078593          	addi	a1,a5,1568
20003dba:	002704b3          	add	s1,a4,sp
20003dbe:	007c                	addi	a5,sp,12
20003dc0:	95be                	add	a1,a1,a5
20003dc2:	8526                	mv	a0,s1
20003dc4:	62c10613          	addi	a2,sp,1580
20003dc8:	625000ef          	jal	20004bec <pqcrystals_kyber512_ref_polyvec_basemul_acc_montgomery>
20003dcc:	6689                	lui	a3,0x2
20003dce:	a2c68793          	addi	a5,a3,-1492 # 1a2c <Stack_Size+0xa2c>
20003dd2:	002785b3          	add	a1,a5,sp
20003dd6:	62c10613          	addi	a2,sp,1580
20003dda:	20048513          	addi	a0,s1,512
20003dde:	60f000ef          	jal	20004bec <pqcrystals_kyber512_ref_polyvec_basemul_acc_montgomery>

  polyvec_basemul_acc_montgomery(&v, &pkpv, &sp);
20003de2:	6785                	lui	a5,0x1
20003de4:	a2078313          	addi	t1,a5,-1504 # a20 <__vectors_size+0x51e>
20003de8:	007c                	addi	a5,sp,12
20003dea:	933e                	add	t1,t1,a5
20003dec:	1060                	addi	s0,sp,44
20003dee:	859a                	mv	a1,t1
20003df0:	62c10613          	addi	a2,sp,1580
20003df4:	8522                	mv	a0,s0
20003df6:	5f7000ef          	jal	20004bec <pqcrystals_kyber512_ref_polyvec_basemul_acc_montgomery>

  polyvec_invntt_tomont(&b);
20003dfa:	8526                	mv	a0,s1
20003dfc:	5db000ef          	jal	20004bd6 <pqcrystals_kyber512_ref_polyvec_invntt_tomont>
  poly_invntt_tomont(&v);
20003e00:	8522                	mv	a0,s0
20003e02:	1cf000ef          	jal	200047d0 <pqcrystals_kyber512_ref_poly_invntt_tomont>

  polyvec_add(&b, &b, &ep);
20003e06:	6785                	lui	a5,0x1
20003e08:	e2078613          	addi	a2,a5,-480 # e20 <__rodata_size+0x3dc>
20003e0c:	007c                	addi	a5,sp,12
20003e0e:	963e                	add	a2,a2,a5
20003e10:	85a6                	mv	a1,s1
20003e12:	8526                	mv	a0,s1
20003e14:	633000ef          	jal	20004c46 <pqcrystals_kyber512_ref_polyvec_add>
  poly_add(&v, &v, &epp);
20003e18:	42c10793          	addi	a5,sp,1068
20003e1c:	863e                	mv	a2,a5
20003e1e:	85a2                	mv	a1,s0
20003e20:	8522                	mv	a0,s0
20003e22:	275000ef          	jal	20004896 <pqcrystals_kyber512_ref_poly_add>
  poly_add(&v, &v, &k);
20003e26:	147c                	addi	a5,sp,556
20003e28:	863e                	mv	a2,a5
20003e2a:	85a2                	mv	a1,s0
20003e2c:	8522                	mv	a0,s0
20003e2e:	269000ef          	jal	20004896 <pqcrystals_kyber512_ref_poly_add>
  polyvec_reduce(&b);
20003e32:	8526                	mv	a0,s1
20003e34:	5fd000ef          	jal	20004c30 <pqcrystals_kyber512_ref_polyvec_reduce>
  poly_reduce(&v);
20003e38:	8522                	mv	a0,s0
20003e3a:	235000ef          	jal	2000486e <pqcrystals_kyber512_ref_poly_reduce>
  polyvec_compress(r, b);
20003e3e:	85a6                	mv	a1,s1
20003e40:	4482                	lw	s1,0(sp)
20003e42:	8526                	mv	a0,s1
20003e44:	309000ef          	jal	2000494c <pqcrystals_kyber512_ref_polyvec_compress>
  poly_compress(r+KYBER_POLYVECCOMPRESSEDBYTES, v);
20003e48:	85a2                	mv	a1,s0
20003e4a:	28048513          	addi	a0,s1,640
20003e4e:	2345                	jal	200043ee <pqcrystals_kyber512_ref_poly_compress>

  pack_ciphertext(c, &b, &v);
}
20003e50:	6289                	lui	t0,0x2
20003e52:	e2c28293          	addi	t0,t0,-468 # 1e2c <Stack_Size+0xe2c>
20003e56:	9116                	add	sp,sp,t0
20003e58:	40a2                	lw	ra,8(sp)
20003e5a:	4412                	lw	s0,4(sp)
20003e5c:	4482                	lw	s1,0(sp)
20003e5e:	0131                	addi	sp,sp,12
20003e60:	8082                	ret

20003e62 <pqcrystals_kyber512_ref_indcpa_dec>:
*                                   (of length KYBER_INDCPA_SECRETKEYBYTES)
**************************************************/
void indcpa_dec(uint8_t m[KYBER_INDCPA_MSGBYTES],
                const uint8_t c[KYBER_INDCPA_BYTES],
                const uint8_t sk[KYBER_INDCPA_SECRETKEYBYTES])
{
20003e62:	80410113          	addi	sp,sp,-2044
20003e66:	7e112c23          	sw	ra,2040(sp)
20003e6a:	7e812a23          	sw	s0,2036(sp)
20003e6e:	7e912823          	sw	s1,2032(sp)
20003e72:	bec10113          	addi	sp,sp,-1044
20003e76:	84aa                	mv	s1,a0
  polyvec_decompress(b, c);
20003e78:	40410513          	addi	a0,sp,1028
{
20003e7c:	c032                	sw	a2,0(sp)
20003e7e:	842e                	mv	s0,a1
  polyvec_decompress(b, c);
20003e80:	403000ef          	jal	20004a82 <pqcrystals_kyber512_ref_polyvec_decompress>
  poly_decompress(v, c+KYBER_POLYVECCOMPRESSEDBYTES);
20003e84:	005c                	addi	a5,sp,4
20003e86:	28040593          	addi	a1,s0,640
20003e8a:	853e                	mv	a0,a5
20003e8c:	2d6d                	jal	20004546 <pqcrystals_kyber512_ref_poly_decompress>
  polyvec_frombytes(sk, packedsk);
20003e8e:	4582                	lw	a1,0(sp)
20003e90:	6785                	lui	a5,0x1
20003e92:	80078513          	addi	a0,a5,-2048 # 800 <__vectors_size+0x2fe>
20003e96:	005c                	addi	a5,sp,4
20003e98:	953e                	add	a0,a0,a5
20003e9a:	503000ef          	jal	20004b9c <pqcrystals_kyber512_ref_polyvec_frombytes>
  poly v, mp;

  unpack_ciphertext(&b, &v, c);
  unpack_sk(&skpv, sk);

  polyvec_ntt(&b);
20003e9e:	40410513          	addi	a0,sp,1028
20003ea2:	51f000ef          	jal	20004bc0 <pqcrystals_kyber512_ref_polyvec_ntt>
  polyvec_basemul_acc_montgomery(&mp, &skpv, &b);
20003ea6:	6785                	lui	a5,0x1
20003ea8:	0440                	addi	s0,sp,516
20003eaa:	80078593          	addi	a1,a5,-2048 # 800 <__vectors_size+0x2fe>
20003eae:	005c                	addi	a5,sp,4
20003eb0:	40410613          	addi	a2,sp,1028
20003eb4:	95be                	add	a1,a1,a5
20003eb6:	8522                	mv	a0,s0
20003eb8:	535000ef          	jal	20004bec <pqcrystals_kyber512_ref_polyvec_basemul_acc_montgomery>
  poly_invntt_tomont(&mp);
20003ebc:	8522                	mv	a0,s0
20003ebe:	113000ef          	jal	200047d0 <pqcrystals_kyber512_ref_poly_invntt_tomont>

  poly_sub(&mp, &v, &mp);
20003ec2:	005c                	addi	a5,sp,4
20003ec4:	8622                	mv	a2,s0
20003ec6:	85be                	mv	a1,a5
20003ec8:	8522                	mv	a0,s0
20003eca:	227000ef          	jal	200048f0 <pqcrystals_kyber512_ref_poly_sub>
  poly_reduce(&mp);
20003ece:	8522                	mv	a0,s0
20003ed0:	19f000ef          	jal	2000486e <pqcrystals_kyber512_ref_poly_reduce>

  poly_tomsg(m, &mp);
20003ed4:	85a2                	mv	a1,s0
20003ed6:	8526                	mv	a0,s1
20003ed8:	7a0000ef          	jal	20004678 <pqcrystals_kyber512_ref_poly_tomsg>
}
20003edc:	41410113          	addi	sp,sp,1044
20003ee0:	7f812083          	lw	ra,2040(sp)
20003ee4:	7f412403          	lw	s0,2036(sp)
20003ee8:	7f012483          	lw	s1,2032(sp)
20003eec:	7fc10113          	addi	sp,sp,2044
20003ef0:	8082                	ret

20003ef2 <pqcrystals_kyber512_ref_keypair_derand>:
* Returns 0 (success)
**************************************************/
int crypto_kem_keypair_derand(uint8_t *pk,
                              uint8_t *sk,
                              const uint8_t *coins)
{
20003ef2:	1141                	addi	sp,sp,-16
20003ef4:	c606                	sw	ra,12(sp)
20003ef6:	c422                	sw	s0,8(sp)
20003ef8:	c226                	sw	s1,4(sp)
20003efa:	842e                	mv	s0,a1
20003efc:	84aa                	mv	s1,a0
20003efe:	c032                	sw	a2,0(sp)
  indcpa_keypair_derand(pk, sk, coins);
20003f00:	39e9                	jal	20003bda <pqcrystals_kyber512_ref_indcpa_keypair_derand>
  memcpy(sk+KYBER_INDCPA_SECRETKEYBYTES, pk, KYBER_PUBLICKEYBYTES);
20003f02:	85a6                	mv	a1,s1
20003f04:	30040513          	addi	a0,s0,768
20003f08:	32000613          	li	a2,800
20003f0c:	148030ef          	jal	20007054 <memcpy>
  hash_h(sk+KYBER_SECRETKEYBYTES-2*KYBER_SYMBYTES, pk, KYBER_PUBLICKEYBYTES);
20003f10:	85a6                	mv	a1,s1
20003f12:	62040513          	addi	a0,s0,1568
20003f16:	32000613          	li	a2,800
20003f1a:	d76ff0ef          	jal	20003490 <pqcrystals_kyber_fips202_ref_sha3_256>
  /* Value z for pseudo-random output on reject */
  memcpy(sk+KYBER_SECRETKEYBYTES-KYBER_SYMBYTES, coins+KYBER_SYMBYTES, KYBER_SYMBYTES);
20003f1e:	4782                	lw	a5,0(sp)
20003f20:	64040513          	addi	a0,s0,1600
20003f24:	02000613          	li	a2,32
20003f28:	02078593          	addi	a1,a5,32
20003f2c:	128030ef          	jal	20007054 <memcpy>
  return 0;
}
20003f30:	40b2                	lw	ra,12(sp)
20003f32:	4422                	lw	s0,8(sp)
20003f34:	4492                	lw	s1,4(sp)
20003f36:	4501                	li	a0,0
20003f38:	0141                	addi	sp,sp,16
20003f3a:	8082                	ret

20003f3c <pqcrystals_kyber512_ref_keypair>:
*
* Returns 0 (success)
**************************************************/
int crypto_kem_keypair(uint8_t *pk,
                       uint8_t *sk)
{
20003f3c:	fb410113          	addi	sp,sp,-76
20003f40:	c2a2                	sw	s0,68(sp)
20003f42:	c0a6                	sw	s1,64(sp)
20003f44:	842e                	mv	s0,a1
20003f46:	84aa                	mv	s1,a0
  uint8_t coins[2*KYBER_SYMBYTES];
  randombytes(coins, 2*KYBER_SYMBYTES);
20003f48:	04000593          	li	a1,64
20003f4c:	850a                	mv	a0,sp
{
20003f4e:	c486                	sw	ra,72(sp)
  randombytes(coins, 2*KYBER_SYMBYTES);
20003f50:	026010ef          	jal	20004f76 <randombytes>
  indcpa_keypair_derand(pk, sk, coins);
20003f54:	860a                	mv	a2,sp
20003f56:	85a2                	mv	a1,s0
20003f58:	8526                	mv	a0,s1
20003f5a:	3141                	jal	20003bda <pqcrystals_kyber512_ref_indcpa_keypair_derand>
  memcpy(sk+KYBER_INDCPA_SECRETKEYBYTES, pk, KYBER_PUBLICKEYBYTES);
20003f5c:	85a6                	mv	a1,s1
20003f5e:	30040513          	addi	a0,s0,768
20003f62:	32000613          	li	a2,800
20003f66:	0ee030ef          	jal	20007054 <memcpy>
  hash_h(sk+KYBER_SECRETKEYBYTES-2*KYBER_SYMBYTES, pk, KYBER_PUBLICKEYBYTES);
20003f6a:	85a6                	mv	a1,s1
20003f6c:	62040513          	addi	a0,s0,1568
20003f70:	32000613          	li	a2,800
20003f74:	d1cff0ef          	jal	20003490 <pqcrystals_kyber_fips202_ref_sha3_256>
  memcpy(sk+KYBER_SECRETKEYBYTES-KYBER_SYMBYTES, coins+KYBER_SYMBYTES, KYBER_SYMBYTES);
20003f78:	64040513          	addi	a0,s0,1600
20003f7c:	100c                	addi	a1,sp,32
20003f7e:	02000613          	li	a2,32
20003f82:	0d2030ef          	jal	20007054 <memcpy>
  crypto_kem_keypair_derand(pk, sk, coins);
  return 0;
}
20003f86:	40a6                	lw	ra,72(sp)
20003f88:	4416                	lw	s0,68(sp)
20003f8a:	4486                	lw	s1,64(sp)
20003f8c:	4501                	li	a0,0
20003f8e:	04c10113          	addi	sp,sp,76
20003f92:	8082                	ret

20003f94 <pqcrystals_kyber512_ref_enc_derand>:
**************************************************/
int crypto_kem_enc_derand(uint8_t *ct,
                          uint8_t *ss,
                          const uint8_t *pk,
                          const uint8_t *coins)
{
20003f94:	7175                	addi	sp,sp,-144
20003f96:	c522                	sw	s0,136(sp)
20003f98:	c326                	sw	s1,132(sp)
20003f9a:	87ae                	mv	a5,a1
20003f9c:	8432                	mv	s0,a2
  uint8_t buf[2*KYBER_SYMBYTES];
  /* Will contain key, coins */
  uint8_t kr[2*KYBER_SYMBYTES];

  memcpy(buf, coins, KYBER_SYMBYTES);
20003f9e:	85b6                	mv	a1,a3
{
20003fa0:	84aa                	mv	s1,a0
  memcpy(buf, coins, KYBER_SYMBYTES);
20003fa2:	02000613          	li	a2,32
20003fa6:	0048                	addi	a0,sp,4
{
20003fa8:	c706                	sw	ra,140(sp)
20003faa:	c03e                	sw	a5,0(sp)
  memcpy(buf, coins, KYBER_SYMBYTES);
20003fac:	0a8030ef          	jal	20007054 <memcpy>

  /* Multitarget countermeasure for coins + contributory KEM */
  hash_h(buf+KYBER_SYMBYTES, pk, KYBER_PUBLICKEYBYTES);
20003fb0:	85a2                	mv	a1,s0
20003fb2:	1048                	addi	a0,sp,36
20003fb4:	32000613          	li	a2,800
20003fb8:	cd8ff0ef          	jal	20003490 <pqcrystals_kyber_fips202_ref_sha3_256>
  hash_g(kr, buf, 2*KYBER_SYMBYTES);
20003fbc:	00d8                	addi	a4,sp,68
20003fbe:	853a                	mv	a0,a4
20003fc0:	004c                	addi	a1,sp,4
20003fc2:	04000613          	li	a2,64
20003fc6:	e16ff0ef          	jal	200035dc <pqcrystals_kyber_fips202_ref_sha3_512>

  /* coins are in kr+KYBER_SYMBYTES */
  indcpa_enc(ct, buf, pk, kr+KYBER_SYMBYTES);
20003fca:	8622                	mv	a2,s0
20003fcc:	004c                	addi	a1,sp,4
20003fce:	8526                	mv	a0,s1
20003fd0:	10d4                	addi	a3,sp,100
20003fd2:	3b05                	jal	20003d02 <pqcrystals_kyber512_ref_indcpa_enc>

  memcpy(ss,kr,KYBER_SYMBYTES);
20003fd4:	4502                	lw	a0,0(sp)
20003fd6:	00cc                	addi	a1,sp,68
20003fd8:	02000613          	li	a2,32
20003fdc:	078030ef          	jal	20007054 <memcpy>
  return 0;
}
20003fe0:	40ba                	lw	ra,140(sp)
20003fe2:	442a                	lw	s0,136(sp)
20003fe4:	449a                	lw	s1,132(sp)
20003fe6:	4501                	li	a0,0
20003fe8:	6149                	addi	sp,sp,144
20003fea:	8082                	ret

20003fec <pqcrystals_kyber512_ref_enc>:
* Returns 0 (success)
**************************************************/
int crypto_kem_enc(uint8_t *ct,
                   uint8_t *ss,
                   const uint8_t *pk)
{
20003fec:	7171                	addi	sp,sp,-176
20003fee:	87ae                	mv	a5,a1
20003ff0:	d326                	sw	s1,164(sp)
  uint8_t coins[KYBER_SYMBYTES];
  randombytes(coins, KYBER_SYMBYTES);
20003ff2:	02000593          	li	a1,32
{
20003ff6:	84aa                	mv	s1,a0
  randombytes(coins, KYBER_SYMBYTES);
20003ff8:	0048                	addi	a0,sp,4
{
20003ffa:	d706                	sw	ra,172(sp)
20003ffc:	d522                	sw	s0,168(sp)
20003ffe:	c03e                	sw	a5,0(sp)
20004000:	8432                	mv	s0,a2
  randombytes(coins, KYBER_SYMBYTES);
20004002:	775000ef          	jal	20004f76 <randombytes>
  memcpy(buf, coins, KYBER_SYMBYTES);
20004006:	1058                	addi	a4,sp,36
20004008:	004c                	addi	a1,sp,4
2000400a:	853a                	mv	a0,a4
2000400c:	02000613          	li	a2,32
20004010:	044030ef          	jal	20007054 <memcpy>
  hash_h(buf+KYBER_SYMBYTES, pk, KYBER_PUBLICKEYBYTES);
20004014:	85a2                	mv	a1,s0
20004016:	00c8                	addi	a0,sp,68
20004018:	32000613          	li	a2,800
2000401c:	c74ff0ef          	jal	20003490 <pqcrystals_kyber_fips202_ref_sha3_256>
  hash_g(kr, buf, 2*KYBER_SYMBYTES);
20004020:	10d8                	addi	a4,sp,100
20004022:	853a                	mv	a0,a4
20004024:	104c                	addi	a1,sp,36
20004026:	04000613          	li	a2,64
2000402a:	db2ff0ef          	jal	200035dc <pqcrystals_kyber_fips202_ref_sha3_512>
  indcpa_enc(ct, buf, pk, kr+KYBER_SYMBYTES);
2000402e:	8622                	mv	a2,s0
20004030:	104c                	addi	a1,sp,36
20004032:	8526                	mv	a0,s1
20004034:	0154                	addi	a3,sp,132
20004036:	31f1                	jal	20003d02 <pqcrystals_kyber512_ref_indcpa_enc>
  memcpy(ss,kr,KYBER_SYMBYTES);
20004038:	4502                	lw	a0,0(sp)
2000403a:	10cc                	addi	a1,sp,100
2000403c:	02000613          	li	a2,32
20004040:	014030ef          	jal	20007054 <memcpy>
  crypto_kem_enc_derand(ct, ss, pk, coins);
  return 0;
}
20004044:	50ba                	lw	ra,172(sp)
20004046:	542a                	lw	s0,168(sp)
20004048:	549a                	lw	s1,164(sp)
2000404a:	4501                	li	a0,0
2000404c:	614d                	addi	sp,sp,176
2000404e:	8082                	ret

20004050 <pqcrystals_kyber512_ref_dec>:
* On failure, ss will contain a pseudo-random value.
**************************************************/
int crypto_kem_dec(uint8_t *ss,
                   const uint8_t *ct,
                   const uint8_t *sk)
{
20004050:	c7010113          	addi	sp,sp,-912
20004054:	38912223          	sw	s1,900(sp)
20004058:	84aa                	mv	s1,a0
  uint8_t kr[2*KYBER_SYMBYTES];
//  uint8_t cmp[KYBER_CIPHERTEXTBYTES+KYBER_SYMBYTES];
  uint8_t cmp[KYBER_CIPHERTEXTBYTES];
  const uint8_t *pk = sk+KYBER_INDCPA_SECRETKEYBYTES;

  indcpa_dec(buf, ct, sk);
2000405a:	0048                	addi	a0,sp,4
{
2000405c:	38112623          	sw	ra,908(sp)
20004060:	38812423          	sw	s0,904(sp)
20004064:	c02e                	sw	a1,0(sp)
20004066:	8432                	mv	s0,a2
  indcpa_dec(buf, ct, sk);
20004068:	3bed                	jal	20003e62 <pqcrystals_kyber512_ref_indcpa_dec>

  /* Multitarget countermeasure for coins + contributory KEM */
  memcpy(buf+KYBER_SYMBYTES, sk+KYBER_SECRETKEYBYTES-2*KYBER_SYMBYTES, KYBER_SYMBYTES);
2000406a:	62040593          	addi	a1,s0,1568
2000406e:	1048                	addi	a0,sp,36
20004070:	02000613          	li	a2,32
20004074:	7e1020ef          	jal	20007054 <memcpy>
  hash_g(kr, buf, 2*KYBER_SYMBYTES);
20004078:	00c8                	addi	a0,sp,68
2000407a:	004c                	addi	a1,sp,4
2000407c:	04000613          	li	a2,64
20004080:	d5cff0ef          	jal	200035dc <pqcrystals_kyber_fips202_ref_sha3_512>

  /* coins are in kr+KYBER_SYMBYTES */
  indcpa_enc(cmp, buf, pk, kr+KYBER_SYMBYTES);
20004084:	10d4                	addi	a3,sp,100
20004086:	004c                	addi	a1,sp,4
20004088:	0148                	addi	a0,sp,132
2000408a:	30040613          	addi	a2,s0,768
2000408e:	3995                	jal	20003d02 <pqcrystals_kyber512_ref_indcpa_enc>

  fail = verify(ct, cmp, KYBER_CIPHERTEXTBYTES);
20004090:	4502                	lw	a0,0(sp)
20004092:	015c                	addi	a5,sp,132
20004094:	85be                	mv	a1,a5
20004096:	30000613          	li	a2,768
2000409a:	417000ef          	jal	20004cb0 <pqcrystals_kyber512_ref_verify>

  /* Compute rejection key */
  rkprf(ss,sk+KYBER_SECRETKEYBYTES-KYBER_SYMBYTES,ct);
2000409e:	4602                	lw	a2,0(sp)
  fail = verify(ct, cmp, KYBER_CIPHERTEXTBYTES);
200040a0:	86aa                	mv	a3,a0
  rkprf(ss,sk+KYBER_SECRETKEYBYTES-KYBER_SYMBYTES,ct);
200040a2:	64040593          	addi	a1,s0,1600
200040a6:	8526                	mv	a0,s1
  fail = verify(ct, cmp, KYBER_CIPHERTEXTBYTES);
200040a8:	8436                	mv	s0,a3
  rkprf(ss,sk+KYBER_SECRETKEYBYTES-KYBER_SYMBYTES,ct);
200040aa:	64b000ef          	jal	20004ef4 <pqcrystals_kyber512_ref_kyber_shake256_rkprf>

  /* Copy true key to return buffer if fail is false */
  cmov(ss,kr,KYBER_SYMBYTES,!fail);
200040ae:	8526                	mv	a0,s1
200040b0:	00143693          	seqz	a3,s0
200040b4:	00cc                	addi	a1,sp,68
200040b6:	02000613          	li	a2,32
200040ba:	4bb000ef          	jal	20004d74 <pqcrystals_kyber512_ref_cmov>

  return 0;
}
200040be:	38c12083          	lw	ra,908(sp)
200040c2:	38812403          	lw	s0,904(sp)
200040c6:	38412483          	lw	s1,900(sp)
200040ca:	4501                	li	a0,0
200040cc:	39010113          	addi	sp,sp,912
200040d0:	8082                	ret

200040d2 <pqcrystals_kyber512_ref_ntt>:
*              input is in standard order, output is in bitreversed order
*
* Arguments:   - int16_t r[256]: pointer to input/output vector of elements of Zq
**************************************************/
void ntt(int16_t r[256]) {
  n_ntt++;
200040d2:	9181a783          	lw	a5,-1768(gp) # 20010118 <n_ntt>
void ntt(int16_t r[256]) {
200040d6:	fc810113          	addi	sp,sp,-56
200040da:	da06                	sw	ra,52(sp)
  n_ntt++;
200040dc:	0785                	addi	a5,a5,1
void ntt(int16_t r[256]) {
200040de:	d822                	sw	s0,48(sp)
200040e0:	d626                	sw	s1,44(sp)
200040e2:	d02a                	sw	a0,32(sp)
  n_ntt++;
200040e4:	90f1ac23          	sw	a5,-1768(gp) # 20010118 <n_ntt>
200040e8:	b0002473          	csrr	s0,mcycle
200040ec:	b80027f3          	csrr	a5,mcycleh
  uint32_t cnt1 = cpucycles();
200040f0:	d0a00793          	li	a5,-758
200040f4:	471d                	li	a4,7
200040f6:	c43e                	sw	a5,8(sp)
  unsigned int len, start, j, k;
  int16_t t, zeta;

  k = 1;
200040f8:	4305                	li	t1,1
  for(len = 128; len >= 2; len >>= 1) {
200040fa:	08000613          	li	a2,128
200040fe:	d422                	sw	s0,40(sp)
    for(start = 0; start < 256; start = j + len) {
20004100:	00161793          	slli	a5,a2,0x1
20004104:	c63e                	sw	a5,12(sp)
20004106:	00160793          	addi	a5,a2,1
2000410a:	4581                	li	a1,0
2000410c:	ce3e                	sw	a5,28(sp)
2000410e:	cc32                	sw	a2,24(sp)
20004110:	d23a                	sw	a4,36(sp)
      zeta = zetas[k++];
20004112:	5702                	lw	a4,32(sp)
20004114:	00159793          	slli	a5,a1,0x1
20004118:	0305                	addi	t1,t1,1
      for(j = start; j < start + len; j++) {
2000411a:	00f704b3          	add	s1,a4,a5
2000411e:	47e2                	lw	a5,24(sp)
20004120:	c81a                	sw	t1,16(sp)
20004122:	ca2e                	sw	a1,20(sp)
20004124:	00b786b3          	add	a3,a5,a1
20004128:	87a6                	mv	a5,s1
2000412a:	c236                	sw	a3,4(sp)
2000412c:	84ae                	mv	s1,a1
2000412e:	843e                	mv	s0,a5
        t = fqmul(zeta, r[j + len]);
20004130:	47b2                	lw	a5,12(sp)
      for(j = start; j < start + len; j++) {
20004132:	0485                	addi	s1,s1,1
20004134:	00f40633          	add	a2,s0,a5
  return montgomery_reduce((int32_t)a*b);
20004138:	00061503          	lh	a0,0(a2)
2000413c:	47a2                	lw	a5,8(sp)
2000413e:	c032                	sw	a2,0(sp)
      for(j = start; j < start + len; j++) {
20004140:	0409                	addi	s0,s0,2
  return montgomery_reduce((int32_t)a*b);
20004142:	02f50533          	mul	a0,a0,a5
20004146:	329000ef          	jal	20004c6e <pqcrystals_kyber512_ref_montgomery_reduce>
        r[j + len] = r[j] - t;
2000414a:	ffe45703          	lhu	a4,-2(s0)
2000414e:	4602                	lw	a2,0(sp)
20004150:	0542                	slli	a0,a0,0x10
20004152:	8141                	srli	a0,a0,0x10
20004154:	8f09                	sub	a4,a4,a0
20004156:	00e61023          	sh	a4,0(a2)
        r[j] = r[j] + t;
2000415a:	ffe45703          	lhu	a4,-2(s0)
      for(j = start; j < start + len; j++) {
2000415e:	4792                	lw	a5,4(sp)
        r[j] = r[j] + t;
20004160:	953a                	add	a0,a0,a4
20004162:	fea41f23          	sh	a0,-2(s0)
      for(j = start; j < start + len; j++) {
20004166:	fcf4e5e3          	bltu	s1,a5,20004130 <pqcrystals_kyber512_ref_ntt+0x5e>
2000416a:	45d2                	lw	a1,20(sp)
2000416c:	86be                	mv	a3,a5
2000416e:	4342                	lw	t1,16(sp)
20004170:	00158793          	addi	a5,a1,1
20004174:	4701                	li	a4,0
20004176:	00f6e563          	bltu	a3,a5,20004180 <pqcrystals_kyber512_ref_ntt+0xae>
2000417a:	47e2                	lw	a5,24(sp)
2000417c:	fff78713          	addi	a4,a5,-1
20004180:	47f2                	lw	a5,28(sp)
20004182:	95be                	add	a1,a1,a5
    for(start = 0; start < 256; start = j + len) {
20004184:	95ba                	add	a1,a1,a4
20004186:	0ff00793          	li	a5,255
2000418a:	00b7ed63          	bltu	a5,a1,200041a4 <pqcrystals_kyber512_ref_ntt+0xd2>
      zeta = zetas[k++];
2000418e:	20000737          	lui	a4,0x20000
20004192:	7c870713          	addi	a4,a4,1992 # 200007c8 <pqcrystals_kyber512_ref_zetas>
20004196:	00131793          	slli	a5,t1,0x1
2000419a:	97ba                	add	a5,a5,a4
2000419c:	00079783          	lh	a5,0(a5)
200041a0:	c43e                	sw	a5,8(sp)
200041a2:	bf85                	j	20004112 <pqcrystals_kyber512_ref_ntt+0x40>
  for(len = 128; len >= 2; len >>= 1) {
200041a4:	5712                	lw	a4,36(sp)
200041a6:	4662                	lw	a2,24(sp)
200041a8:	177d                	addi	a4,a4,-1
200041aa:	8205                	srli	a2,a2,0x1
200041ac:	cf01                	beqz	a4,200041c4 <pqcrystals_kyber512_ref_ntt+0xf2>
      zeta = zetas[k++];
200041ae:	200007b7          	lui	a5,0x20000
200041b2:	7c878793          	addi	a5,a5,1992 # 200007c8 <pqcrystals_kyber512_ref_zetas>
200041b6:	00131693          	slli	a3,t1,0x1
200041ba:	97b6                	add	a5,a5,a3
200041bc:	00079783          	lh	a5,0(a5)
200041c0:	c43e                	sw	a5,8(sp)
200041c2:	bf3d                	j	20004100 <pqcrystals_kyber512_ref_ntt+0x2e>
200041c4:	5422                	lw	s0,40(sp)
200041c6:	b0002673          	csrr	a2,mcycle
200041ca:	b80027f3          	csrr	a5,mcycleh
      }
    }
  }
  uint32_t cnt2 = cpucycles();
  if (ntt_cyc != 0){
200041ce:	90c1a783          	lw	a5,-1780(gp) # 2001010c <ntt_cyc>
    ntt_cyc = (ntt_cyc + cnt2-cnt1) / 2;
  } else {
    ntt_cyc = cnt2-cnt1;
200041d2:	408606b3          	sub	a3,a2,s0
  if (ntt_cyc != 0){
200041d6:	c789                	beqz	a5,200041e0 <pqcrystals_kyber512_ref_ntt+0x10e>
    ntt_cyc = (ntt_cyc + cnt2-cnt1) / 2;
200041d8:	8f81                	sub	a5,a5,s0
200041da:	97b2                	add	a5,a5,a2
200041dc:	0017d693          	srli	a3,a5,0x1
  }
}
200041e0:	50d2                	lw	ra,52(sp)
200041e2:	5442                	lw	s0,48(sp)
200041e4:	90d1a623          	sw	a3,-1780(gp) # 2001010c <ntt_cyc>
200041e8:	54b2                	lw	s1,44(sp)
200041ea:	03810113          	addi	sp,sp,56
200041ee:	8082                	ret

200041f0 <pqcrystals_kyber512_ref_invntt>:
*              Input is in bitreversed order, output is in standard order
*
* Arguments:   - int16_t r[256]: pointer to input/output vector of elements of Zq
**************************************************/
void invntt(int16_t r[256]) {
  n_invntt++;
200041f0:	9141a783          	lw	a5,-1772(gp) # 20010114 <n_invntt>
void invntt(int16_t r[256]) {
200041f4:	fcc10113          	addi	sp,sp,-52
200041f8:	d806                	sw	ra,48(sp)
  n_invntt++;
200041fa:	0785                	addi	a5,a5,1
void invntt(int16_t r[256]) {
200041fc:	d622                	sw	s0,44(sp)
200041fe:	d426                	sw	s1,40(sp)
20004200:	85aa                	mv	a1,a0
  n_invntt++;
20004202:	90f1aa23          	sw	a5,-1772(gp) # 20010114 <n_invntt>
20004206:	b00024f3          	csrr	s1,mcycle
2000420a:	b80027f3          	csrr	a5,mcycleh
  uint32_t cnt1 = cpucycles();
2000420e:	65c00613          	li	a2,1628
  unsigned int start, len, j, k;
  int16_t t, zeta;
  const int16_t f = 1441; // mont^2/128

  k = 127;
  for(len = 2; len <= 128; len <<= 1) {
20004212:	4389                	li	t2,2
20004214:	87b2                	mv	a5,a2
  uint32_t cnt1 = cpucycles();
20004216:	441d                	li	s0,7
20004218:	861e                	mv	a2,t2
  k = 127;
2000421a:	07f00293          	li	t0,127
2000421e:	d226                	sw	s1,36(sp)
20004220:	83be                	mv	t2,a5
    for(start = 0; start < 256; start = j + len) {
20004222:	4681                	li	a3,0
20004224:	d022                	sw	s0,32(sp)
      zeta = zetas[k--];
      for(j = start; j < start + len; j++) {
20004226:	00c68333          	add	t1,a3,a2
      zeta = zetas[k--];
2000422a:	12fd                	addi	t0,t0,-1
      for(j = start; j < start + len; j++) {
2000422c:	0866f863          	bgeu	a3,t1,200042bc <pqcrystals_kyber512_ref_invntt+0xcc>
20004230:	00131713          	slli	a4,t1,0x1
20004234:	0686                	slli	a3,a3,0x1
20004236:	00e58433          	add	s0,a1,a4
2000423a:	00d584b3          	add	s1,a1,a3
2000423e:	c222                	sw	s0,4(sp)
20004240:	ce2e                	sw	a1,28(sp)
20004242:	c632                	sw	a2,12(sp)
20004244:	c816                	sw	t0,16(sp)
20004246:	ca1a                	sw	t1,20(sp)
20004248:	c41e                	sw	t2,8(sp)
2000424a:	cc2e                	sw	a1,24(sp)
        t = r[j];
        r[j] = barrett_reduce(t + r[j + len]);
2000424c:	0004d603          	lhu	a2,0(s1)
20004250:	00045503          	lhu	a0,0(s0)
      for(j = start; j < start + len; j++) {
20004254:	0489                	addi	s1,s1,2
        r[j] = barrett_reduce(t + r[j + len]);
20004256:	c032                	sw	a2,0(sp)
20004258:	9532                	add	a0,a0,a2
2000425a:	0542                	slli	a0,a0,0x10
2000425c:	8541                	srai	a0,a0,0x10
2000425e:	22f000ef          	jal	20004c8c <pqcrystals_kyber512_ref_barrett_reduce>
20004262:	fea49f23          	sh	a0,-2(s1)
        r[j + len] = r[j + len] - t;
20004266:	00045783          	lhu	a5,0(s0)
2000426a:	4602                	lw	a2,0(sp)
  return montgomery_reduce((int32_t)a*b);
2000426c:	4722                	lw	a4,8(sp)
      for(j = start; j < start + len; j++) {
2000426e:	0409                	addi	s0,s0,2
        r[j + len] = r[j + len] - t;
20004270:	8f91                	sub	a5,a5,a2
20004272:	07c2                	slli	a5,a5,0x10
20004274:	87c1                	srai	a5,a5,0x10
  return montgomery_reduce((int32_t)a*b);
20004276:	02e78533          	mul	a0,a5,a4
        r[j + len] = r[j + len] - t;
2000427a:	fef41f23          	sh	a5,-2(s0)
  return montgomery_reduce((int32_t)a*b);
2000427e:	1f1000ef          	jal	20004c6e <pqcrystals_kyber512_ref_montgomery_reduce>
      for(j = start; j < start + len; j++) {
20004282:	4792                	lw	a5,4(sp)
        r[j + len] = fqmul(zeta, r[j + len]);
20004284:	fea41f23          	sh	a0,-2(s0)
      for(j = start; j < start + len; j++) {
20004288:	fc9792e3          	bne	a5,s1,2000424c <pqcrystals_kyber512_ref_invntt+0x5c>
    for(start = 0; start < 256; start = j + len) {
2000428c:	4632                	lw	a2,12(sp)
2000428e:	4352                	lw	t1,20(sp)
20004290:	0ff00793          	li	a5,255
20004294:	42c2                	lw	t0,16(sp)
20004296:	00c306b3          	add	a3,t1,a2
2000429a:	45e2                	lw	a1,24(sp)
2000429c:	02d7e263          	bltu	a5,a3,200042c0 <pqcrystals_kyber512_ref_invntt+0xd0>
      zeta = zetas[k--];
200042a0:	20000737          	lui	a4,0x20000
200042a4:	00129793          	slli	a5,t0,0x1
200042a8:	7c870713          	addi	a4,a4,1992 # 200007c8 <pqcrystals_kyber512_ref_zetas>
200042ac:	97ba                	add	a5,a5,a4
      for(j = start; j < start + len; j++) {
200042ae:	00c68333          	add	t1,a3,a2
      zeta = zetas[k--];
200042b2:	00079383          	lh	t2,0(a5)
200042b6:	12fd                	addi	t0,t0,-1
      for(j = start; j < start + len; j++) {
200042b8:	f666ece3          	bltu	a3,t1,20004230 <pqcrystals_kyber512_ref_invntt+0x40>
200042bc:	869a                	mv	a3,t1
200042be:	b7cd                	j	200042a0 <pqcrystals_kyber512_ref_invntt+0xb0>
  for(len = 2; len <= 128; len <<= 1) {
200042c0:	5402                	lw	s0,32(sp)
200042c2:	0606                	slli	a2,a2,0x1
200042c4:	147d                	addi	s0,s0,-1
200042c6:	c819                	beqz	s0,200042dc <pqcrystals_kyber512_ref_invntt+0xec>
      zeta = zetas[k--];
200042c8:	200007b7          	lui	a5,0x20000
200042cc:	7c878793          	addi	a5,a5,1992 # 200007c8 <pqcrystals_kyber512_ref_zetas>
200042d0:	00129713          	slli	a4,t0,0x1
200042d4:	97ba                	add	a5,a5,a4
200042d6:	00079383          	lh	t2,0(a5)
200042da:	b7a1                	j	20004222 <pqcrystals_kyber512_ref_invntt+0x32>
200042dc:	5492                	lw	s1,36(sp)
200042de:	46f2                	lw	a3,28(sp)
200042e0:	20058413          	addi	s0,a1,512
200042e4:	c026                	sw	s1,0(sp)
200042e6:	84b6                	mv	s1,a3
  return montgomery_reduce((int32_t)a*b);
200042e8:	00049503          	lh	a0,0(s1)
200042ec:	5a100793          	li	a5,1441
      }
    }
  }

  for(j = 0; j < 256; j++)
200042f0:	0489                	addi	s1,s1,2
  return montgomery_reduce((int32_t)a*b);
200042f2:	02f50533          	mul	a0,a0,a5
200042f6:	179000ef          	jal	20004c6e <pqcrystals_kyber512_ref_montgomery_reduce>
    r[j] = fqmul(r[j], f);
200042fa:	fea49f23          	sh	a0,-2(s1)
  for(j = 0; j < 256; j++)
200042fe:	fe9415e3          	bne	s0,s1,200042e8 <pqcrystals_kyber512_ref_invntt+0xf8>
20004302:	4482                	lw	s1,0(sp)
20004304:	b0002673          	csrr	a2,mcycle
20004308:	b80027f3          	csrr	a5,mcycleh

  uint32_t cnt2 = cpucycles();
  if (inv_ntt_cyc != 0){
2000430c:	9081a783          	lw	a5,-1784(gp) # 20010108 <inv_ntt_cyc>
    inv_ntt_cyc = (inv_ntt_cyc + cnt2-cnt1) / 2;
  } else {
    inv_ntt_cyc = cnt2-cnt1;
20004310:	409606b3          	sub	a3,a2,s1
  if (inv_ntt_cyc != 0){
20004314:	c789                	beqz	a5,2000431e <pqcrystals_kyber512_ref_invntt+0x12e>
    inv_ntt_cyc = (inv_ntt_cyc + cnt2-cnt1) / 2;
20004316:	8f85                	sub	a5,a5,s1
20004318:	97b2                	add	a5,a5,a2
2000431a:	0017d693          	srli	a3,a5,0x1
  } 
}
2000431e:	50c2                	lw	ra,48(sp)
20004320:	5432                	lw	s0,44(sp)
20004322:	90d1a423          	sw	a3,-1784(gp) # 20010108 <inv_ntt_cyc>
20004326:	54a2                	lw	s1,40(sp)
20004328:	03410113          	addi	sp,sp,52
2000432c:	8082                	ret

2000432e <pqcrystals_kyber512_ref_basemul>:
*              - const int16_t b[2]: pointer to the second factor
*              - int16_t zeta: integer defining the reduction polynomial
**************************************************/
void basemul(int16_t r[2], const int16_t a[2], const int16_t b[2], int16_t zeta)
{
  n_basemul++;
2000432e:	8ec1a783          	lw	a5,-1812(gp) # 200100ec <n_basemul>
{
20004332:	1121                	addi	sp,sp,-24
20004334:	c822                	sw	s0,16(sp)
  n_basemul++;
20004336:	0785                	addi	a5,a5,1
{
20004338:	c626                	sw	s1,12(sp)
2000433a:	ca06                	sw	ra,20(sp)
2000433c:	842a                	mv	s0,a0
2000433e:	84ae                	mv	s1,a1
20004340:	c436                	sw	a3,8(sp)
  n_basemul++;
20004342:	8ef1a623          	sw	a5,-1812(gp) # 200100ec <n_basemul>
20004346:	b0002773          	csrr	a4,mcycle
2000434a:	c23a                	sw	a4,4(sp)
2000434c:	b80027f3          	csrr	a5,mcycleh
  return montgomery_reduce((int32_t)a*b);
20004350:	00261783          	lh	a5,2(a2)
20004354:	00259503          	lh	a0,2(a1)
20004358:	c032                	sw	a2,0(sp)
2000435a:	02f50533          	mul	a0,a0,a5
2000435e:	111000ef          	jal	20004c6e <pqcrystals_kyber512_ref_montgomery_reduce>
20004362:	46a2                	lw	a3,8(sp)
20004364:	87aa                	mv	a5,a0
  uint32_t cnt1 = cpucycles();
  r[0]  = fqmul(a[1], b[1]);
20004366:	00f41023          	sh	a5,0(s0)
  return montgomery_reduce((int32_t)a*b);
2000436a:	02d50533          	mul	a0,a0,a3
2000436e:	101000ef          	jal	20004c6e <pqcrystals_kyber512_ref_montgomery_reduce>
20004372:	4782                	lw	a5,0(sp)
  r[0]  = fqmul(r[0], zeta);
20004374:	00a41023          	sh	a0,0(s0)
  return montgomery_reduce((int32_t)a*b);
20004378:	00049503          	lh	a0,0(s1)
2000437c:	00079783          	lh	a5,0(a5)
20004380:	02f50533          	mul	a0,a0,a5
20004384:	0eb000ef          	jal	20004c6e <pqcrystals_kyber512_ref_montgomery_reduce>
  r[0] += fqmul(a[0], b[0]);
20004388:	00045783          	lhu	a5,0(s0)
2000438c:	97aa                	add	a5,a5,a0
2000438e:	00f41023          	sh	a5,0(s0)
  return montgomery_reduce((int32_t)a*b);
20004392:	4782                	lw	a5,0(sp)
20004394:	00049503          	lh	a0,0(s1)
20004398:	00279783          	lh	a5,2(a5)
2000439c:	02f50533          	mul	a0,a0,a5
200043a0:	0cf000ef          	jal	20004c6e <pqcrystals_kyber512_ref_montgomery_reduce>
200043a4:	4782                	lw	a5,0(sp)
  r[1]  = fqmul(a[0], b[1]);
200043a6:	00a41123          	sh	a0,2(s0)
  return montgomery_reduce((int32_t)a*b);
200043aa:	00249503          	lh	a0,2(s1)
200043ae:	00079783          	lh	a5,0(a5)
200043b2:	02f50533          	mul	a0,a0,a5
200043b6:	0b9000ef          	jal	20004c6e <pqcrystals_kyber512_ref_montgomery_reduce>
  r[1] += fqmul(a[1], b[0]);
200043ba:	00245783          	lhu	a5,2(s0)
200043be:	97aa                	add	a5,a5,a0
200043c0:	00f41123          	sh	a5,2(s0)
200043c4:	b00025f3          	csrr	a1,mcycle
200043c8:	b80027f3          	csrr	a5,mcycleh
  uint32_t cnt2 = cpucycles();
  if (basemul_cyc != 0){
    basemul_cyc = (basemul_cyc + cnt2-cnt1) / 2;
  } else {
    basemul_cyc = cnt2-cnt1;
200043cc:	4712                	lw	a4,4(sp)
  if (basemul_cyc != 0){
200043ce:	8e81a783          	lw	a5,-1816(gp) # 200100e8 <basemul_cyc>
    basemul_cyc = cnt2-cnt1;
200043d2:	40e58633          	sub	a2,a1,a4
  if (basemul_cyc != 0){
200043d6:	c789                	beqz	a5,200043e0 <pqcrystals_kyber512_ref_basemul+0xb2>
    basemul_cyc = (basemul_cyc + cnt2-cnt1) / 2;
200043d8:	97ae                	add	a5,a5,a1
200043da:	8f99                	sub	a5,a5,a4
200043dc:	0017d613          	srli	a2,a5,0x1
  }
}
200043e0:	40d2                	lw	ra,20(sp)
200043e2:	4442                	lw	s0,16(sp)
200043e4:	8ec1a423          	sw	a2,-1816(gp) # 200100e8 <basemul_cyc>
200043e8:	44b2                	lw	s1,12(sp)
200043ea:	0161                	addi	sp,sp,24
200043ec:	8082                	ret

200043ee <pqcrystals_kyber512_ref_poly_compress>:
*                            (of length KYBER_POLYCOMPRESSEDBYTES)
*              - const poly *a: pointer to input polynomial
**************************************************/
void poly_compress(uint8_t r[KYBER_POLYCOMPRESSEDBYTES], const poly *a)
{
  n_poly_compress++;
200043ee:	9041a783          	lw	a5,-1788(gp) # 20010104 <n_poly_compress>
{
200043f2:	1121                	addi	sp,sp,-24
200043f4:	ca22                	sw	s0,20(sp)
  n_poly_compress++;
200043f6:	0785                	addi	a5,a5,1
{
200043f8:	c826                	sw	s1,16(sp)
200043fa:	c02a                	sw	a0,0(sp)
  n_poly_compress++;
200043fc:	90f1a223          	sw	a5,-1788(gp) # 20010104 <n_poly_compress>
20004400:	b00027f3          	csrr	a5,mcycle
20004404:	b80027f3          	csrr	a5,mcycleh

  for(i=0;i<KYBER_N/8;i++) {
    for(j=0;j<8;j++) {
      // map to positive standard representatives
      u  = a->coeffs[8*i+j];
      u += (u >> 15) & KYBER_Q;
20004408:	6405                	lui	s0,0x1
/*    t[j] = ((((uint16_t)u << 4) + KYBER_Q/2)/KYBER_Q) & 15; */
      d0 = u << 4;
      d0 += 1665;
      d0 *= 80635;
2000440a:	67d1                	lui	a5,0x14
2000440c:	08050713          	addi	a4,a0,128
20004410:	83ae                	mv	t2,a1
20004412:	c63a                	sw	a4,12(sp)
      u += (u >> 15) & KYBER_Q;
20004414:	d0140413          	addi	s0,s0,-767 # d01 <__rodata_size+0x2bd>
      d0 *= 80635;
20004418:	afb78493          	addi	s1,a5,-1285 # 13afb <TotalFlashUsed+0xc387>
      u  = a->coeffs[8*i+j];
2000441c:	00239703          	lh	a4,2(t2)
20004420:	00c39783          	lh	a5,12(t2)
20004424:	00039283          	lh	t0,0(t2)
20004428:	00639303          	lh	t1,6(t2)
2000442c:	c23e                	sw	a5,4(sp)
      u += (u >> 15) & KYBER_Q;
2000442e:	40f75793          	srai	a5,a4,0xf
20004432:	8fe1                	and	a5,a5,s0
20004434:	97ba                	add	a5,a5,a4
      u  = a->coeffs[8*i+j];
20004436:	00a39503          	lh	a0,10(t2)
      d0 = u << 4;
2000443a:	07c2                	slli	a5,a5,0x10
      u  = a->coeffs[8*i+j];
2000443c:	00e39583          	lh	a1,14(t2)
      u += (u >> 15) & KYBER_Q;
20004440:	40f2d713          	srai	a4,t0,0xf
      d0 = u << 4;
20004444:	87c1                	srai	a5,a5,0x10
      u  = a->coeffs[8*i+j];
20004446:	00439603          	lh	a2,4(t2)
      u += (u >> 15) & KYBER_Q;
2000444a:	8f61                	and	a4,a4,s0
      d0 = u << 4;
2000444c:	c43e                	sw	a5,8(sp)
      u += (u >> 15) & KYBER_Q;
2000444e:	40f35793          	srai	a5,t1,0xf
20004452:	92ba                	add	t0,t0,a4
20004454:	8fe1                	and	a5,a5,s0
20004456:	40f55713          	srai	a4,a0,0xf
      u  = a->coeffs[8*i+j];
2000445a:	00839683          	lh	a3,8(t2)
      u += (u >> 15) & KYBER_Q;
2000445e:	933e                	add	t1,t1,a5
20004460:	8f61                	and	a4,a4,s0
20004462:	40f5d793          	srai	a5,a1,0xf
20004466:	972a                	add	a4,a4,a0
20004468:	8fe1                	and	a5,a5,s0
2000446a:	40f65513          	srai	a0,a2,0xf
2000446e:	97ae                	add	a5,a5,a1
20004470:	8d61                	and	a0,a0,s0
      d0 = u << 4;
20004472:	01031593          	slli	a1,t1,0x10
      u += (u >> 15) & KYBER_Q;
20004476:	4312                	lw	t1,4(sp)
20004478:	9532                	add	a0,a0,a2
2000447a:	40f6d613          	srai	a2,a3,0xf
2000447e:	8e61                	and	a2,a2,s0
20004480:	9636                	add	a2,a2,a3
20004482:	40f35693          	srai	a3,t1,0xf
20004486:	8ee1                	and	a3,a3,s0
20004488:	969a                	add	a3,a3,t1
      d0 = u << 4;
2000448a:	4322                	lw	t1,8(sp)
2000448c:	02c2                	slli	t0,t0,0x10
2000448e:	0742                	slli	a4,a4,0x10
20004490:	4102d293          	srai	t0,t0,0x10
20004494:	0312                	slli	t1,t1,0x4
20004496:	8741                	srai	a4,a4,0x10
20004498:	07c2                	slli	a5,a5,0x10
2000449a:	0642                	slli	a2,a2,0x10
      d0 += 1665;
2000449c:	68130313          	addi	t1,t1,1665
      d0 = u << 4;
200044a0:	0292                	slli	t0,t0,0x4
      d0 *= 80635;
200044a2:	02930333          	mul	t1,t1,s1
      d0 = u << 4;
200044a6:	87c1                	srai	a5,a5,0x10
200044a8:	8641                	srai	a2,a2,0x10
200044aa:	06c2                	slli	a3,a3,0x10
200044ac:	0712                	slli	a4,a4,0x4
      d0 += 1665;
200044ae:	68128293          	addi	t0,t0,1665
      d0 = u << 4;
200044b2:	85c1                	srai	a1,a1,0x10
200044b4:	0542                	slli	a0,a0,0x10
200044b6:	86c1                	srai	a3,a3,0x10
200044b8:	0792                	slli	a5,a5,0x4
      d0 *= 80635;
200044ba:	029282b3          	mul	t0,t0,s1
      d0 += 1665;
200044be:	68170713          	addi	a4,a4,1665
      d0 = u << 4;
200044c2:	0612                	slli	a2,a2,0x4
200044c4:	8541                	srai	a0,a0,0x10
200044c6:	0592                	slli	a1,a1,0x4
      d0 += 1665;
200044c8:	68178793          	addi	a5,a5,1665
      d0 = u << 4;
200044cc:	0692                	slli	a3,a3,0x4
      d0 += 1665;
200044ce:	68160613          	addi	a2,a2,1665
200044d2:	68158593          	addi	a1,a1,1665
      d0 = u << 4;
200044d6:	0512                	slli	a0,a0,0x4
      d0 *= 80635;
200044d8:	02970733          	mul	a4,a4,s1
      d0 += 1665;
200044dc:	68168693          	addi	a3,a3,1665
200044e0:	68150513          	addi	a0,a0,1665
      d0 >>= 28;
200044e4:	01c35313          	srli	t1,t1,0x1c
200044e8:	01c2d293          	srli	t0,t0,0x1c
      t[j] = d0 & 0xf;
    }

    r[0] = t[0] | (t[1] << 4);
200044ec:	0312                	slli	t1,t1,0x4
200044ee:	00536333          	or	t1,t1,t0
200044f2:	4282                	lw	t0,0(sp)
  for(i=0;i<KYBER_N/8;i++) {
200044f4:	03c1                	addi	t2,t2,16
      d0 *= 80635;
200044f6:	029787b3          	mul	a5,a5,s1
      d0 >>= 28;
200044fa:	8371                	srli	a4,a4,0x1c
    r[1] = t[2] | (t[3] << 4);
    r[2] = t[4] | (t[5] << 4);
200044fc:	0712                	slli	a4,a4,0x4
    r[0] = t[0] | (t[1] << 4);
200044fe:	00628023          	sb	t1,0(t0)
      d0 *= 80635;
20004502:	02960633          	mul	a2,a2,s1
      d0 >>= 28;
20004506:	83f1                	srli	a5,a5,0x1c
    r[3] = t[6] | (t[7] << 4);
20004508:	0792                	slli	a5,a5,0x4
      d0 *= 80635;
2000450a:	029585b3          	mul	a1,a1,s1
      d0 >>= 28;
2000450e:	8271                	srli	a2,a2,0x1c
    r[2] = t[4] | (t[5] << 4);
20004510:	8f51                	or	a4,a4,a2
20004512:	00e28123          	sb	a4,2(t0)
  for(i=0;i<KYBER_N/8;i++) {
20004516:	4732                	lw	a4,12(sp)
      d0 *= 80635;
20004518:	029686b3          	mul	a3,a3,s1
      d0 >>= 28;
2000451c:	81f1                	srli	a1,a1,0x1c
    r[1] = t[2] | (t[3] << 4);
2000451e:	0592                	slli	a1,a1,0x4
      d0 *= 80635;
20004520:	02950533          	mul	a0,a0,s1
      d0 >>= 28;
20004524:	82f1                	srli	a3,a3,0x1c
    r[3] = t[6] | (t[7] << 4);
20004526:	8fd5                	or	a5,a5,a3
20004528:	00f281a3          	sb	a5,3(t0)
    r += 4;
2000452c:	00428793          	addi	a5,t0,4
20004530:	c03e                	sw	a5,0(sp)
      d0 >>= 28;
20004532:	8171                	srli	a0,a0,0x1c
    r[1] = t[2] | (t[3] << 4);
20004534:	8dc9                	or	a1,a1,a0
20004536:	00b280a3          	sb	a1,1(t0)
  for(i=0;i<KYBER_N/8;i++) {
2000453a:	eee791e3          	bne	a5,a4,2000441c <pqcrystals_kyber512_ref_poly_compress+0x2e>
    poly_compress_cyc = cnt2-cnt1;
  }
#else
#error "KYBER_POLYCOMPRESSEDBYTES needs to be in {128, 160}"
#endif
}
2000453e:	4452                	lw	s0,20(sp)
20004540:	44c2                	lw	s1,16(sp)
20004542:	0161                	addi	sp,sp,24
20004544:	8082                	ret

20004546 <pqcrystals_kyber512_ref_poly_decompress>:
*              - const uint8_t *a: pointer to input byte array
*                                  (of length KYBER_POLYCOMPRESSEDBYTES bytes)
**************************************************/
void poly_decompress(poly *r, const uint8_t a[KYBER_POLYCOMPRESSEDBYTES])
{
  n_poly_decompress++;
20004546:	9001a783          	lw	a5,-1792(gp) # 20010100 <n_poly_decompress>
{
2000454a:	872a                	mv	a4,a0
  n_poly_decompress++;
2000454c:	0785                	addi	a5,a5,1
2000454e:	90f1a023          	sw	a5,-1792(gp) # 20010100 <n_poly_decompress>
20004552:	b00027f3          	csrr	a5,mcycle
20004556:	b80027f3          	csrr	a5,mcycleh
  uint32_t cnt1 = cpucycles();
  unsigned int i;

#if (KYBER_POLYCOMPRESSEDBYTES == 128)
  for(i=0;i<KYBER_N/2;i++) {
    r->coeffs[2*i+0] = (((uint16_t)(a[0] & 15)*KYBER_Q) + 8) >> 4;
2000455a:	6685                	lui	a3,0x1
2000455c:	08058613          	addi	a2,a1,128
20004560:	d0168693          	addi	a3,a3,-767 # d01 <__rodata_size+0x2bd>
20004564:	0005c783          	lbu	a5,0(a1)
    r->coeffs[2*i+1] = (((uint16_t)(a[0] >> 4)*KYBER_Q) + 8) >> 4;
    a += 1;
20004568:	0585                	addi	a1,a1,1
  for(i=0;i<KYBER_N/2;i++) {
2000456a:	0711                	addi	a4,a4,4
    r->coeffs[2*i+0] = (((uint16_t)(a[0] & 15)*KYBER_Q) + 8) >> 4;
2000456c:	8bbd                	andi	a5,a5,15
2000456e:	02d787b3          	mul	a5,a5,a3
20004572:	07a1                	addi	a5,a5,8
20004574:	8791                	srai	a5,a5,0x4
20004576:	fef71e23          	sh	a5,-4(a4)
    r->coeffs[2*i+1] = (((uint16_t)(a[0] >> 4)*KYBER_Q) + 8) >> 4;
2000457a:	fff5c783          	lbu	a5,-1(a1)
2000457e:	8391                	srli	a5,a5,0x4
20004580:	02d787b3          	mul	a5,a5,a3
20004584:	07a1                	addi	a5,a5,8
20004586:	8791                	srai	a5,a5,0x4
20004588:	fef71f23          	sh	a5,-2(a4)
  for(i=0;i<KYBER_N/2;i++) {
2000458c:	fcc59ce3          	bne	a1,a2,20004564 <pqcrystals_kyber512_ref_poly_decompress+0x1e>
    poly_decompress_cyc = cnt2-cnt1;
  }
#else
#error "KYBER_POLYCOMPRESSEDBYTES needs to be in {128, 160}"
#endif
}
20004590:	8082                	ret

20004592 <pqcrystals_kyber512_ref_poly_tobytes>:
  uint16_t t0, t1;

  for(i=0;i<KYBER_N/2;i++) {
    // map to positive standard representatives
    t0  = a->coeffs[2*i];
    t0 += ((int16_t)t0 >> 15) & KYBER_Q;
20004592:	6685                	lui	a3,0x1
20004594:	18050613          	addi	a2,a0,384
20004598:	d0168693          	addi	a3,a3,-767 # d01 <__rodata_size+0x2bd>
    t0  = a->coeffs[2*i];
2000459c:	00059703          	lh	a4,0(a1)
    t1 = a->coeffs[2*i+1];
200045a0:	00259783          	lh	a5,2(a1)
  for(i=0;i<KYBER_N/2;i++) {
200045a4:	050d                	addi	a0,a0,3
    t0 += ((int16_t)t0 >> 15) & KYBER_Q;
200045a6:	40f75293          	srai	t0,a4,0xf
    t1 += ((int16_t)t1 >> 15) & KYBER_Q;
200045aa:	40f7d313          	srai	t1,a5,0xf
    t0 += ((int16_t)t0 >> 15) & KYBER_Q;
200045ae:	00d2f2b3          	and	t0,t0,a3
    t1 += ((int16_t)t1 >> 15) & KYBER_Q;
200045b2:	00d37333          	and	t1,t1,a3
    t0 += ((int16_t)t0 >> 15) & KYBER_Q;
200045b6:	9716                	add	a4,a4,t0
    t1 += ((int16_t)t1 >> 15) & KYBER_Q;
200045b8:	979a                	add	a5,a5,t1
    t0 += ((int16_t)t0 >> 15) & KYBER_Q;
200045ba:	0742                	slli	a4,a4,0x10
    t1 += ((int16_t)t1 >> 15) & KYBER_Q;
200045bc:	07c2                	slli	a5,a5,0x10
    t0 += ((int16_t)t0 >> 15) & KYBER_Q;
200045be:	8341                	srli	a4,a4,0x10
    t1 += ((int16_t)t1 >> 15) & KYBER_Q;
200045c0:	83c1                	srli	a5,a5,0x10
    r[3*i+0] = (t0 >> 0);
    r[3*i+1] = (t0 >> 8) | (t1 << 4);
200045c2:	00479293          	slli	t0,a5,0x4
200045c6:	00875313          	srli	t1,a4,0x8
200045ca:	00536333          	or	t1,t1,t0
    r[3*i+2] = (t1 >> 4);
200045ce:	8391                	srli	a5,a5,0x4
    r[3*i+0] = (t0 >> 0);
200045d0:	fee50ea3          	sb	a4,-3(a0)
    r[3*i+1] = (t0 >> 8) | (t1 << 4);
200045d4:	fe650f23          	sb	t1,-2(a0)
    r[3*i+2] = (t1 >> 4);
200045d8:	fef50fa3          	sb	a5,-1(a0)
  for(i=0;i<KYBER_N/2;i++) {
200045dc:	0591                	addi	a1,a1,4
200045de:	faa61fe3          	bne	a2,a0,2000459c <pqcrystals_kyber512_ref_poly_tobytes+0xa>
  }
}
200045e2:	8082                	ret

200045e4 <pqcrystals_kyber512_ref_poly_frombytes>:
**************************************************/
void poly_frombytes(poly *r, const uint8_t a[KYBER_POLYBYTES])
{
  unsigned int i;
  for(i=0;i<KYBER_N/2;i++) {
    r->coeffs[2*i]   = ((a[3*i+0] >> 0) | ((uint16_t)a[3*i+1] << 8)) & 0xFFF;
200045e4:	6705                	lui	a4,0x1
200045e6:	18058693          	addi	a3,a1,384
200045ea:	177d                	addi	a4,a4,-1 # fff <__rodata_size+0x5bb>
200045ec:	0015c783          	lbu	a5,1(a1)
200045f0:	0005c603          	lbu	a2,0(a1)
  for(i=0;i<KYBER_N/2;i++) {
200045f4:	058d                	addi	a1,a1,3
    r->coeffs[2*i]   = ((a[3*i+0] >> 0) | ((uint16_t)a[3*i+1] << 8)) & 0xFFF;
200045f6:	07a2                	slli	a5,a5,0x8
200045f8:	8fd1                	or	a5,a5,a2
200045fa:	8ff9                	and	a5,a5,a4
200045fc:	00f51023          	sh	a5,0(a0)
    r->coeffs[2*i+1] = ((a[3*i+1] >> 4) | ((uint16_t)a[3*i+2] << 4)) & 0xFFF;
20004600:	ffe5c603          	lbu	a2,-2(a1)
20004604:	fff5c783          	lbu	a5,-1(a1)
  for(i=0;i<KYBER_N/2;i++) {
20004608:	0511                	addi	a0,a0,4
    r->coeffs[2*i+1] = ((a[3*i+1] >> 4) | ((uint16_t)a[3*i+2] << 4)) & 0xFFF;
2000460a:	8211                	srli	a2,a2,0x4
2000460c:	0792                	slli	a5,a5,0x4
2000460e:	8fd1                	or	a5,a5,a2
20004610:	fef51f23          	sh	a5,-2(a0)
  for(i=0;i<KYBER_N/2;i++) {
20004614:	fcb69ce3          	bne	a3,a1,200045ec <pqcrystals_kyber512_ref_poly_frombytes+0x8>
  }
}
20004618:	8082                	ret

2000461a <pqcrystals_kyber512_ref_poly_frommsg>:
*
* Arguments:   - poly *r: pointer to output polynomial
*              - const uint8_t *msg: pointer to input message
**************************************************/
void poly_frommsg(poly *r, const uint8_t msg[KYBER_INDCPA_MSGBYTES])
{
2000461a:	1121                	addi	sp,sp,-24
2000461c:	ca06                	sw	ra,20(sp)
2000461e:	c822                	sw	s0,16(sp)
20004620:	c626                	sw	s1,12(sp)
20004622:	c42a                	sw	a0,8(sp)
20004624:	c02e                	sw	a1,0(sp)
#if (KYBER_INDCPA_MSGBYTES != KYBER_N/8)
#error "KYBER_INDCPA_MSGBYTES must be equal to KYBER_N/8 bytes!"
#endif

  for(i=0;i<KYBER_N/8;i++) {
    for(j=0;j<8;j++) {
20004626:	c202                	sw	zero,4(sp)
20004628:	4792                	lw	a5,4(sp)
2000462a:	4481                	li	s1,0
2000462c:	00179513          	slli	a0,a5,0x1
20004630:	47a2                	lw	a5,8(sp)
20004632:	00a78433          	add	s0,a5,a0
      r->coeffs[8*i+j] = 0;
      cmov_int16(r->coeffs+8*i+j, ((KYBER_Q+1)/2), (msg[i] >> j)&1);
20004636:	4782                	lw	a5,0(sp)
      r->coeffs[8*i+j] = 0;
20004638:	00041023          	sh	zero,0(s0)
      cmov_int16(r->coeffs+8*i+j, ((KYBER_Q+1)/2), (msg[i] >> j)&1);
2000463c:	8522                	mv	a0,s0
2000463e:	0007c603          	lbu	a2,0(a5)
20004642:	68100593          	li	a1,1665
    for(j=0;j<8;j++) {
20004646:	0409                	addi	s0,s0,2
      cmov_int16(r->coeffs+8*i+j, ((KYBER_Q+1)/2), (msg[i] >> j)&1);
20004648:	40965633          	sra	a2,a2,s1
2000464c:	8a05                	andi	a2,a2,1
2000464e:	019000ef          	jal	20004e66 <pqcrystals_kyber512_ref_cmov_int16>
    for(j=0;j<8;j++) {
20004652:	0485                	addi	s1,s1,1
20004654:	4721                	li	a4,8
20004656:	fee490e3          	bne	s1,a4,20004636 <pqcrystals_kyber512_ref_poly_frommsg+0x1c>
  for(i=0;i<KYBER_N/8;i++) {
2000465a:	4792                	lw	a5,4(sp)
2000465c:	4682                	lw	a3,0(sp)
2000465e:	973e                	add	a4,a4,a5
20004660:	0685                	addi	a3,a3,1
20004662:	c23a                	sw	a4,4(sp)
20004664:	10000793          	li	a5,256
20004668:	c036                	sw	a3,0(sp)
2000466a:	faf71fe3          	bne	a4,a5,20004628 <pqcrystals_kyber512_ref_poly_frommsg+0xe>
    }
  }
}
2000466e:	40d2                	lw	ra,20(sp)
20004670:	4442                	lw	s0,16(sp)
20004672:	44b2                	lw	s1,12(sp)
20004674:	0161                	addi	sp,sp,24
20004676:	8082                	ret

20004678 <pqcrystals_kyber512_ref_poly_tomsg>:
      t  = a->coeffs[8*i+j];
      // t += ((int16_t)t >> 15) & KYBER_Q;
      // t  = (((t << 1) + KYBER_Q/2)/KYBER_Q) & 1;
      t <<= 1;
      t += 1665;
      t *= 80635;
20004678:	6751                	lui	a4,0x14
2000467a:	20058693          	addi	a3,a1,512
2000467e:	afb70713          	addi	a4,a4,-1285 # 13afb <TotalFlashUsed+0xc387>
    msg[i] = 0;
20004682:	00050023          	sb	zero,0(a0)
      t  = a->coeffs[8*i+j];
20004686:	00059783          	lh	a5,0(a1)
  for(i=0;i<KYBER_N/8;i++) {
2000468a:	05c1                	addi	a1,a1,16
2000468c:	0505                	addi	a0,a0,1
      t <<= 1;
2000468e:	0786                	slli	a5,a5,0x1
      t += 1665;
20004690:	68178793          	addi	a5,a5,1665
      t *= 80635;
20004694:	02e787b3          	mul	a5,a5,a4
      t >>= 28;
20004698:	83f1                	srli	a5,a5,0x1c
      t &= 1;
      msg[i] |= t << j;
2000469a:	8b85                	andi	a5,a5,1
2000469c:	fef50fa3          	sb	a5,-1(a0)
      t  = a->coeffs[8*i+j];
200046a0:	ff259603          	lh	a2,-14(a1)
      t <<= 1;
200046a4:	0606                	slli	a2,a2,0x1
      t += 1665;
200046a6:	68160613          	addi	a2,a2,1665
      t *= 80635;
200046aa:	02e60633          	mul	a2,a2,a4
      msg[i] |= t << j;
200046ae:	826d                	srli	a2,a2,0x1b
200046b0:	8a09                	andi	a2,a2,2
200046b2:	8fd1                	or	a5,a5,a2
200046b4:	fef50fa3          	sb	a5,-1(a0)
      t  = a->coeffs[8*i+j];
200046b8:	ff459603          	lh	a2,-12(a1)
      t <<= 1;
200046bc:	0606                	slli	a2,a2,0x1
      t += 1665;
200046be:	68160613          	addi	a2,a2,1665
      t *= 80635;
200046c2:	02e60633          	mul	a2,a2,a4
      msg[i] |= t << j;
200046c6:	8269                	srli	a2,a2,0x1a
200046c8:	8a11                	andi	a2,a2,4
200046ca:	8fd1                	or	a5,a5,a2
200046cc:	fef50fa3          	sb	a5,-1(a0)
      t  = a->coeffs[8*i+j];
200046d0:	ff659603          	lh	a2,-10(a1)
      t <<= 1;
200046d4:	0606                	slli	a2,a2,0x1
      t += 1665;
200046d6:	68160613          	addi	a2,a2,1665
      t *= 80635;
200046da:	02e60633          	mul	a2,a2,a4
      msg[i] |= t << j;
200046de:	8265                	srli	a2,a2,0x19
200046e0:	8a21                	andi	a2,a2,8
200046e2:	8fd1                	or	a5,a5,a2
200046e4:	fef50fa3          	sb	a5,-1(a0)
      t  = a->coeffs[8*i+j];
200046e8:	ff859603          	lh	a2,-8(a1)
      t <<= 1;
200046ec:	0606                	slli	a2,a2,0x1
      t += 1665;
200046ee:	68160613          	addi	a2,a2,1665
      t *= 80635;
200046f2:	02e60633          	mul	a2,a2,a4
      msg[i] |= t << j;
200046f6:	8261                	srli	a2,a2,0x18
200046f8:	8a41                	andi	a2,a2,16
200046fa:	8fd1                	or	a5,a5,a2
200046fc:	fef50fa3          	sb	a5,-1(a0)
      t  = a->coeffs[8*i+j];
20004700:	ffa59603          	lh	a2,-6(a1)
      t <<= 1;
20004704:	0606                	slli	a2,a2,0x1
      t += 1665;
20004706:	68160613          	addi	a2,a2,1665
      t *= 80635;
2000470a:	02e60633          	mul	a2,a2,a4
      msg[i] |= t << j;
2000470e:	825d                	srli	a2,a2,0x17
20004710:	02067613          	andi	a2,a2,32
20004714:	8fd1                	or	a5,a5,a2
20004716:	fef50fa3          	sb	a5,-1(a0)
      t  = a->coeffs[8*i+j];
2000471a:	ffc59603          	lh	a2,-4(a1)
      t <<= 1;
2000471e:	0606                	slli	a2,a2,0x1
      t += 1665;
20004720:	68160613          	addi	a2,a2,1665
      t *= 80635;
20004724:	02e60633          	mul	a2,a2,a4
      msg[i] |= t << j;
20004728:	8259                	srli	a2,a2,0x16
2000472a:	04067613          	andi	a2,a2,64
2000472e:	8fd1                	or	a5,a5,a2
20004730:	fef50fa3          	sb	a5,-1(a0)
      t  = a->coeffs[8*i+j];
20004734:	ffe59603          	lh	a2,-2(a1)
      t <<= 1;
20004738:	0606                	slli	a2,a2,0x1
      t += 1665;
2000473a:	68160613          	addi	a2,a2,1665
      t *= 80635;
2000473e:	02e60633          	mul	a2,a2,a4
      t >>= 28;
20004742:	8271                	srli	a2,a2,0x1c
      msg[i] |= t << j;
20004744:	061e                	slli	a2,a2,0x7
20004746:	8fd1                	or	a5,a5,a2
20004748:	fef50fa3          	sb	a5,-1(a0)
  for(i=0;i<KYBER_N/8;i++) {
2000474c:	f2b69be3          	bne	a3,a1,20004682 <pqcrystals_kyber512_ref_poly_tomsg+0xa>
    }
  }
}
20004750:	8082                	ret

20004752 <pqcrystals_kyber512_ref_poly_getnoise_eta1>:
*              - const uint8_t *seed: pointer to input seed
*                                     (of length KYBER_SYMBYTES bytes)
*              - uint8_t nonce: one-byte input nonce
**************************************************/
void poly_getnoise_eta1(poly *r, const uint8_t seed[KYBER_SYMBYTES], uint8_t nonce)
{
20004752:	f3810113          	addi	sp,sp,-200
20004756:	c1a2                	sw	s0,192(sp)
20004758:	86b2                	mv	a3,a2
2000475a:	842a                	mv	s0,a0
  uint8_t buf[KYBER_ETA1*KYBER_N/4];
  prf(buf, sizeof(buf), seed, nonce);
2000475c:	862e                	mv	a2,a1
2000475e:	850a                	mv	a0,sp
20004760:	0c000593          	li	a1,192
{
20004764:	c386                	sw	ra,196(sp)
  prf(buf, sizeof(buf), seed, nonce);
20004766:	752000ef          	jal	20004eb8 <pqcrystals_kyber512_ref_kyber_shake256_prf>
  poly_cbd_eta1(r, buf);
2000476a:	858a                	mv	a1,sp
2000476c:	8522                	mv	a0,s0
2000476e:	9dbfc0ef          	jal	20001148 <pqcrystals_kyber512_ref_poly_cbd_eta1>
}
20004772:	409e                	lw	ra,196(sp)
20004774:	440e                	lw	s0,192(sp)
20004776:	0c810113          	addi	sp,sp,200
2000477a:	8082                	ret

2000477c <pqcrystals_kyber512_ref_poly_getnoise_eta2>:
*              - const uint8_t *seed: pointer to input seed
*                                     (of length KYBER_SYMBYTES bytes)
*              - uint8_t nonce: one-byte input nonce
**************************************************/
void poly_getnoise_eta2(poly *r, const uint8_t seed[KYBER_SYMBYTES], uint8_t nonce)
{
2000477c:	f7810113          	addi	sp,sp,-136
20004780:	c122                	sw	s0,128(sp)
20004782:	86b2                	mv	a3,a2
20004784:	842a                	mv	s0,a0
  uint8_t buf[KYBER_ETA2*KYBER_N/4];
  prf(buf, sizeof(buf), seed, nonce);
20004786:	862e                	mv	a2,a1
20004788:	850a                	mv	a0,sp
2000478a:	08000593          	li	a1,128
{
2000478e:	c306                	sw	ra,132(sp)
  prf(buf, sizeof(buf), seed, nonce);
20004790:	2725                	jal	20004eb8 <pqcrystals_kyber512_ref_kyber_shake256_prf>
  poly_cbd_eta2(r, buf);
20004792:	858a                	mv	a1,sp
20004794:	8522                	mv	a0,s0
20004796:	a77fc0ef          	jal	2000120c <pqcrystals_kyber512_ref_poly_cbd_eta2>
}
2000479a:	409a                	lw	ra,132(sp)
2000479c:	440a                	lw	s0,128(sp)
2000479e:	08810113          	addi	sp,sp,136
200047a2:	8082                	ret

200047a4 <pqcrystals_kyber512_ref_poly_ntt>:
*              inputs assumed to be in normal order, output in bitreversed order
*
* Arguments:   - uint16_t *r: pointer to in/output polynomial
**************************************************/
void poly_ntt(poly *r)
{
200047a4:	1151                	addi	sp,sp,-12
200047a6:	c222                	sw	s0,4(sp)
200047a8:	842a                	mv	s0,a0
200047aa:	c026                	sw	s1,0(sp)
200047ac:	c406                	sw	ra,8(sp)
200047ae:	20040493          	addi	s1,s0,512
  ntt(r->coeffs);
200047b2:	921ff0ef          	jal	200040d2 <pqcrystals_kyber512_ref_ntt>
**************************************************/
void poly_reduce(poly *r)
{
  unsigned int i;
  for(i=0;i<KYBER_N;i++)
    r->coeffs[i] = barrett_reduce(r->coeffs[i]);
200047b6:	00041503          	lh	a0,0(s0)
  for(i=0;i<KYBER_N;i++)
200047ba:	0409                	addi	s0,s0,2
    r->coeffs[i] = barrett_reduce(r->coeffs[i]);
200047bc:	29c1                	jal	20004c8c <pqcrystals_kyber512_ref_barrett_reduce>
200047be:	fea41f23          	sh	a0,-2(s0)
  for(i=0;i<KYBER_N;i++)
200047c2:	fe941ae3          	bne	s0,s1,200047b6 <pqcrystals_kyber512_ref_poly_ntt+0x12>
}
200047c6:	40a2                	lw	ra,8(sp)
200047c8:	4412                	lw	s0,4(sp)
200047ca:	4482                	lw	s1,0(sp)
200047cc:	0131                	addi	sp,sp,12
200047ce:	8082                	ret

200047d0 <pqcrystals_kyber512_ref_poly_invntt_tomont>:
  invntt(r->coeffs);
200047d0:	a21ff06f          	j	200041f0 <pqcrystals_kyber512_ref_invntt>

200047d4 <pqcrystals_kyber512_ref_poly_basemul_montgomery>:
  for(i=0;i<KYBER_N/4;i++) {
200047d4:	20001737          	lui	a4,0x20001
{
200047d8:	1111                	addi	sp,sp,-28
200047da:	200017b7          	lui	a5,0x20001
200047de:	8c870713          	addi	a4,a4,-1848 # 200008c8 <pqcrystals_kyber512_ref_zetas+0x100>
200047e2:	ca22                	sw	s0,20(sp)
200047e4:	c826                	sw	s1,16(sp)
200047e6:	cc06                	sw	ra,24(sp)
200047e8:	00450493          	addi	s1,a0,4
200047ec:	842e                	mv	s0,a1
200047ee:	c032                	sw	a2,0(sp)
200047f0:	84878793          	addi	a5,a5,-1976 # 20000848 <pqcrystals_kyber512_ref_zetas+0x80>
200047f4:	c63a                	sw	a4,12(sp)
    basemul(&r->coeffs[4*i], &a->coeffs[4*i], &b->coeffs[4*i], zetas[64+i]);
200047f6:	00079683          	lh	a3,0(a5)
200047fa:	4602                	lw	a2,0(sp)
200047fc:	85a2                	mv	a1,s0
200047fe:	ffc48513          	addi	a0,s1,-4
20004802:	c43e                	sw	a5,8(sp)
20004804:	c236                	sw	a3,4(sp)
20004806:	3625                	jal	2000432e <pqcrystals_kyber512_ref_basemul>
    basemul(&r->coeffs[4*i+2], &a->coeffs[4*i+2], &b->coeffs[4*i+2], -zetas[64+i]);
20004808:	4692                	lw	a3,4(sp)
2000480a:	4782                	lw	a5,0(sp)
2000480c:	00440593          	addi	a1,s0,4
20004810:	40d006b3          	neg	a3,a3
20004814:	06c2                	slli	a3,a3,0x10
20004816:	00478613          	addi	a2,a5,4
2000481a:	8526                	mv	a0,s1
2000481c:	86c1                	srai	a3,a3,0x10
2000481e:	3e01                	jal	2000432e <pqcrystals_kyber512_ref_basemul>
  for(i=0;i<KYBER_N/4;i++) {
20004820:	4702                	lw	a4,0(sp)
20004822:	47a2                	lw	a5,8(sp)
20004824:	0421                	addi	s0,s0,8
20004826:	0721                	addi	a4,a4,8
20004828:	c03a                	sw	a4,0(sp)
2000482a:	4732                	lw	a4,12(sp)
2000482c:	0789                	addi	a5,a5,2
2000482e:	04a1                	addi	s1,s1,8
20004830:	fce793e3          	bne	a5,a4,200047f6 <pqcrystals_kyber512_ref_poly_basemul_montgomery+0x22>
}
20004834:	40e2                	lw	ra,24(sp)
20004836:	4452                	lw	s0,20(sp)
20004838:	44c2                	lw	s1,16(sp)
2000483a:	0171                	addi	sp,sp,28
2000483c:	8082                	ret

2000483e <pqcrystals_kyber512_ref_poly_tomont>:
{
2000483e:	1151                	addi	sp,sp,-12
20004840:	c222                	sw	s0,4(sp)
20004842:	c026                	sw	s1,0(sp)
20004844:	c406                	sw	ra,8(sp)
20004846:	842a                	mv	s0,a0
20004848:	20050493          	addi	s1,a0,512
    r->coeffs[i] = montgomery_reduce((int32_t)r->coeffs[i]*f);
2000484c:	00041503          	lh	a0,0(s0)
20004850:	54900793          	li	a5,1353
  for(i=0;i<KYBER_N;i++)
20004854:	0409                	addi	s0,s0,2
    r->coeffs[i] = montgomery_reduce((int32_t)r->coeffs[i]*f);
20004856:	02f50533          	mul	a0,a0,a5
2000485a:	2911                	jal	20004c6e <pqcrystals_kyber512_ref_montgomery_reduce>
2000485c:	fea41f23          	sh	a0,-2(s0)
  for(i=0;i<KYBER_N;i++)
20004860:	fe9416e3          	bne	s0,s1,2000484c <pqcrystals_kyber512_ref_poly_tomont+0xe>
}
20004864:	40a2                	lw	ra,8(sp)
20004866:	4412                	lw	s0,4(sp)
20004868:	4482                	lw	s1,0(sp)
2000486a:	0131                	addi	sp,sp,12
2000486c:	8082                	ret

2000486e <pqcrystals_kyber512_ref_poly_reduce>:
{
2000486e:	1151                	addi	sp,sp,-12
20004870:	c222                	sw	s0,4(sp)
20004872:	c026                	sw	s1,0(sp)
20004874:	c406                	sw	ra,8(sp)
20004876:	842a                	mv	s0,a0
20004878:	20050493          	addi	s1,a0,512
    r->coeffs[i] = barrett_reduce(r->coeffs[i]);
2000487c:	00041503          	lh	a0,0(s0)
  for(i=0;i<KYBER_N;i++)
20004880:	0409                	addi	s0,s0,2
    r->coeffs[i] = barrett_reduce(r->coeffs[i]);
20004882:	2129                	jal	20004c8c <pqcrystals_kyber512_ref_barrett_reduce>
20004884:	fea41f23          	sh	a0,-2(s0)
  for(i=0;i<KYBER_N;i++)
20004888:	fe941ae3          	bne	s0,s1,2000487c <pqcrystals_kyber512_ref_poly_reduce+0xe>
}
2000488c:	40a2                	lw	ra,8(sp)
2000488e:	4412                	lw	s0,4(sp)
20004890:	4482                	lw	s1,0(sp)
20004892:	0131                	addi	sp,sp,12
20004894:	8082                	ret

20004896 <pqcrystals_kyber512_ref_poly_add>:
*            - const poly *a: pointer to first input polynomial
*            - const poly *b: pointer to second input polynomial
**************************************************/
void poly_add(poly *r, const poly *a, const poly *b)
{
  n_poly_add++;
20004896:	8f41a783          	lw	a5,-1804(gp) # 200100f4 <n_poly_add>
2000489a:	0785                	addi	a5,a5,1
2000489c:	8ef1aa23          	sw	a5,-1804(gp) # 200100f4 <n_poly_add>
200048a0:	b00023f3          	csrr	t2,mcycle
200048a4:	b80027f3          	csrr	a5,mcycleh
  uint32_t cnt1 = cpucycles();
200048a8:	4781                	li	a5,0
  unsigned int i;
  for(i=0;i<KYBER_N;i++)
200048aa:	20000293          	li	t0,512
    r->coeffs[i] = a->coeffs[i] + b->coeffs[i];
200048ae:	00f606b3          	add	a3,a2,a5
200048b2:	00f58733          	add	a4,a1,a5
200048b6:	0006d303          	lhu	t1,0(a3)
200048ba:	00075703          	lhu	a4,0(a4)
200048be:	00f506b3          	add	a3,a0,a5
  for(i=0;i<KYBER_N;i++)
200048c2:	0789                	addi	a5,a5,2
    r->coeffs[i] = a->coeffs[i] + b->coeffs[i];
200048c4:	971a                	add	a4,a4,t1
200048c6:	00e69023          	sh	a4,0(a3)
  for(i=0;i<KYBER_N;i++)
200048ca:	fe5792e3          	bne	a5,t0,200048ae <pqcrystals_kyber512_ref_poly_add+0x18>
200048ce:	b0002673          	csrr	a2,mcycle
200048d2:	b80027f3          	csrr	a5,mcycleh
  uint32_t cnt2 = cpucycles();
  if (poly_add_cyc != 0){
200048d6:	8e01a783          	lw	a5,-1824(gp) # 200100e0 <poly_add_cyc>
    poly_add_cyc = (poly_add_cyc + cnt2-cnt1) / 2;
  } else {
    poly_add_cyc = cnt2-cnt1;
200048da:	407606b3          	sub	a3,a2,t2
  if (poly_add_cyc != 0){
200048de:	c791                	beqz	a5,200048ea <pqcrystals_kyber512_ref_poly_add+0x54>
    poly_add_cyc = (poly_add_cyc + cnt2-cnt1) / 2;
200048e0:	407787b3          	sub	a5,a5,t2
200048e4:	97b2                	add	a5,a5,a2
200048e6:	0017d693          	srli	a3,a5,0x1
200048ea:	8ed1a023          	sw	a3,-1824(gp) # 200100e0 <poly_add_cyc>
  }
}
200048ee:	8082                	ret

200048f0 <pqcrystals_kyber512_ref_poly_sub>:
*            - const poly *a: pointer to first input polynomial
*            - const poly *b: pointer to second input polynomial
**************************************************/
void poly_sub(poly *r, const poly *a, const poly *b)
{
  n_poly_sub++;
200048f0:	8f01a783          	lw	a5,-1808(gp) # 200100f0 <n_poly_sub>
200048f4:	0785                	addi	a5,a5,1
200048f6:	8ef1a823          	sw	a5,-1808(gp) # 200100f0 <n_poly_sub>
200048fa:	b00023f3          	csrr	t2,mcycle
200048fe:	b80027f3          	csrr	a5,mcycleh
  uint32_t cnt1 = cpucycles();
20004902:	4781                	li	a5,0
  unsigned int i;
  for(i=0;i<KYBER_N;i++)
20004904:	20000293          	li	t0,512
    r->coeffs[i] = a->coeffs[i] - b->coeffs[i];
20004908:	00f606b3          	add	a3,a2,a5
2000490c:	00f58733          	add	a4,a1,a5
20004910:	0006d303          	lhu	t1,0(a3)
20004914:	00075703          	lhu	a4,0(a4)
20004918:	00f506b3          	add	a3,a0,a5
  for(i=0;i<KYBER_N;i++)
2000491c:	0789                	addi	a5,a5,2
    r->coeffs[i] = a->coeffs[i] - b->coeffs[i];
2000491e:	40670733          	sub	a4,a4,t1
20004922:	00e69023          	sh	a4,0(a3)
  for(i=0;i<KYBER_N;i++)
20004926:	fe5791e3          	bne	a5,t0,20004908 <pqcrystals_kyber512_ref_poly_sub+0x18>
2000492a:	b0002673          	csrr	a2,mcycle
2000492e:	b80027f3          	csrr	a5,mcycleh
  uint32_t cnt2 = cpucycles(); 
  if (poly_sub_cyc != 0){
20004932:	8e41a783          	lw	a5,-1820(gp) # 200100e4 <poly_sub_cyc>
    poly_sub_cyc = (poly_sub_cyc + cnt2-cnt1) / 2;
  } else {
    poly_sub_cyc = cnt2-cnt1;
20004936:	407606b3          	sub	a3,a2,t2
  if (poly_sub_cyc != 0){
2000493a:	c791                	beqz	a5,20004946 <pqcrystals_kyber512_ref_poly_sub+0x56>
    poly_sub_cyc = (poly_sub_cyc + cnt2-cnt1) / 2;
2000493c:	407787b3          	sub	a5,a5,t2
20004940:	97b2                	add	a5,a5,a2
20004942:	0017d693          	srli	a3,a5,0x1
20004946:	8ed1a223          	sw	a3,-1820(gp) # 200100e4 <poly_sub_cyc>
  }
}
2000494a:	8082                	ret

2000494c <pqcrystals_kyber512_ref_polyvec_compress>:
*                            (needs space for KYBER_POLYVECCOMPRESSEDBYTES)
*              - const polyvec *a: pointer to input vector of polynomials
**************************************************/
void polyvec_compress(uint8_t r[KYBER_POLYVECCOMPRESSEDBYTES], const polyvec *a)
{
  n_polyvec_compress++;
2000494c:	8bc1a783          	lw	a5,-1860(gp) # 200100bc <n_polyvec_compress>
{
20004950:	1131                	addi	sp,sp,-20
20004952:	c822                	sw	s0,16(sp)
  n_polyvec_compress++;
20004954:	00178713          	addi	a4,a5,1
{
20004958:	c626                	sw	s1,12(sp)
2000495a:	87aa                	mv	a5,a0
  n_polyvec_compress++;
2000495c:	8ae1ae23          	sw	a4,-1860(gp) # 200100bc <n_polyvec_compress>
20004960:	b0002673          	csrr	a2,mcycle
20004964:	b8002773          	csrr	a4,mcycleh
  uint16_t t[4];
  for(i=0;i<KYBER_K;i++) {
    for(j=0;j<KYBER_N/4;j++) {
      for(k=0;k<4;k++) {
        t[k]  = a->vec[i].coeffs[4*j+k];
        t[k] += ((int16_t)t[k] >> 15) & KYBER_Q;
20004968:	6305                	lui	t1,0x1
/*      t[k]  = ((((uint32_t)t[k] << 10) + KYBER_Q/2)/ KYBER_Q) & 0x3ff; */
        d0 = t[k];
        d0 <<= 10;
        d0 += 1665;
        d0 *= 1290167;
        d0 >>= 32;
2000496a:	0013b537          	lui	a0,0x13b
2000496e:	3c078693          	addi	a3,a5,960
20004972:	82ae                	mv	t0,a1
20004974:	14078493          	addi	s1,a5,320
        t[k] += ((int16_t)t[k] >> 15) & KYBER_Q;
20004978:	d0130313          	addi	t1,t1,-767 # d01 <__rodata_size+0x2bd>
        d0 >>= 32;
2000497c:	fb750513          	addi	a0,a0,-73 # 13afb7 <TotalFlashUsed+0x133843>
20004980:	c236                	sw	a3,4(sp)
20004982:	c432                	sw	a2,8(sp)
20004984:	ec048613          	addi	a2,s1,-320
{
20004988:	8596                	mv	a1,t0
2000498a:	c016                	sw	t0,0(sp)
        t[k]  = a->vec[i].coeffs[4*j+k];
2000498c:	00059783          	lh	a5,0(a1)
20004990:	00259403          	lh	s0,2(a1)
20004994:	00459383          	lh	t2,4(a1)
        t[k] += ((int16_t)t[k] >> 15) & KYBER_Q;
20004998:	40f7d693          	srai	a3,a5,0xf
        t[k]  = a->vec[i].coeffs[4*j+k];
2000499c:	00659283          	lh	t0,6(a1)
        t[k] += ((int16_t)t[k] >> 15) & KYBER_Q;
200049a0:	40f45713          	srai	a4,s0,0xf
200049a4:	0066f6b3          	and	a3,a3,t1
200049a8:	96be                	add	a3,a3,a5
200049aa:	00677733          	and	a4,a4,t1
200049ae:	40f3d793          	srai	a5,t2,0xf
200049b2:	0067f7b3          	and	a5,a5,t1
200049b6:	9722                	add	a4,a4,s0
200049b8:	979e                	add	a5,a5,t2
        d0 = t[k];
200049ba:	06c2                	slli	a3,a3,0x10
        t[k] += ((int16_t)t[k] >> 15) & KYBER_Q;
200049bc:	40f2d393          	srai	t2,t0,0xf
        d0 = t[k];
200049c0:	0742                	slli	a4,a4,0x10
        t[k] += ((int16_t)t[k] >> 15) & KYBER_Q;
200049c2:	0063f3b3          	and	t2,t2,t1
        d0 = t[k];
200049c6:	82c1                	srli	a3,a3,0x10
200049c8:	8341                	srli	a4,a4,0x10
200049ca:	07c2                	slli	a5,a5,0x10
        t[k] += ((int16_t)t[k] >> 15) & KYBER_Q;
200049cc:	929e                	add	t0,t0,t2
        d0 = t[k];
200049ce:	83c1                	srli	a5,a5,0x10
        d0 <<= 10;
200049d0:	06aa                	slli	a3,a3,0xa
200049d2:	072a                	slli	a4,a4,0xa
        d0 = t[k];
200049d4:	02c2                	slli	t0,t0,0x10
        d0 <<= 10;
200049d6:	07aa                	slli	a5,a5,0xa
        d0 += 1665;
200049d8:	68168693          	addi	a3,a3,1665
200049dc:	68170713          	addi	a4,a4,1665
        d0 >>= 32;
200049e0:	02a6b6b3          	mulhu	a3,a3,a0
        d0 = t[k];
200049e4:	0102d293          	srli	t0,t0,0x10
        d0 += 1665;
200049e8:	68178793          	addi	a5,a5,1665
        d0 <<= 10;
200049ec:	02aa                	slli	t0,t0,0xa
        d0 += 1665;
200049ee:	68128293          	addi	t0,t0,1665
      r[0] = (t[0] >> 0);
      r[1] = (t[0] >> 8) | (t[1] << 2);
      r[2] = (t[1] >> 6) | (t[2] << 4);
      r[3] = (t[2] >> 4) | (t[3] << 6);
      r[4] = (t[3] >> 2);
      r += 5;
200049f2:	0615                	addi	a2,a2,5
    for(j=0;j<KYBER_N/4;j++) {
200049f4:	05a1                	addi	a1,a1,8
        d0 >>= 32;
200049f6:	02a73733          	mulhu	a4,a4,a0
        t[k] = d0 & 0x3ff;
200049fa:	3ff6f693          	andi	a3,a3,1023
      r[1] = (t[0] >> 8) | (t[1] << 2);
200049fe:	0086d393          	srli	t2,a3,0x8
      r[0] = (t[0] >> 0);
20004a02:	fed60da3          	sb	a3,-5(a2)
        d0 >>= 32;
20004a06:	02a7b7b3          	mulhu	a5,a5,a0
        t[k] = d0 & 0x3ff;
20004a0a:	3ff77713          	andi	a4,a4,1023
      r[1] = (t[0] >> 8) | (t[1] << 2);
20004a0e:	00271693          	slli	a3,a4,0x2
20004a12:	00d3e3b3          	or	t2,t2,a3
      r[2] = (t[1] >> 6) | (t[2] << 4);
20004a16:	8319                	srli	a4,a4,0x6
      r[1] = (t[0] >> 8) | (t[1] << 2);
20004a18:	fe760e23          	sb	t2,-4(a2)
        d0 >>= 32;
20004a1c:	02a2b2b3          	mulhu	t0,t0,a0
        t[k] = d0 & 0x3ff;
20004a20:	3ff7f793          	andi	a5,a5,1023
      r[2] = (t[1] >> 6) | (t[2] << 4);
20004a24:	00479693          	slli	a3,a5,0x4
20004a28:	8f55                	or	a4,a4,a3
20004a2a:	fee60ea3          	sb	a4,-3(a2)
      r[3] = (t[2] >> 4) | (t[3] << 6);
20004a2e:	8391                	srli	a5,a5,0x4
        t[k] = d0 & 0x3ff;
20004a30:	3ff2f293          	andi	t0,t0,1023
      r[3] = (t[2] >> 4) | (t[3] << 6);
20004a34:	00629713          	slli	a4,t0,0x6
20004a38:	8fd9                	or	a5,a5,a4
      r[4] = (t[3] >> 2);
20004a3a:	0022d293          	srli	t0,t0,0x2
      r[3] = (t[2] >> 4) | (t[3] << 6);
20004a3e:	fef60f23          	sb	a5,-2(a2)
      r[4] = (t[3] >> 2);
20004a42:	fe560fa3          	sb	t0,-1(a2)
    for(j=0;j<KYBER_N/4;j++) {
20004a46:	f49613e3          	bne	a2,s1,2000498c <pqcrystals_kyber512_ref_polyvec_compress+0x40>
  for(i=0;i<KYBER_K;i++) {
20004a4a:	4282                	lw	t0,0(sp)
20004a4c:	4792                	lw	a5,4(sp)
20004a4e:	14060493          	addi	s1,a2,320
20004a52:	20028293          	addi	t0,t0,512
20004a56:	f29797e3          	bne	a5,s1,20004984 <pqcrystals_kyber512_ref_polyvec_compress+0x38>
20004a5a:	4622                	lw	a2,8(sp)
20004a5c:	b00025f3          	csrr	a1,mcycle
20004a60:	b80027f3          	csrr	a5,mcycleh
  }
#else
#error "KYBER_POLYVECCOMPRESSEDBYTES needs to be in {320*KYBER_K, 352*KYBER_K}"
#endif
  uint32_t cnt2 = cpucycles();
  if (polyvec_compress_cyc != 0){
20004a64:	8b41a783          	lw	a5,-1868(gp) # 200100b4 <polyvec_compress_cyc>
    polyvec_compress_cyc = (polyvec_compress_cyc + cnt2-cnt1) / 2;
  } else {
    polyvec_compress_cyc = cnt2-cnt1;
20004a68:	40c586b3          	sub	a3,a1,a2
  if (polyvec_compress_cyc != 0){
20004a6c:	c789                	beqz	a5,20004a76 <pqcrystals_kyber512_ref_polyvec_compress+0x12a>
    polyvec_compress_cyc = (polyvec_compress_cyc + cnt2-cnt1) / 2;
20004a6e:	8f91                	sub	a5,a5,a2
20004a70:	97ae                	add	a5,a5,a1
20004a72:	0017d693          	srli	a3,a5,0x1
  } 
}
20004a76:	4442                	lw	s0,16(sp)
20004a78:	8ad1aa23          	sw	a3,-1868(gp) # 200100b4 <polyvec_compress_cyc>
20004a7c:	44b2                	lw	s1,12(sp)
20004a7e:	0151                	addi	sp,sp,20
20004a80:	8082                	ret

20004a82 <pqcrystals_kyber512_ref_polyvec_decompress>:
*              - const uint8_t *a: pointer to input byte array
*                                  (of length KYBER_POLYVECCOMPRESSEDBYTES)
**************************************************/
void polyvec_decompress(polyvec *r, const uint8_t a[KYBER_POLYVECCOMPRESSEDBYTES])
{
  n_polyvec_decompress++;
20004a82:	8b81a783          	lw	a5,-1864(gp) # 200100b8 <n_polyvec_decompress>
{
20004a86:	1141                	addi	sp,sp,-16
20004a88:	c622                	sw	s0,12(sp)
  n_polyvec_decompress++;
20004a8a:	00178713          	addi	a4,a5,1
{
20004a8e:	c426                	sw	s1,8(sp)
20004a90:	87ae                	mv	a5,a1
  n_polyvec_decompress++;
20004a92:	8ae1ac23          	sw	a4,-1864(gp) # 200100b8 <n_polyvec_decompress>
20004a96:	b00025f3          	csrr	a1,mcycle
20004a9a:	b8002773          	csrr	a4,mcycleh
      t[2] = (a[2] >> 4) | ((uint16_t)a[3] << 4);
      t[3] = (a[3] >> 6) | ((uint16_t)a[4] << 2);
      a += 5;

      for(k=0;k<4;k++)
        r->vec[i].coeffs[4*j+k] = ((uint32_t)(t[k] & 0x3FF)*KYBER_Q + 512) >> 10;
20004a9e:	6305                	lui	t1,0x1
20004aa0:	3c078393          	addi	t2,a5,960
20004aa4:	82aa                	mv	t0,a0
20004aa6:	14078413          	addi	s0,a5,320
20004aaa:	d0130313          	addi	t1,t1,-767 # d01 <__rodata_size+0x2bd>
20004aae:	c21e                	sw	t2,4(sp)
20004ab0:	84ae                	mv	s1,a1
20004ab2:	ec040593          	addi	a1,s0,-320
{
20004ab6:	8516                	mv	a0,t0
20004ab8:	c016                	sw	t0,0(sp)
      t[2] = (a[2] >> 4) | ((uint16_t)a[3] << 4);
20004aba:	0035c683          	lbu	a3,3(a1)
      t[3] = (a[3] >> 6) | ((uint16_t)a[4] << 2);
20004abe:	0045c603          	lbu	a2,4(a1)
      t[1] = (a[1] >> 2) | ((uint16_t)a[2] << 6);
20004ac2:	0025c703          	lbu	a4,2(a1)
20004ac6:	0015c783          	lbu	a5,1(a1)
20004aca:	0005c283          	lbu	t0,0(a1)
      t[3] = (a[3] >> 6) | ((uint16_t)a[4] << 2);
20004ace:	0066d393          	srli	t2,a3,0x6
20004ad2:	060a                	slli	a2,a2,0x2
20004ad4:	00766633          	or	a2,a2,t2
      t[2] = (a[2] >> 4) | ((uint16_t)a[3] << 4);
20004ad8:	0692                	slli	a3,a3,0x4
20004ada:	00475393          	srli	t2,a4,0x4
20004ade:	0076e6b3          	or	a3,a3,t2
      t[1] = (a[1] >> 2) | ((uint16_t)a[2] << 6);
20004ae2:	071a                	slli	a4,a4,0x6
20004ae4:	0027d393          	srli	t2,a5,0x2
20004ae8:	07a2                	slli	a5,a5,0x8
      t[3] = (a[3] >> 6) | ((uint16_t)a[4] << 2);
20004aea:	0642                	slli	a2,a2,0x10
      t[1] = (a[1] >> 2) | ((uint16_t)a[2] << 6);
20004aec:	00776733          	or	a4,a4,t2
20004af0:	0057e7b3          	or	a5,a5,t0
      t[3] = (a[3] >> 6) | ((uint16_t)a[4] << 2);
20004af4:	8641                	srai	a2,a2,0x10
        r->vec[i].coeffs[4*j+k] = ((uint32_t)(t[k] & 0x3FF)*KYBER_Q + 512) >> 10;
20004af6:	3ff6f693          	andi	a3,a3,1023
20004afa:	3ff77713          	andi	a4,a4,1023
20004afe:	3ff7f793          	andi	a5,a5,1023
20004b02:	02660633          	mul	a2,a2,t1
      a += 5;
20004b06:	0595                	addi	a1,a1,5
    for(j=0;j<KYBER_N/4;j++) {
20004b08:	0521                	addi	a0,a0,8
        r->vec[i].coeffs[4*j+k] = ((uint32_t)(t[k] & 0x3FF)*KYBER_Q + 512) >> 10;
20004b0a:	026686b3          	mul	a3,a3,t1
20004b0e:	20060613          	addi	a2,a2,512
20004b12:	8229                	srli	a2,a2,0xa
20004b14:	fec51f23          	sh	a2,-2(a0)
20004b18:	02670733          	mul	a4,a4,t1
20004b1c:	20068693          	addi	a3,a3,512
20004b20:	82a9                	srli	a3,a3,0xa
20004b22:	fed51e23          	sh	a3,-4(a0)
20004b26:	026787b3          	mul	a5,a5,t1
20004b2a:	20070713          	addi	a4,a4,512
20004b2e:	8329                	srli	a4,a4,0xa
20004b30:	fee51d23          	sh	a4,-6(a0)
20004b34:	20078793          	addi	a5,a5,512
20004b38:	83a9                	srli	a5,a5,0xa
20004b3a:	fef51c23          	sh	a5,-8(a0)
    for(j=0;j<KYBER_N/4;j++) {
20004b3e:	f6859ee3          	bne	a1,s0,20004aba <pqcrystals_kyber512_ref_polyvec_decompress+0x38>
  for(i=0;i<KYBER_K;i++) {
20004b42:	4282                	lw	t0,0(sp)
20004b44:	4792                	lw	a5,4(sp)
20004b46:	14058413          	addi	s0,a1,320
20004b4a:	20028293          	addi	t0,t0,512
20004b4e:	f68792e3          	bne	a5,s0,20004ab2 <pqcrystals_kyber512_ref_polyvec_decompress+0x30>
20004b52:	b0002673          	csrr	a2,mcycle
20004b56:	b80027f3          	csrr	a5,mcycleh
  }
#else
#error "KYBER_POLYVECCOMPRESSEDBYTES needs to be in {320*KYBER_K, 352*KYBER_K}"
#endif
    uint32_t cnt2 = cpucycles();
  if (polyvec_decompress_cyc != 0){
20004b5a:	8b01a783          	lw	a5,-1872(gp) # 200100b0 <polyvec_decompress_cyc>
    polyvec_decompress_cyc = (polyvec_decompress_cyc + cnt2-cnt1) / 2;
  } else {
    polyvec_decompress_cyc = cnt2-cnt1;
20004b5e:	409606b3          	sub	a3,a2,s1
  if (polyvec_decompress_cyc != 0){
20004b62:	c789                	beqz	a5,20004b6c <pqcrystals_kyber512_ref_polyvec_decompress+0xea>
    polyvec_decompress_cyc = (polyvec_decompress_cyc + cnt2-cnt1) / 2;
20004b64:	8f85                	sub	a5,a5,s1
20004b66:	97b2                	add	a5,a5,a2
20004b68:	0017d693          	srli	a3,a5,0x1
  }
}
20004b6c:	4432                	lw	s0,12(sp)
20004b6e:	8ad1a823          	sw	a3,-1872(gp) # 200100b0 <polyvec_decompress_cyc>
20004b72:	44a2                	lw	s1,8(sp)
20004b74:	0141                	addi	sp,sp,16
20004b76:	8082                	ret

20004b78 <pqcrystals_kyber512_ref_polyvec_tobytes>:
* Arguments:   - uint8_t *r: pointer to output byte array
*                            (needs space for KYBER_POLYVECBYTES)
*              - const polyvec *a: pointer to input vector of polynomials
**************************************************/
void polyvec_tobytes(uint8_t r[KYBER_POLYVECBYTES], const polyvec *a)
{
20004b78:	1151                	addi	sp,sp,-12
20004b7a:	c222                	sw	s0,4(sp)
20004b7c:	c026                	sw	s1,0(sp)
20004b7e:	c406                	sw	ra,8(sp)
20004b80:	842a                	mv	s0,a0
20004b82:	84ae                	mv	s1,a1
  unsigned int i;
  for(i=0;i<KYBER_K;i++)
    poly_tobytes(r+i*KYBER_POLYBYTES, &a->vec[i]);
20004b84:	a0fff0ef          	jal	20004592 <pqcrystals_kyber512_ref_poly_tobytes>
20004b88:	18040513          	addi	a0,s0,384
}
20004b8c:	4412                	lw	s0,4(sp)
20004b8e:	40a2                	lw	ra,8(sp)
    poly_tobytes(r+i*KYBER_POLYBYTES, &a->vec[i]);
20004b90:	20048593          	addi	a1,s1,512
}
20004b94:	4482                	lw	s1,0(sp)
20004b96:	0131                	addi	sp,sp,12
    poly_tobytes(r+i*KYBER_POLYBYTES, &a->vec[i]);
20004b98:	9fbff06f          	j	20004592 <pqcrystals_kyber512_ref_poly_tobytes>

20004b9c <pqcrystals_kyber512_ref_polyvec_frombytes>:
* Arguments:   - uint8_t *r:       pointer to output byte array
*              - const polyvec *a: pointer to input vector of polynomials
*                                  (of length KYBER_POLYVECBYTES)
**************************************************/
void polyvec_frombytes(polyvec *r, const uint8_t a[KYBER_POLYVECBYTES])
{
20004b9c:	1151                	addi	sp,sp,-12
20004b9e:	c222                	sw	s0,4(sp)
20004ba0:	c026                	sw	s1,0(sp)
20004ba2:	c406                	sw	ra,8(sp)
20004ba4:	842a                	mv	s0,a0
20004ba6:	84ae                	mv	s1,a1
  unsigned int i;
  for(i=0;i<KYBER_K;i++)
    poly_frombytes(&r->vec[i], a+i*KYBER_POLYBYTES);
20004ba8:	a3dff0ef          	jal	200045e4 <pqcrystals_kyber512_ref_poly_frombytes>
20004bac:	20040513          	addi	a0,s0,512
}
20004bb0:	4412                	lw	s0,4(sp)
20004bb2:	40a2                	lw	ra,8(sp)
    poly_frombytes(&r->vec[i], a+i*KYBER_POLYBYTES);
20004bb4:	18048593          	addi	a1,s1,384
}
20004bb8:	4482                	lw	s1,0(sp)
20004bba:	0131                	addi	sp,sp,12
    poly_frombytes(&r->vec[i], a+i*KYBER_POLYBYTES);
20004bbc:	a29ff06f          	j	200045e4 <pqcrystals_kyber512_ref_poly_frombytes>

20004bc0 <pqcrystals_kyber512_ref_polyvec_ntt>:
* Description: Apply forward NTT to all elements of a vector of polynomials
*
* Arguments:   - polyvec *r: pointer to in/output vector of polynomials
**************************************************/
void polyvec_ntt(polyvec *r)
{
20004bc0:	1161                	addi	sp,sp,-8
20004bc2:	c022                	sw	s0,0(sp)
20004bc4:	c206                	sw	ra,4(sp)
20004bc6:	842a                	mv	s0,a0
  unsigned int i;
  for(i=0;i<KYBER_K;i++)
    poly_ntt(&r->vec[i]);
20004bc8:	3ef1                	jal	200047a4 <pqcrystals_kyber512_ref_poly_ntt>
20004bca:	20040513          	addi	a0,s0,512
}
20004bce:	4402                	lw	s0,0(sp)
20004bd0:	4092                	lw	ra,4(sp)
20004bd2:	0121                	addi	sp,sp,8
    poly_ntt(&r->vec[i]);
20004bd4:	bec1                	j	200047a4 <pqcrystals_kyber512_ref_poly_ntt>

20004bd6 <pqcrystals_kyber512_ref_polyvec_invntt_tomont>:
*              and multiply by Montgomery factor 2^16
*
* Arguments:   - polyvec *r: pointer to in/output vector of polynomials
**************************************************/
void polyvec_invntt_tomont(polyvec *r)
{
20004bd6:	1161                	addi	sp,sp,-8
20004bd8:	c022                	sw	s0,0(sp)
20004bda:	c206                	sw	ra,4(sp)
20004bdc:	842a                	mv	s0,a0
  unsigned int i;
  for(i=0;i<KYBER_K;i++)
    poly_invntt_tomont(&r->vec[i]);
20004bde:	3ecd                	jal	200047d0 <pqcrystals_kyber512_ref_poly_invntt_tomont>
20004be0:	20040513          	addi	a0,s0,512
}
20004be4:	4402                	lw	s0,0(sp)
20004be6:	4092                	lw	ra,4(sp)
20004be8:	0121                	addi	sp,sp,8
    poly_invntt_tomont(&r->vec[i]);
20004bea:	b6dd                	j	200047d0 <pqcrystals_kyber512_ref_poly_invntt_tomont>

20004bec <pqcrystals_kyber512_ref_polyvec_basemul_acc_montgomery>:
* Arguments: - poly *r: pointer to output polynomial
*            - const polyvec *a: pointer to first input vector of polynomials
*            - const polyvec *b: pointer to second input vector of polynomials
**************************************************/
void polyvec_basemul_acc_montgomery(poly *r, const polyvec *a, const polyvec *b)
{
20004bec:	df010113          	addi	sp,sp,-528
20004bf0:	20112623          	sw	ra,524(sp)
20004bf4:	20812423          	sw	s0,520(sp)
20004bf8:	20912223          	sw	s1,516(sp)
20004bfc:	842a                	mv	s0,a0
20004bfe:	84ae                	mv	s1,a1
20004c00:	c032                	sw	a2,0(sp)
  unsigned int i;
  poly t;

  poly_basemul_montgomery(r, &a->vec[0], &b->vec[0]);
20004c02:	3ec9                	jal	200047d4 <pqcrystals_kyber512_ref_poly_basemul_montgomery>
  for(i=1;i<KYBER_K;i++) {
    poly_basemul_montgomery(&t, &a->vec[i], &b->vec[i]);
20004c04:	4782                	lw	a5,0(sp)
20004c06:	20048593          	addi	a1,s1,512
20004c0a:	0048                	addi	a0,sp,4
20004c0c:	20078613          	addi	a2,a5,512
20004c10:	36d1                	jal	200047d4 <pqcrystals_kyber512_ref_poly_basemul_montgomery>
    poly_add(r, r, &t);
20004c12:	0050                	addi	a2,sp,4
20004c14:	85a2                	mv	a1,s0
20004c16:	8522                	mv	a0,s0
20004c18:	39bd                	jal	20004896 <pqcrystals_kyber512_ref_poly_add>
  }

  poly_reduce(r);
20004c1a:	8522                	mv	a0,s0
20004c1c:	3989                	jal	2000486e <pqcrystals_kyber512_ref_poly_reduce>
}
20004c1e:	20c12083          	lw	ra,524(sp)
20004c22:	20812403          	lw	s0,520(sp)
20004c26:	20412483          	lw	s1,516(sp)
20004c2a:	21010113          	addi	sp,sp,528
20004c2e:	8082                	ret

20004c30 <pqcrystals_kyber512_ref_polyvec_reduce>:
*              for details of the Barrett reduction see comments in reduce.c
*
* Arguments:   - polyvec *r: pointer to input/output polynomial
**************************************************/
void polyvec_reduce(polyvec *r)
{
20004c30:	1161                	addi	sp,sp,-8
20004c32:	c022                	sw	s0,0(sp)
20004c34:	c206                	sw	ra,4(sp)
20004c36:	842a                	mv	s0,a0
  unsigned int i;
  for(i=0;i<KYBER_K;i++)
    poly_reduce(&r->vec[i]);
20004c38:	391d                	jal	2000486e <pqcrystals_kyber512_ref_poly_reduce>
20004c3a:	20040513          	addi	a0,s0,512
}
20004c3e:	4402                	lw	s0,0(sp)
20004c40:	4092                	lw	ra,4(sp)
20004c42:	0121                	addi	sp,sp,8
    poly_reduce(&r->vec[i]);
20004c44:	b12d                	j	2000486e <pqcrystals_kyber512_ref_poly_reduce>

20004c46 <pqcrystals_kyber512_ref_polyvec_add>:
* Arguments: - polyvec *r: pointer to output vector of polynomials
*            - const polyvec *a: pointer to first input vector of polynomials
*            - const polyvec *b: pointer to second input vector of polynomials
**************************************************/
void polyvec_add(polyvec *r, const polyvec *a, const polyvec *b)
{
20004c46:	1141                	addi	sp,sp,-16
20004c48:	c422                	sw	s0,8(sp)
20004c4a:	c226                	sw	s1,4(sp)
20004c4c:	c606                	sw	ra,12(sp)
20004c4e:	842a                	mv	s0,a0
20004c50:	84ae                	mv	s1,a1
20004c52:	c032                	sw	a2,0(sp)
  unsigned int i;
  for(i=0;i<KYBER_K;i++)
    poly_add(&r->vec[i], &a->vec[i], &b->vec[i]);
20004c54:	3189                	jal	20004896 <pqcrystals_kyber512_ref_poly_add>
20004c56:	4782                	lw	a5,0(sp)
20004c58:	20040513          	addi	a0,s0,512
}
20004c5c:	4422                	lw	s0,8(sp)
20004c5e:	40b2                	lw	ra,12(sp)
    poly_add(&r->vec[i], &a->vec[i], &b->vec[i]);
20004c60:	20048593          	addi	a1,s1,512
}
20004c64:	4492                	lw	s1,4(sp)
    poly_add(&r->vec[i], &a->vec[i], &b->vec[i]);
20004c66:	20078613          	addi	a2,a5,512
}
20004c6a:	0141                	addi	sp,sp,16
    poly_add(&r->vec[i], &a->vec[i], &b->vec[i]);
20004c6c:	b12d                	j	20004896 <pqcrystals_kyber512_ref_poly_add>

20004c6e <pqcrystals_kyber512_ref_montgomery_reduce>:
int16_t montgomery_reduce(int32_t a)
{
  //uint32_t cnt1 = cpucycles();
  int16_t t;

  t = (int16_t)a*QINV;
20004c6e:	77fd                	lui	a5,0xfffff
20004c70:	30178793          	addi	a5,a5,769 # fffff301 <__StackTop+0xdffdf301>
20004c74:	02f507b3          	mul	a5,a0,a5
  t = (a - (int32_t)t*KYBER_Q) >> 16;
20004c78:	777d                	lui	a4,0xfffff
20004c7a:	2ff70713          	addi	a4,a4,767 # fffff2ff <__StackTop+0xdffdf2ff>
20004c7e:	07c2                	slli	a5,a5,0x10
20004c80:	87c1                	srai	a5,a5,0x10
20004c82:	02e787b3          	mul	a5,a5,a4
20004c86:	953e                	add	a0,a0,a5
  } else {
    montgomery_cyc = cnt2-cnt1;
  }
  */
  return t;
}
20004c88:	8541                	srai	a0,a0,0x10
20004c8a:	8082                	ret

20004c8c <pqcrystals_kyber512_ref_barrett_reduce>:
int16_t barrett_reduce(int16_t a) {
  //uint32_t cnt1 = cpucycles();
  int16_t t;
  const int16_t v = ((1<<26) + KYBER_Q/2)/KYBER_Q;

  t  = ((int32_t)v*a + (1<<25)) >> 26;
20004c8c:	6795                	lui	a5,0x5
20004c8e:	ebf78793          	addi	a5,a5,-321 # 4ebf <Stack_Size+0x3ebf>
20004c92:	02f507b3          	mul	a5,a0,a5
20004c96:	020006b7          	lui	a3,0x2000
  t *= KYBER_Q;
20004c9a:	6705                	lui	a4,0x1
20004c9c:	d0170713          	addi	a4,a4,-767 # d01 <__rodata_size+0x2bd>
  t  = ((int32_t)v*a + (1<<25)) >> 26;
20004ca0:	97b6                	add	a5,a5,a3
20004ca2:	87e9                	srai	a5,a5,0x1a
  t *= KYBER_Q;
20004ca4:	02e787b3          	mul	a5,a5,a4
    barrett_cyc = (montgomery_cyc + cnt2-cnt1) / 2;
  } else {
    barrett_cyc = cnt2-cnt1;
  }
  */
  return a - t;
20004ca8:	8d1d                	sub	a0,a0,a5
}
20004caa:	0542                	slli	a0,a0,0x10
20004cac:	8541                	srai	a0,a0,0x10
20004cae:	8082                	ret

20004cb0 <pqcrystals_kyber512_ref_verify>:
int verify(const uint8_t *a, const uint8_t *b, size_t len)
{
  size_t i;
  uint8_t r = 0;

  for(i=0;i<len;i++)
20004cb0:	c261                	beqz	a2,20004d70 <pqcrystals_kyber512_ref_verify+0xc0>
20004cb2:	fff60793          	addi	a5,a2,-1
20004cb6:	4719                	li	a4,6
20004cb8:	08f77d63          	bgeu	a4,a5,20004d52 <pqcrystals_kyber512_ref_verify+0xa2>
20004cbc:	00a5e7b3          	or	a5,a1,a0
20004cc0:	8b8d                	andi	a5,a5,3
20004cc2:	ebc1                	bnez	a5,20004d52 <pqcrystals_kyber512_ref_verify+0xa2>
{
20004cc4:	1171                	addi	sp,sp,-4
20004cc6:	ffc67393          	andi	t2,a2,-4
20004cca:	c022                	sw	s0,0(sp)
20004ccc:	007502b3          	add	t0,a0,t2
20004cd0:	87aa                	mv	a5,a0
20004cd2:	86ae                	mv	a3,a1
  for(i=0;i<len;i++)
20004cd4:	4301                	li	t1,0
    r |= a[i] ^ b[i];
20004cd6:	4298                	lw	a4,0(a3)
20004cd8:	4380                	lw	s0,0(a5)
20004cda:	0791                	addi	a5,a5,4
20004cdc:	0691                	addi	a3,a3,4 # 2000004 <TotalFlashUsed+0x1ff8890>
20004cde:	8f21                	xor	a4,a4,s0
20004ce0:	00676333          	or	t1,a4,t1
  for(i=0;i<len;i++)
20004ce4:	fef299e3          	bne	t0,a5,20004cd6 <pqcrystals_kyber512_ref_verify+0x26>
20004ce8:	00835793          	srli	a5,t1,0x8
20004cec:	00f367b3          	or	a5,t1,a5
20004cf0:	01035713          	srli	a4,t1,0x10
20004cf4:	8fd9                	or	a5,a5,a4
20004cf6:	01835313          	srli	t1,t1,0x18
20004cfa:	0067e7b3          	or	a5,a5,t1
20004cfe:	0ff7f793          	zext.b	a5,a5
20004d02:	04760363          	beq	a2,t2,20004d48 <pqcrystals_kyber512_ref_verify+0x98>
    r |= a[i] ^ b[i];
20004d06:	00758733          	add	a4,a1,t2
20004d0a:	00074303          	lbu	t1,0(a4)
20004d0e:	0002c683          	lbu	a3,0(t0)
  for(i=0;i<len;i++)
20004d12:	00138713          	addi	a4,t2,1
    r |= a[i] ^ b[i];
20004d16:	0066c6b3          	xor	a3,a3,t1
20004d1a:	8fd5                	or	a5,a5,a3
  for(i=0;i<len;i++)
20004d1c:	02c77663          	bgeu	a4,a2,20004d48 <pqcrystals_kyber512_ref_verify+0x98>
    r |= a[i] ^ b[i];
20004d20:	00e506b3          	add	a3,a0,a4
20004d24:	972e                	add	a4,a4,a1
20004d26:	0006c683          	lbu	a3,0(a3)
20004d2a:	00074703          	lbu	a4,0(a4)
  for(i=0;i<len;i++)
20004d2e:	0389                	addi	t2,t2,2
    r |= a[i] ^ b[i];
20004d30:	8f35                	xor	a4,a4,a3
20004d32:	8fd9                	or	a5,a5,a4
  for(i=0;i<len;i++)
20004d34:	00c3fa63          	bgeu	t2,a2,20004d48 <pqcrystals_kyber512_ref_verify+0x98>
    r |= a[i] ^ b[i];
20004d38:	959e                	add	a1,a1,t2
20004d3a:	93aa                	add	t2,t2,a0
20004d3c:	0005c703          	lbu	a4,0(a1)
20004d40:	0003c683          	lbu	a3,0(t2)
20004d44:	8f35                	xor	a4,a4,a3
20004d46:	8fd9                	or	a5,a5,a4

  return (-(uint64_t)r) >> 63;
}
20004d48:	4402                	lw	s0,0(sp)
  return (-(uint64_t)r) >> 63;
20004d4a:	00f03533          	snez	a0,a5
}
20004d4e:	0111                	addi	sp,sp,4
20004d50:	8082                	ret
20004d52:	962a                	add	a2,a2,a0
  uint8_t r = 0;
20004d54:	4781                	li	a5,0
    r |= a[i] ^ b[i];
20004d56:	0005c703          	lbu	a4,0(a1)
20004d5a:	00054683          	lbu	a3,0(a0)
  for(i=0;i<len;i++)
20004d5e:	0505                	addi	a0,a0,1
20004d60:	0585                	addi	a1,a1,1
    r |= a[i] ^ b[i];
20004d62:	8f35                	xor	a4,a4,a3
20004d64:	8fd9                	or	a5,a5,a4
  for(i=0;i<len;i++)
20004d66:	fea618e3          	bne	a2,a0,20004d56 <pqcrystals_kyber512_ref_verify+0xa6>
  return (-(uint64_t)r) >> 63;
20004d6a:	00f03533          	snez	a0,a5
}
20004d6e:	8082                	ret
  for(i=0;i<len;i++)
20004d70:	4501                	li	a0,0
  return (-(uint64_t)r) >> 63;
20004d72:	8082                	ret

20004d74 <pqcrystals_kyber512_ref_cmov>:
  // change how it is built.
  __asm__("" : "+r"(b) : /* no inputs */);
#endif

  b = -b;
  for(i=0;i<len;i++)
20004d74:	ca65                	beqz	a2,20004e64 <pqcrystals_kyber512_ref_cmov+0xf0>
20004d76:	40d006b3          	neg	a3,a3
20004d7a:	fff60793          	addi	a5,a2,-1
20004d7e:	470d                	li	a4,3
20004d80:	0ff6f313          	zext.b	t1,a3
20004d84:	0cf77063          	bgeu	a4,a5,20004e44 <pqcrystals_kyber512_ref_cmov+0xd0>
20004d88:	00a5e7b3          	or	a5,a1,a0
20004d8c:	8ff9                	and	a5,a5,a4
20004d8e:	ebdd                	bnez	a5,20004e44 <pqcrystals_kyber512_ref_cmov+0xd0>
20004d90:	00158793          	addi	a5,a1,1
20004d94:	40f507b3          	sub	a5,a0,a5
20004d98:	0037b793          	sltiu	a5,a5,3
20004d9c:	e7c5                	bnez	a5,20004e44 <pqcrystals_kyber512_ref_cmov+0xd0>
20004d9e:	00831293          	slli	t0,t1,0x8
{
20004da2:	1161                	addi	sp,sp,-8
20004da4:	01031793          	slli	a5,t1,0x10
20004da8:	005362b3          	or	t0,t1,t0
20004dac:	00f2e2b3          	or	t0,t0,a5
20004db0:	c222                	sw	s0,4(sp)
20004db2:	01831793          	slli	a5,t1,0x18
20004db6:	ffc67413          	andi	s0,a2,-4
20004dba:	c026                	sw	s1,0(sp)
20004dbc:	00f2e2b3          	or	t0,t0,a5
20004dc0:	008503b3          	add	t2,a0,s0
20004dc4:	872a                	mv	a4,a0
20004dc6:	86ae                	mv	a3,a1
    r[i] ^= b & (r[i] ^ x[i]);
20004dc8:	4304                	lw	s1,0(a4)
20004dca:	429c                	lw	a5,0(a3)
20004dcc:	0711                	addi	a4,a4,4
20004dce:	0691                	addi	a3,a3,4
20004dd0:	8fa5                	xor	a5,a5,s1
20004dd2:	0057f7b3          	and	a5,a5,t0
20004dd6:	8fa5                	xor	a5,a5,s1
20004dd8:	fef72e23          	sw	a5,-4(a4)
  for(i=0;i<len;i++)
20004ddc:	fee396e3          	bne	t2,a4,20004dc8 <pqcrystals_kyber512_ref_cmov+0x54>
20004de0:	04860e63          	beq	a2,s0,20004e3c <pqcrystals_kyber512_ref_cmov+0xc8>
    r[i] ^= b & (r[i] ^ x[i]);
20004de4:	008587b3          	add	a5,a1,s0
20004de8:	0003c703          	lbu	a4,0(t2)
20004dec:	0007c783          	lbu	a5,0(a5)
  for(i=0;i<len;i++)
20004df0:	00140693          	addi	a3,s0,1
    r[i] ^= b & (r[i] ^ x[i]);
20004df4:	8fb9                	xor	a5,a5,a4
20004df6:	00f377b3          	and	a5,t1,a5
20004dfa:	8f3d                	xor	a4,a4,a5
20004dfc:	00e38023          	sb	a4,0(t2)
  for(i=0;i<len;i++)
20004e00:	02c6fe63          	bgeu	a3,a2,20004e3c <pqcrystals_kyber512_ref_cmov+0xc8>
    r[i] ^= b & (r[i] ^ x[i]);
20004e04:	00d50733          	add	a4,a0,a3
20004e08:	96ae                	add	a3,a3,a1
20004e0a:	0006c783          	lbu	a5,0(a3)
20004e0e:	00074683          	lbu	a3,0(a4)
  for(i=0;i<len;i++)
20004e12:	0409                	addi	s0,s0,2
    r[i] ^= b & (r[i] ^ x[i]);
20004e14:	8fb5                	xor	a5,a5,a3
20004e16:	00f377b3          	and	a5,t1,a5
20004e1a:	8ebd                	xor	a3,a3,a5
20004e1c:	00d70023          	sb	a3,0(a4)
  for(i=0;i<len;i++)
20004e20:	00c47e63          	bgeu	s0,a2,20004e3c <pqcrystals_kyber512_ref_cmov+0xc8>
    r[i] ^= b & (r[i] ^ x[i]);
20004e24:	9522                	add	a0,a0,s0
20004e26:	942e                	add	s0,s0,a1
20004e28:	00054703          	lbu	a4,0(a0)
20004e2c:	00044783          	lbu	a5,0(s0)
20004e30:	8fb9                	xor	a5,a5,a4
20004e32:	00f377b3          	and	a5,t1,a5
20004e36:	8f3d                	xor	a4,a4,a5
20004e38:	00e50023          	sb	a4,0(a0)
}
20004e3c:	4412                	lw	s0,4(sp)
20004e3e:	4482                	lw	s1,0(sp)
20004e40:	0121                	addi	sp,sp,8
20004e42:	8082                	ret
20004e44:	962a                	add	a2,a2,a0
    r[i] ^= b & (r[i] ^ x[i]);
20004e46:	00054703          	lbu	a4,0(a0)
20004e4a:	0005c783          	lbu	a5,0(a1)
  for(i=0;i<len;i++)
20004e4e:	0505                	addi	a0,a0,1
20004e50:	0585                	addi	a1,a1,1
    r[i] ^= b & (r[i] ^ x[i]);
20004e52:	8fb9                	xor	a5,a5,a4
20004e54:	00f377b3          	and	a5,t1,a5
20004e58:	8f3d                	xor	a4,a4,a5
20004e5a:	fee50fa3          	sb	a4,-1(a0)
  for(i=0;i<len;i++)
20004e5e:	fec514e3          	bne	a0,a2,20004e46 <pqcrystals_kyber512_ref_cmov+0xd2>
20004e62:	8082                	ret
20004e64:	8082                	ret

20004e66 <pqcrystals_kyber512_ref_cmov_int16>:
*              uint8_t b:        Condition bit; has to be in {0,1}
**************************************************/
void cmov_int16(int16_t *r, int16_t v, uint16_t b)
{
  b = -b;
  *r ^= b & ((*r) ^ v);
20004e66:	00051783          	lh	a5,0(a0)
  b = -b;
20004e6a:	40c00633          	neg	a2,a2
  *r ^= b & ((*r) ^ v);
20004e6e:	8dbd                	xor	a1,a1,a5
20004e70:	8df1                	and	a1,a1,a2
20004e72:	8fad                	xor	a5,a5,a1
20004e74:	00f51023          	sh	a5,0(a0)
}
20004e78:	8082                	ret

20004e7a <pqcrystals_kyber512_ref_kyber_shake128_absorb>:
**************************************************/
void kyber_shake128_absorb(keccak_state *state,
                           const uint8_t seed[KYBER_SYMBYTES],
                           uint8_t x,
                           uint8_t y)
{
20004e7a:	fcc10113          	addi	sp,sp,-52
20004e7e:	d426                	sw	s1,40(sp)
20004e80:	87b2                	mv	a5,a2
20004e82:	84aa                	mv	s1,a0
  uint8_t extseed[KYBER_SYMBYTES+2];

  memcpy(extseed, seed, KYBER_SYMBYTES);
20004e84:	02000613          	li	a2,32
20004e88:	0048                	addi	a0,sp,4
{
20004e8a:	d806                	sw	ra,48(sp)
20004e8c:	d622                	sw	s0,44(sp)
20004e8e:	c03e                	sw	a5,0(sp)
20004e90:	8436                	mv	s0,a3
  memcpy(extseed, seed, KYBER_SYMBYTES);
20004e92:	1c2020ef          	jal	20007054 <memcpy>
  extseed[KYBER_SYMBYTES+0] = x;
20004e96:	4782                	lw	a5,0(sp)
  extseed[KYBER_SYMBYTES+1] = y;

  shake128_absorb_once(state, extseed, sizeof(extseed));
20004e98:	004c                	addi	a1,sp,4
20004e9a:	8526                	mv	a0,s1
20004e9c:	02200613          	li	a2,34
  extseed[KYBER_SYMBYTES+1] = y;
20004ea0:	028102a3          	sb	s0,37(sp)
  extseed[KYBER_SYMBYTES+0] = x;
20004ea4:	02f10223          	sb	a5,36(sp)
  shake128_absorb_once(state, extseed, sizeof(extseed));
20004ea8:	a6afe0ef          	jal	20003112 <pqcrystals_kyber_fips202_ref_shake128_absorb_once>
}
20004eac:	50c2                	lw	ra,48(sp)
20004eae:	5432                	lw	s0,44(sp)
20004eb0:	54a2                	lw	s1,40(sp)
20004eb2:	03410113          	addi	sp,sp,52
20004eb6:	8082                	ret

20004eb8 <pqcrystals_kyber512_ref_kyber_shake256_prf>:
*              - size_t outlen: number of requested output bytes
*              - const uint8_t *key: pointer to the key (of length KYBER_SYMBYTES)
*              - uint8_t nonce: single-byte nonce (public PRF input)
**************************************************/
void kyber_shake256_prf(uint8_t *out, size_t outlen, const uint8_t key[KYBER_SYMBYTES], uint8_t nonce)
{
20004eb8:	fcc10113          	addi	sp,sp,-52
20004ebc:	d622                	sw	s0,44(sp)
20004ebe:	d426                	sw	s1,40(sp)
20004ec0:	842a                	mv	s0,a0
20004ec2:	84ae                	mv	s1,a1
  uint8_t extkey[KYBER_SYMBYTES+1];

  memcpy(extkey, key, KYBER_SYMBYTES);
20004ec4:	0048                	addi	a0,sp,4
20004ec6:	85b2                	mv	a1,a2
20004ec8:	02000613          	li	a2,32
{
20004ecc:	d806                	sw	ra,48(sp)
20004ece:	c036                	sw	a3,0(sp)
  memcpy(extkey, key, KYBER_SYMBYTES);
20004ed0:	184020ef          	jal	20007054 <memcpy>
  extkey[KYBER_SYMBYTES] = nonce;
20004ed4:	4782                	lw	a5,0(sp)

  shake256(out, outlen, extkey, sizeof(extkey));
20004ed6:	0050                	addi	a2,sp,4
20004ed8:	85a6                	mv	a1,s1
20004eda:	8522                	mv	a0,s0
20004edc:	02100693          	li	a3,33
  extkey[KYBER_SYMBYTES] = nonce;
20004ee0:	02f10223          	sb	a5,36(sp)
  shake256(out, outlen, extkey, sizeof(extkey));
20004ee4:	bf4fe0ef          	jal	200032d8 <pqcrystals_kyber_fips202_ref_shake256>
}
20004ee8:	50c2                	lw	ra,48(sp)
20004eea:	5432                	lw	s0,44(sp)
20004eec:	54a2                	lw	s1,40(sp)
20004eee:	03410113          	addi	sp,sp,52
20004ef2:	8082                	ret

20004ef4 <pqcrystals_kyber512_ref_kyber_shake256_rkprf>:
*              - const uint8_t *key: pointer to the key (of length KYBER_SYMBYTES)
*              - uint8_t nonce: single-byte nonce (public PRF input)
**************************************************/
void kyber_shake256_rkprf(uint8_t out[KYBER_SSBYTES], const uint8_t key[KYBER_SYMBYTES], const uint8_t input[KYBER_CIPHERTEXTBYTES])
{
  n_rkprf++;
20004ef4:	8801a783          	lw	a5,-1920(gp) # 20010080 <n_rkprf>
{
20004ef8:	f1410113          	addi	sp,sp,-236
20004efc:	d3a2                	sw	s0,228(sp)
  n_rkprf++;
20004efe:	0785                	addi	a5,a5,1
{
20004f00:	01310413          	addi	s0,sp,19
20004f04:	d586                	sw	ra,232(sp)
20004f06:	d1a6                	sw	s1,224(sp)
20004f08:	c02a                	sw	a0,0(sp)
20004f0a:	c42e                	sw	a1,8(sp)
20004f0c:	c232                	sw	a2,4(sp)
  n_rkprf++;
20004f0e:	88f1a023          	sw	a5,-1920(gp) # 20010080 <n_rkprf>
{
20004f12:	9861                	andi	s0,s0,-8
20004f14:	b00024f3          	csrr	s1,mcycle
20004f18:	b80027f3          	csrr	a5,mcycleh
  uint32_t cnt1 = cpucycles();
  keccak_state s;

  shake256_init(&s);
20004f1c:	8522                	mv	a0,s0
20004f1e:	a88fe0ef          	jal	200031a6 <pqcrystals_kyber_fips202_ref_shake256_init>
  shake256_absorb(&s, key, KYBER_SYMBYTES);
20004f22:	45a2                	lw	a1,8(sp)
20004f24:	8522                	mv	a0,s0
20004f26:	02000613          	li	a2,32
20004f2a:	a96fe0ef          	jal	200031c0 <pqcrystals_kyber_fips202_ref_shake256_absorb>
  shake256_absorb(&s, input, KYBER_CIPHERTEXTBYTES);
20004f2e:	4592                	lw	a1,4(sp)
20004f30:	8522                	mv	a0,s0
20004f32:	30000613          	li	a2,768
20004f36:	a8afe0ef          	jal	200031c0 <pqcrystals_kyber_fips202_ref_shake256_absorb>
  shake256_finalize(&s);
20004f3a:	8522                	mv	a0,s0
20004f3c:	aa6fe0ef          	jal	200031e2 <pqcrystals_kyber_fips202_ref_shake256_finalize>
  shake256_squeeze(out, KYBER_SSBYTES, &s);
20004f40:	4502                	lw	a0,0(sp)
20004f42:	8622                	mv	a2,s0
20004f44:	02000593          	li	a1,32
20004f48:	af0fe0ef          	jal	20003238 <pqcrystals_kyber_fips202_ref_shake256_squeeze>
20004f4c:	b0002673          	csrr	a2,mcycle
20004f50:	b80027f3          	csrr	a5,mcycleh
  uint32_t cnt2 = cpucycles();
  if (rkprf_cyc != 0){
20004f54:	8841a783          	lw	a5,-1916(gp) # 20010084 <rkprf_cyc>
    rkprf_cyc = (rkprf_cyc + (cnt2 - cnt1)) / 2;
  } else {
    rkprf_cyc = cnt2 - cnt1;
20004f58:	409606b3          	sub	a3,a2,s1
  if (rkprf_cyc != 0){
20004f5c:	c789                	beqz	a5,20004f66 <pqcrystals_kyber512_ref_kyber_shake256_rkprf+0x72>
    rkprf_cyc = (rkprf_cyc + (cnt2 - cnt1)) / 2;
20004f5e:	97b2                	add	a5,a5,a2
20004f60:	8f85                	sub	a5,a5,s1
20004f62:	0017d693          	srli	a3,a5,0x1
  }
}
20004f66:	50ae                	lw	ra,232(sp)
20004f68:	541e                	lw	s0,228(sp)
20004f6a:	88d1a223          	sw	a3,-1916(gp) # 20010084 <rkprf_cyc>
20004f6e:	548e                	lw	s1,224(sp)
20004f70:	0ec10113          	addi	sp,sp,236
20004f74:	8082                	ret

20004f76 <randombytes>:
  }
}
#else
void randombytes(uint8_t *out, size_t outlen) {
  //printf("randombytes(%d, %d)\n", out, outlen);
  while(outlen--) *out++ = 0x29;
20004f76:	fff58613          	addi	a2,a1,-1
20004f7a:	c1c5                	beqz	a1,2000501a <randombytes+0xa4>
20004f7c:	40a00733          	neg	a4,a0
20004f80:	4695                	li	a3,5
20004f82:	00377793          	andi	a5,a4,3
20004f86:	04c6ff63          	bgeu	a3,a2,20004fe4 <randombytes+0x6e>
20004f8a:	832a                	mv	t1,a0
20004f8c:	cb95                	beqz	a5,20004fc0 <randombytes+0x4a>
20004f8e:	02900693          	li	a3,41
20004f92:	8b09                	andi	a4,a4,2
20004f94:	00d50023          	sb	a3,0(a0)
20004f98:	00150313          	addi	t1,a0,1
20004f9c:	ffe58613          	addi	a2,a1,-2
20004fa0:	c305                	beqz	a4,20004fc0 <randombytes+0x4a>
20004fa2:	00d500a3          	sb	a3,1(a0)
20004fa6:	470d                	li	a4,3
20004fa8:	00250313          	addi	t1,a0,2
20004fac:	ffd58613          	addi	a2,a1,-3
20004fb0:	00e79863          	bne	a5,a4,20004fc0 <randombytes+0x4a>
20004fb4:	00d50123          	sb	a3,2(a0)
20004fb8:	00350313          	addi	t1,a0,3
20004fbc:	ffc58613          	addi	a2,a1,-4
20004fc0:	8d9d                	sub	a1,a1,a5
20004fc2:	29293737          	lui	a4,0x29293
20004fc6:	97aa                	add	a5,a5,a0
20004fc8:	ffc5f513          	andi	a0,a1,-4
20004fcc:	00a786b3          	add	a3,a5,a0
20004fd0:	92970713          	addi	a4,a4,-1751 # 29292929 <__StackTop+0x9272929>
20004fd4:	c398                	sw	a4,0(a5)
20004fd6:	0791                	addi	a5,a5,4
20004fd8:	fed79ee3          	bne	a5,a3,20004fd4 <randombytes+0x5e>
20004fdc:	02a58f63          	beq	a1,a0,2000501a <randombytes+0xa4>
20004fe0:	8e09                	sub	a2,a2,a0
20004fe2:	951a                	add	a0,a0,t1
20004fe4:	02900793          	li	a5,41
20004fe8:	00f50023          	sb	a5,0(a0)
20004fec:	c61d                	beqz	a2,2000501a <randombytes+0xa4>
20004fee:	00f500a3          	sb	a5,1(a0)
20004ff2:	4705                	li	a4,1
20004ff4:	02e60363          	beq	a2,a4,2000501a <randombytes+0xa4>
20004ff8:	00f50123          	sb	a5,2(a0)
20004ffc:	4709                	li	a4,2
20004ffe:	00e60e63          	beq	a2,a4,2000501a <randombytes+0xa4>
20005002:	00f501a3          	sb	a5,3(a0)
20005006:	470d                	li	a4,3
20005008:	00e60963          	beq	a2,a4,2000501a <randombytes+0xa4>
2000500c:	00f50223          	sb	a5,4(a0)
20005010:	4711                	li	a4,4
20005012:	00e60463          	beq	a2,a4,2000501a <randombytes+0xa4>
20005016:	00f502a3          	sb	a5,5(a0)
}
2000501a:	8082                	ret

2000501c <reset_vals>:
}

void reset_vals()
{
/* ---- Reset all counters ---- */
    n_statepermute = 0;
2000501c:	9001ae23          	sw	zero,-1764(gp) # 2001011c <n_statepermute>
    n_ntt = 0;
20005020:	9001ac23          	sw	zero,-1768(gp) # 20010118 <n_ntt>
    n_invntt = 0;
20005024:	9001aa23          	sw	zero,-1772(gp) # 20010114 <n_invntt>
    statepermute_cyc = 0;
20005028:	9001a823          	sw	zero,-1776(gp) # 20010110 <statepermute_cyc>
    ntt_cyc = 0;
2000502c:	9001a623          	sw	zero,-1780(gp) # 2001010c <ntt_cyc>
    inv_ntt_cyc = 0;
20005030:	9001a423          	sw	zero,-1784(gp) # 20010108 <inv_ntt_cyc>

    n_poly_compress = 0;
20005034:	9001a223          	sw	zero,-1788(gp) # 20010104 <n_poly_compress>
    n_poly_decompress = 0;
20005038:	9001a023          	sw	zero,-1792(gp) # 20010100 <n_poly_decompress>
    poly_compress_cyc = 0;
2000503c:	8e01ae23          	sw	zero,-1796(gp) # 200100fc <poly_compress_cyc>
    poly_decompress_cyc = 0;
20005040:	8e01ac23          	sw	zero,-1800(gp) # 200100f8 <poly_decompress_cyc>

    n_poly_add = 0;
20005044:	8e01aa23          	sw	zero,-1804(gp) # 200100f4 <n_poly_add>
    n_poly_sub = 0;
20005048:	8e01a823          	sw	zero,-1808(gp) # 200100f0 <n_poly_sub>

    n_poly_cbd_eta1 = 0;
2000504c:	8c01aa23          	sw	zero,-1836(gp) # 200100d4 <n_poly_cbd_eta1>
    n_poly_cbd_eta2 = 0;
20005050:	8c01ae23          	sw	zero,-1828(gp) # 200100dc <n_poly_cbd_eta2>
    n_basemul = 0;
20005054:	8e01a623          	sw	zero,-1812(gp) # 200100ec <n_basemul>
    poly_cbd_eta1_cyc = 0;
20005058:	8c01a823          	sw	zero,-1840(gp) # 200100d0 <poly_cbd_eta1_cyc>
    poly_cbd_eta2_cyc = 0;
2000505c:	8c01ac23          	sw	zero,-1832(gp) # 200100d8 <poly_cbd_eta2_cyc>
    basemul_cyc = 0;
20005060:	8e01a423          	sw	zero,-1816(gp) # 200100e8 <basemul_cyc>

    n_barrett = 0;
20005064:	8c01a623          	sw	zero,-1844(gp) # 200100cc <n_barrett>
    n_montgomery = 0;
20005068:	8c01a423          	sw	zero,-1848(gp) # 200100c8 <n_montgomery>
    barrett_cyc = 0;
2000506c:	8c01a223          	sw	zero,-1852(gp) # 200100c4 <barrett_cyc>
    montgomery_cyc = 0;
20005070:	8c01a023          	sw	zero,-1856(gp) # 200100c0 <montgomery_cyc>

    n_polyvec_compress = 0;
20005074:	8a01ae23          	sw	zero,-1860(gp) # 200100bc <n_polyvec_compress>
    n_polyvec_decompress = 0;
    polyvec_compress_cyc = 0;
    polyvec_decompress_cyc = 0;

    n_shake256 = 0;
20005078:	8a01a623          	sw	zero,-1876(gp) # 200100ac <n_shake256>
    n_shake128 = 0;
2000507c:	8a01a423          	sw	zero,-1880(gp) # 200100a8 <n_shake128>
    shake256_cyc = 0;
20005080:	8a01a223          	sw	zero,-1884(gp) # 200100a4 <shake256_cyc>
    shake128_cyc = 0;
20005084:	8a01a023          	sw	zero,-1888(gp) # 200100a0 <shake128_cyc>
    sha3_256_cyc = 0;
20005088:	8801ae23          	sw	zero,-1892(gp) # 2001009c <sha3_256_cyc>
    n_sha3_256 = 0;
2000508c:	8801ac23          	sw	zero,-1896(gp) # 20010098 <n_sha3_256>
    n_polyvec_decompress = 0;
20005090:	8a01ac23          	sw	zero,-1864(gp) # 200100b8 <n_polyvec_decompress>
    polyvec_compress_cyc = 0;
20005094:	8a01aa23          	sw	zero,-1868(gp) # 200100b4 <polyvec_compress_cyc>
    polyvec_decompress_cyc = 0;
20005098:	8a01a823          	sw	zero,-1872(gp) # 200100b0 <polyvec_decompress_cyc>
    n_sha3_512 = 0;
2000509c:	8801aa23          	sw	zero,-1900(gp) # 20010094 <n_sha3_512>
    sha3_512_cyc = 0;
200050a0:	8801a823          	sw	zero,-1904(gp) # 20010090 <sha3_512_cyc>
    n_gen_matrix = 0;
200050a4:	8801a623          	sw	zero,-1908(gp) # 2001008c <n_gen_matrix>
    gen_matrix_cyc = 0;
200050a8:	8801a423          	sw	zero,-1912(gp) # 20010088 <gen_matrix_cyc>
    rej_uniform_cyc = 0;
200050ac:	8601ac23          	sw	zero,-1928(gp) # 20010078 <rej_uniform_cyc>
    n_rej_uniform = 0;
200050b0:	8601ae23          	sw	zero,-1924(gp) # 2001007c <n_rej_uniform>
}
200050b4:	8082                	ret

200050b6 <print_stuff>:


void print_stuff(int total, uint32_t n_tests)
{
200050b6:	1111                	addi	sp,sp,-28
200050b8:	ca22                	sw	s0,20(sp)
200050ba:	842e                	mv	s0,a1

    print_calls("SHAKE128 calls: ", n_shake128, n_tests);
200050bc:	8a81a583          	lw	a1,-1880(gp) # 200100a8 <n_shake128>
200050c0:	200017b7          	lui	a5,0x20001
{
200050c4:	832a                	mv	t1,a0
    print_calls("SHAKE128 calls: ", n_shake128, n_tests);
200050c6:	8622                	mv	a2,s0
200050c8:	8c878513          	addi	a0,a5,-1848 # 200008c8 <pqcrystals_kyber512_ref_zetas+0x100>
{
200050cc:	cc06                	sw	ra,24(sp)
200050ce:	c826                	sw	s1,16(sp)
200050d0:	c01a                	sw	t1,0(sp)
    print_calls("SHAKE128 calls: ", n_shake128, n_tests);
200050d2:	490010ef          	jal	20006562 <print_calls>
    print_cycles("SHAKE128 cycles: ", shake128_cyc, n_tests);
200050d6:	8a01a583          	lw	a1,-1888(gp) # 200100a0 <shake128_cyc>
200050da:	20001537          	lui	a0,0x20001
200050de:	8622                	mv	a2,s0
200050e0:	8dc50513          	addi	a0,a0,-1828 # 200008dc <pqcrystals_kyber512_ref_zetas+0x114>
200050e4:	4b6010ef          	jal	2000659a <print_cycles>
    if (total == 0 || n_tests == 0) return 0;
200050e8:	4782                	lw	a5,0(sp)
200050ea:	08078ae3          	beqz	a5,2000597e <print_stuff+0x8c8>
200050ee:	080408e3          	beqz	s0,2000597e <print_stuff+0x8c8>
    num = (uint64_t)n * (uint64_t)cyc * 100ULL;
200050f2:	8a01a603          	lw	a2,-1888(gp) # 200100a0 <shake128_cyc>
200050f6:	8a81a703          	lw	a4,-1880(gp) # 200100a8 <n_shake128>
    den = (uint64_t)total * (uint64_t)n_tests;
200050fa:	0287b6b3          	mulhu	a3,a5,s0
    num = (uint64_t)n * (uint64_t)cyc * 100ULL;
200050fe:	06400493          	li	s1,100
    den = (uint64_t)total * (uint64_t)n_tests;
20005102:	028787b3          	mul	a5,a5,s0
    return (int)((num + den / 2) / den);
20005106:	01f69513          	slli	a0,a3,0x1f
2000510a:	0016d313          	srli	t1,a3,0x1
2000510e:	c61a                	sw	t1,12(sp)
20005110:	c236                	sw	a3,4(sp)
    num = (uint64_t)n * (uint64_t)cyc * 100ULL;
20005112:	02c705b3          	mul	a1,a4,a2
    return (int)((num + den / 2) / den);
20005116:	c03e                	sw	a5,0(sp)
    num = (uint64_t)n * (uint64_t)cyc * 100ULL;
20005118:	02c73733          	mulhu	a4,a4,a2
    return (int)((num + den / 2) / den);
2000511c:	0017d613          	srli	a2,a5,0x1
20005120:	00c562b3          	or	t0,a0,a2
20005124:	863e                	mv	a2,a5
20005126:	c416                	sw	t0,8(sp)
    num = (uint64_t)n * (uint64_t)cyc * 100ULL;
20005128:	0295b533          	mulhu	a0,a1,s1
2000512c:	02970733          	mul	a4,a4,s1
20005130:	029585b3          	mul	a1,a1,s1
20005134:	972a                	add	a4,a4,a0
    return (int)((num + den / 2) / den);
20005136:	971a                	add	a4,a4,t1
20005138:	00558533          	add	a0,a1,t0
2000513c:	00b535b3          	sltu	a1,a0,a1
20005140:	95ba                	add	a1,a1,a4
20005142:	253010ef          	jal	20006b94 <__udivdi3>
20005146:	85aa                	mv	a1,a0
    printf("SHAKE128 %%: %d\n",
20005148:	20001537          	lui	a0,0x20001
2000514c:	8f050513          	addi	a0,a0,-1808 # 200008f0 <pqcrystals_kyber512_ref_zetas+0x128>
20005150:	1b3010ef          	jal	20006b02 <printf>
           calc_percentage(n_shake128, shake128_cyc, total, n_tests));

    print_calls("SHAKE256 calls: ", n_shake256, n_tests);
20005154:	8ac1a583          	lw	a1,-1876(gp) # 200100ac <n_shake256>
20005158:	20001537          	lui	a0,0x20001
2000515c:	8622                	mv	a2,s0
2000515e:	90450513          	addi	a0,a0,-1788 # 20000904 <pqcrystals_kyber512_ref_zetas+0x13c>
20005162:	400010ef          	jal	20006562 <print_calls>
    print_cycles("SHAKE256 cycles: ", shake256_cyc, n_tests);
20005166:	8a41a583          	lw	a1,-1884(gp) # 200100a4 <shake256_cyc>
2000516a:	20001537          	lui	a0,0x20001
2000516e:	8622                	mv	a2,s0
20005170:	91850513          	addi	a0,a0,-1768 # 20000918 <pqcrystals_kyber512_ref_zetas+0x150>
20005174:	426010ef          	jal	2000659a <print_cycles>
    num = (uint64_t)n * (uint64_t)cyc * 100ULL;
20005178:	8a41a503          	lw	a0,-1884(gp) # 200100a4 <shake256_cyc>
2000517c:	8ac1a703          	lw	a4,-1876(gp) # 200100ac <n_shake256>
    return (int)((num + den / 2) / den);
20005180:	42a2                	lw	t0,8(sp)
20005182:	4332                	lw	t1,12(sp)
    num = (uint64_t)n * (uint64_t)cyc * 100ULL;
20005184:	02a705b3          	mul	a1,a4,a0
    return (int)((num + den / 2) / den);
20005188:	4692                	lw	a3,4(sp)
2000518a:	4602                	lw	a2,0(sp)
    num = (uint64_t)n * (uint64_t)cyc * 100ULL;
2000518c:	02a73733          	mulhu	a4,a4,a0
20005190:	0295b533          	mulhu	a0,a1,s1
20005194:	02970733          	mul	a4,a4,s1
20005198:	029585b3          	mul	a1,a1,s1
2000519c:	972a                	add	a4,a4,a0
    return (int)((num + den / 2) / den);
2000519e:	971a                	add	a4,a4,t1
200051a0:	00558533          	add	a0,a1,t0
200051a4:	00b535b3          	sltu	a1,a0,a1
200051a8:	95ba                	add	a1,a1,a4
200051aa:	1eb010ef          	jal	20006b94 <__udivdi3>
200051ae:	85aa                	mv	a1,a0
    printf("SHAKE256 %%: %d\n",
200051b0:	20001537          	lui	a0,0x20001
200051b4:	92c50513          	addi	a0,a0,-1748 # 2000092c <pqcrystals_kyber512_ref_zetas+0x164>
200051b8:	14b010ef          	jal	20006b02 <printf>
           calc_percentage(n_shake256, shake256_cyc, total, n_tests));

    print_calls("sha3_256 calls: ", n_sha3_256, n_tests);
200051bc:	8981a583          	lw	a1,-1896(gp) # 20010098 <n_sha3_256>
200051c0:	20001537          	lui	a0,0x20001
200051c4:	8622                	mv	a2,s0
200051c6:	94050513          	addi	a0,a0,-1728 # 20000940 <pqcrystals_kyber512_ref_zetas+0x178>
200051ca:	398010ef          	jal	20006562 <print_calls>
    print_cycles("sha3_256 cycles: ", sha3_256_cyc, n_tests);
200051ce:	89c1a583          	lw	a1,-1892(gp) # 2001009c <sha3_256_cyc>
200051d2:	20001537          	lui	a0,0x20001
200051d6:	8622                	mv	a2,s0
200051d8:	95450513          	addi	a0,a0,-1708 # 20000954 <pqcrystals_kyber512_ref_zetas+0x18c>
200051dc:	3be010ef          	jal	2000659a <print_cycles>
    num = (uint64_t)n * (uint64_t)cyc * 100ULL;
200051e0:	89c1a503          	lw	a0,-1892(gp) # 2001009c <sha3_256_cyc>
200051e4:	8981a703          	lw	a4,-1896(gp) # 20010098 <n_sha3_256>
    return (int)((num + den / 2) / den);
200051e8:	42a2                	lw	t0,8(sp)
200051ea:	4332                	lw	t1,12(sp)
    num = (uint64_t)n * (uint64_t)cyc * 100ULL;
200051ec:	02a705b3          	mul	a1,a4,a0
    return (int)((num + den / 2) / den);
200051f0:	4692                	lw	a3,4(sp)
200051f2:	4602                	lw	a2,0(sp)
    num = (uint64_t)n * (uint64_t)cyc * 100ULL;
200051f4:	02a73733          	mulhu	a4,a4,a0
200051f8:	0295b533          	mulhu	a0,a1,s1
200051fc:	02970733          	mul	a4,a4,s1
20005200:	029585b3          	mul	a1,a1,s1
20005204:	972a                	add	a4,a4,a0
    return (int)((num + den / 2) / den);
20005206:	971a                	add	a4,a4,t1
20005208:	00558533          	add	a0,a1,t0
2000520c:	00b535b3          	sltu	a1,a0,a1
20005210:	95ba                	add	a1,a1,a4
20005212:	183010ef          	jal	20006b94 <__udivdi3>
20005216:	85aa                	mv	a1,a0
    printf("sha3_256 %%: %d\n",
20005218:	20001537          	lui	a0,0x20001
2000521c:	96850513          	addi	a0,a0,-1688 # 20000968 <pqcrystals_kyber512_ref_zetas+0x1a0>
20005220:	0e3010ef          	jal	20006b02 <printf>
           calc_percentage(n_sha3_256, sha3_256_cyc, total, n_tests));

    print_calls("sha3_512 calls: ", n_sha3_512, n_tests);
20005224:	8941a583          	lw	a1,-1900(gp) # 20010094 <n_sha3_512>
20005228:	20001537          	lui	a0,0x20001
2000522c:	8622                	mv	a2,s0
2000522e:	97c50513          	addi	a0,a0,-1668 # 2000097c <pqcrystals_kyber512_ref_zetas+0x1b4>
20005232:	330010ef          	jal	20006562 <print_calls>
    print_cycles("sha3_512 cycles: ", sha3_512_cyc, n_tests);
20005236:	8901a583          	lw	a1,-1904(gp) # 20010090 <sha3_512_cyc>
2000523a:	20001537          	lui	a0,0x20001
2000523e:	8622                	mv	a2,s0
20005240:	99050513          	addi	a0,a0,-1648 # 20000990 <pqcrystals_kyber512_ref_zetas+0x1c8>
20005244:	356010ef          	jal	2000659a <print_cycles>
    num = (uint64_t)n * (uint64_t)cyc * 100ULL;
20005248:	8901a503          	lw	a0,-1904(gp) # 20010090 <sha3_512_cyc>
2000524c:	8941a703          	lw	a4,-1900(gp) # 20010094 <n_sha3_512>
    return (int)((num + den / 2) / den);
20005250:	42a2                	lw	t0,8(sp)
20005252:	4332                	lw	t1,12(sp)
    num = (uint64_t)n * (uint64_t)cyc * 100ULL;
20005254:	02a705b3          	mul	a1,a4,a0
    return (int)((num + den / 2) / den);
20005258:	4692                	lw	a3,4(sp)
2000525a:	4602                	lw	a2,0(sp)
    num = (uint64_t)n * (uint64_t)cyc * 100ULL;
2000525c:	02a73733          	mulhu	a4,a4,a0
20005260:	0295b533          	mulhu	a0,a1,s1
20005264:	02970733          	mul	a4,a4,s1
20005268:	029585b3          	mul	a1,a1,s1
2000526c:	972a                	add	a4,a4,a0
    return (int)((num + den / 2) / den);
2000526e:	971a                	add	a4,a4,t1
20005270:	00558533          	add	a0,a1,t0
20005274:	00b535b3          	sltu	a1,a0,a1
20005278:	95ba                	add	a1,a1,a4
2000527a:	11b010ef          	jal	20006b94 <__udivdi3>
2000527e:	85aa                	mv	a1,a0
    printf("sha3_512 %%: %d\n",
20005280:	20001537          	lui	a0,0x20001
20005284:	9a450513          	addi	a0,a0,-1628 # 200009a4 <pqcrystals_kyber512_ref_zetas+0x1dc>
20005288:	07b010ef          	jal	20006b02 <printf>
           calc_percentage(n_sha3_512, sha3_512_cyc, total, n_tests));

    print_calls("gen_matrix calls: ", n_gen_matrix, n_tests);
2000528c:	88c1a583          	lw	a1,-1908(gp) # 2001008c <n_gen_matrix>
20005290:	20001537          	lui	a0,0x20001
20005294:	8622                	mv	a2,s0
20005296:	9b850513          	addi	a0,a0,-1608 # 200009b8 <pqcrystals_kyber512_ref_zetas+0x1f0>
2000529a:	2c8010ef          	jal	20006562 <print_calls>
    print_cycles("gen_matrix cycles: ", gen_matrix_cyc, n_tests);
2000529e:	8881a583          	lw	a1,-1912(gp) # 20010088 <gen_matrix_cyc>
200052a2:	20001537          	lui	a0,0x20001
200052a6:	8622                	mv	a2,s0
200052a8:	9cc50513          	addi	a0,a0,-1588 # 200009cc <pqcrystals_kyber512_ref_zetas+0x204>
200052ac:	2ee010ef          	jal	2000659a <print_cycles>
    num = (uint64_t)n * (uint64_t)cyc * 100ULL;
200052b0:	8881a503          	lw	a0,-1912(gp) # 20010088 <gen_matrix_cyc>
200052b4:	88c1a703          	lw	a4,-1908(gp) # 2001008c <n_gen_matrix>
    return (int)((num + den / 2) / den);
200052b8:	42a2                	lw	t0,8(sp)
200052ba:	4332                	lw	t1,12(sp)
    num = (uint64_t)n * (uint64_t)cyc * 100ULL;
200052bc:	02a705b3          	mul	a1,a4,a0
    return (int)((num + den / 2) / den);
200052c0:	4692                	lw	a3,4(sp)
200052c2:	4602                	lw	a2,0(sp)
    num = (uint64_t)n * (uint64_t)cyc * 100ULL;
200052c4:	02a73733          	mulhu	a4,a4,a0
200052c8:	0295b533          	mulhu	a0,a1,s1
200052cc:	02970733          	mul	a4,a4,s1
200052d0:	029585b3          	mul	a1,a1,s1
200052d4:	972a                	add	a4,a4,a0
    return (int)((num + den / 2) / den);
200052d6:	971a                	add	a4,a4,t1
200052d8:	00558533          	add	a0,a1,t0
200052dc:	00b535b3          	sltu	a1,a0,a1
200052e0:	95ba                	add	a1,a1,a4
200052e2:	0b3010ef          	jal	20006b94 <__udivdi3>
200052e6:	85aa                	mv	a1,a0
    printf("gen_matrix %%: %d\n",
200052e8:	20001537          	lui	a0,0x20001
200052ec:	9e050513          	addi	a0,a0,-1568 # 200009e0 <pqcrystals_kyber512_ref_zetas+0x218>
200052f0:	013010ef          	jal	20006b02 <printf>
    



    /* ---- State permute / NTT ---- */
    print_calls("State Permute calls: ", n_statepermute, n_tests);
200052f4:	91c1a583          	lw	a1,-1764(gp) # 2001011c <n_statepermute>
200052f8:	20001537          	lui	a0,0x20001
200052fc:	8622                	mv	a2,s0
200052fe:	9f450513          	addi	a0,a0,-1548 # 200009f4 <pqcrystals_kyber512_ref_zetas+0x22c>
20005302:	260010ef          	jal	20006562 <print_calls>
    print_cycles("State Permute cycles: ", statepermute_cyc, n_tests);
20005306:	9101a583          	lw	a1,-1776(gp) # 20010110 <statepermute_cyc>
2000530a:	20001537          	lui	a0,0x20001
2000530e:	8622                	mv	a2,s0
20005310:	a0c50513          	addi	a0,a0,-1524 # 20000a0c <pqcrystals_kyber512_ref_zetas+0x244>
20005314:	286010ef          	jal	2000659a <print_cycles>
    num = (uint64_t)n * (uint64_t)cyc * 100ULL;
20005318:	9101a503          	lw	a0,-1776(gp) # 20010110 <statepermute_cyc>
2000531c:	91c1a703          	lw	a4,-1764(gp) # 2001011c <n_statepermute>
    return (int)((num + den / 2) / den);
20005320:	42a2                	lw	t0,8(sp)
20005322:	4332                	lw	t1,12(sp)
    num = (uint64_t)n * (uint64_t)cyc * 100ULL;
20005324:	02a705b3          	mul	a1,a4,a0
    return (int)((num + den / 2) / den);
20005328:	4692                	lw	a3,4(sp)
2000532a:	4602                	lw	a2,0(sp)
    num = (uint64_t)n * (uint64_t)cyc * 100ULL;
2000532c:	02a73733          	mulhu	a4,a4,a0
20005330:	0295b533          	mulhu	a0,a1,s1
20005334:	02970733          	mul	a4,a4,s1
20005338:	029585b3          	mul	a1,a1,s1
2000533c:	972a                	add	a4,a4,a0
    return (int)((num + den / 2) / den);
2000533e:	971a                	add	a4,a4,t1
20005340:	00558533          	add	a0,a1,t0
20005344:	00b535b3          	sltu	a1,a0,a1
20005348:	95ba                	add	a1,a1,a4
2000534a:	04b010ef          	jal	20006b94 <__udivdi3>
2000534e:	85aa                	mv	a1,a0
    printf("State Permute %%: %d\n",
20005350:	20001537          	lui	a0,0x20001
20005354:	a2450513          	addi	a0,a0,-1500 # 20000a24 <pqcrystals_kyber512_ref_zetas+0x25c>
20005358:	7aa010ef          	jal	20006b02 <printf>
           calc_percentage(n_statepermute, statepermute_cyc, total, n_tests));

    print_calls("NTT calls: ", n_ntt, n_tests);
2000535c:	9181a583          	lw	a1,-1768(gp) # 20010118 <n_ntt>
20005360:	20001537          	lui	a0,0x20001
20005364:	8622                	mv	a2,s0
20005366:	a3c50513          	addi	a0,a0,-1476 # 20000a3c <pqcrystals_kyber512_ref_zetas+0x274>
2000536a:	1f8010ef          	jal	20006562 <print_calls>
    print_cycles("NTT cycles: ", ntt_cyc, n_tests);
2000536e:	90c1a583          	lw	a1,-1780(gp) # 2001010c <ntt_cyc>
20005372:	20001537          	lui	a0,0x20001
20005376:	8622                	mv	a2,s0
20005378:	a4850513          	addi	a0,a0,-1464 # 20000a48 <pqcrystals_kyber512_ref_zetas+0x280>
2000537c:	21e010ef          	jal	2000659a <print_cycles>
    num = (uint64_t)n * (uint64_t)cyc * 100ULL;
20005380:	90c1a503          	lw	a0,-1780(gp) # 2001010c <ntt_cyc>
20005384:	9181a703          	lw	a4,-1768(gp) # 20010118 <n_ntt>
    return (int)((num + den / 2) / den);
20005388:	42a2                	lw	t0,8(sp)
2000538a:	4332                	lw	t1,12(sp)
    num = (uint64_t)n * (uint64_t)cyc * 100ULL;
2000538c:	02a705b3          	mul	a1,a4,a0
    return (int)((num + den / 2) / den);
20005390:	4692                	lw	a3,4(sp)
20005392:	4602                	lw	a2,0(sp)
    num = (uint64_t)n * (uint64_t)cyc * 100ULL;
20005394:	02a73733          	mulhu	a4,a4,a0
20005398:	0295b533          	mulhu	a0,a1,s1
2000539c:	02970733          	mul	a4,a4,s1
200053a0:	029585b3          	mul	a1,a1,s1
200053a4:	972a                	add	a4,a4,a0
    return (int)((num + den / 2) / den);
200053a6:	971a                	add	a4,a4,t1
200053a8:	00558533          	add	a0,a1,t0
200053ac:	00b535b3          	sltu	a1,a0,a1
200053b0:	95ba                	add	a1,a1,a4
200053b2:	7e2010ef          	jal	20006b94 <__udivdi3>
200053b6:	85aa                	mv	a1,a0
    printf("NTT %%: %d\n",
200053b8:	20001537          	lui	a0,0x20001
200053bc:	a5850513          	addi	a0,a0,-1448 # 20000a58 <pqcrystals_kyber512_ref_zetas+0x290>
200053c0:	742010ef          	jal	20006b02 <printf>
           calc_percentage(n_ntt, ntt_cyc, total, n_tests));

    print_calls("INVNTT calls: ", n_invntt, n_tests);
200053c4:	9141a583          	lw	a1,-1772(gp) # 20010114 <n_invntt>
200053c8:	20001537          	lui	a0,0x20001
200053cc:	8622                	mv	a2,s0
200053ce:	a6450513          	addi	a0,a0,-1436 # 20000a64 <pqcrystals_kyber512_ref_zetas+0x29c>
200053d2:	190010ef          	jal	20006562 <print_calls>
    print_cycles("INVNTT cycles: ", inv_ntt_cyc, n_tests);
200053d6:	9081a583          	lw	a1,-1784(gp) # 20010108 <inv_ntt_cyc>
200053da:	20001537          	lui	a0,0x20001
200053de:	8622                	mv	a2,s0
200053e0:	a7450513          	addi	a0,a0,-1420 # 20000a74 <pqcrystals_kyber512_ref_zetas+0x2ac>
200053e4:	1b6010ef          	jal	2000659a <print_cycles>
    num = (uint64_t)n * (uint64_t)cyc * 100ULL;
200053e8:	9081a503          	lw	a0,-1784(gp) # 20010108 <inv_ntt_cyc>
200053ec:	9141a703          	lw	a4,-1772(gp) # 20010114 <n_invntt>
    return (int)((num + den / 2) / den);
200053f0:	42a2                	lw	t0,8(sp)
200053f2:	4332                	lw	t1,12(sp)
    num = (uint64_t)n * (uint64_t)cyc * 100ULL;
200053f4:	02a705b3          	mul	a1,a4,a0
    return (int)((num + den / 2) / den);
200053f8:	4692                	lw	a3,4(sp)
200053fa:	4602                	lw	a2,0(sp)
    num = (uint64_t)n * (uint64_t)cyc * 100ULL;
200053fc:	02a73733          	mulhu	a4,a4,a0
20005400:	0295b533          	mulhu	a0,a1,s1
20005404:	02970733          	mul	a4,a4,s1
20005408:	029585b3          	mul	a1,a1,s1
2000540c:	972a                	add	a4,a4,a0
    return (int)((num + den / 2) / den);
2000540e:	971a                	add	a4,a4,t1
20005410:	00558533          	add	a0,a1,t0
20005414:	00b535b3          	sltu	a1,a0,a1
20005418:	95ba                	add	a1,a1,a4
2000541a:	77a010ef          	jal	20006b94 <__udivdi3>
2000541e:	85aa                	mv	a1,a0
    printf("INVNTT %%: %d\n",
20005420:	20001537          	lui	a0,0x20001
20005424:	a8450513          	addi	a0,a0,-1404 # 20000a84 <pqcrystals_kyber512_ref_zetas+0x2bc>
20005428:	6da010ef          	jal	20006b02 <printf>
           calc_percentage(n_invntt, inv_ntt_cyc, total, n_tests));

    /* ---- Polynomial ops ---- */
    print_calls("Poly compress calls: ", n_poly_compress, n_tests);
2000542c:	9041a583          	lw	a1,-1788(gp) # 20010104 <n_poly_compress>
20005430:	20001537          	lui	a0,0x20001
20005434:	8622                	mv	a2,s0
20005436:	a9450513          	addi	a0,a0,-1388 # 20000a94 <pqcrystals_kyber512_ref_zetas+0x2cc>
2000543a:	128010ef          	jal	20006562 <print_calls>
    print_cycles("Poly compress cycles: ", poly_compress_cyc, n_tests);
2000543e:	8fc1a583          	lw	a1,-1796(gp) # 200100fc <poly_compress_cyc>
20005442:	20001537          	lui	a0,0x20001
20005446:	8622                	mv	a2,s0
20005448:	aac50513          	addi	a0,a0,-1364 # 20000aac <pqcrystals_kyber512_ref_zetas+0x2e4>
2000544c:	14e010ef          	jal	2000659a <print_cycles>
    num = (uint64_t)n * (uint64_t)cyc * 100ULL;
20005450:	8fc1a503          	lw	a0,-1796(gp) # 200100fc <poly_compress_cyc>
20005454:	9041a703          	lw	a4,-1788(gp) # 20010104 <n_poly_compress>
    return (int)((num + den / 2) / den);
20005458:	42a2                	lw	t0,8(sp)
2000545a:	4332                	lw	t1,12(sp)
    num = (uint64_t)n * (uint64_t)cyc * 100ULL;
2000545c:	02a705b3          	mul	a1,a4,a0
    return (int)((num + den / 2) / den);
20005460:	4692                	lw	a3,4(sp)
20005462:	4602                	lw	a2,0(sp)
    num = (uint64_t)n * (uint64_t)cyc * 100ULL;
20005464:	02a73733          	mulhu	a4,a4,a0
20005468:	0295b533          	mulhu	a0,a1,s1
2000546c:	02970733          	mul	a4,a4,s1
20005470:	029585b3          	mul	a1,a1,s1
20005474:	972a                	add	a4,a4,a0
    return (int)((num + den / 2) / den);
20005476:	971a                	add	a4,a4,t1
20005478:	00558533          	add	a0,a1,t0
2000547c:	00b535b3          	sltu	a1,a0,a1
20005480:	95ba                	add	a1,a1,a4
20005482:	712010ef          	jal	20006b94 <__udivdi3>
20005486:	85aa                	mv	a1,a0
    printf("Poly compress %%: %d\n",
20005488:	20001537          	lui	a0,0x20001
2000548c:	ac450513          	addi	a0,a0,-1340 # 20000ac4 <pqcrystals_kyber512_ref_zetas+0x2fc>
20005490:	672010ef          	jal	20006b02 <printf>
           calc_percentage(n_poly_compress, poly_compress_cyc, total, n_tests));

    print_calls("Poly decompress calls: ", n_poly_decompress, n_tests);
20005494:	9001a583          	lw	a1,-1792(gp) # 20010100 <n_poly_decompress>
20005498:	20001537          	lui	a0,0x20001
2000549c:	8622                	mv	a2,s0
2000549e:	adc50513          	addi	a0,a0,-1316 # 20000adc <pqcrystals_kyber512_ref_zetas+0x314>
200054a2:	0c0010ef          	jal	20006562 <print_calls>
    print_cycles("Poly decompress cycles: ", poly_decompress_cyc, n_tests);
200054a6:	8f81a583          	lw	a1,-1800(gp) # 200100f8 <poly_decompress_cyc>
200054aa:	20001537          	lui	a0,0x20001
200054ae:	8622                	mv	a2,s0
200054b0:	af450513          	addi	a0,a0,-1292 # 20000af4 <pqcrystals_kyber512_ref_zetas+0x32c>
200054b4:	0e6010ef          	jal	2000659a <print_cycles>
    num = (uint64_t)n * (uint64_t)cyc * 100ULL;
200054b8:	8f81a503          	lw	a0,-1800(gp) # 200100f8 <poly_decompress_cyc>
200054bc:	9001a703          	lw	a4,-1792(gp) # 20010100 <n_poly_decompress>
    return (int)((num + den / 2) / den);
200054c0:	42a2                	lw	t0,8(sp)
200054c2:	4332                	lw	t1,12(sp)
    num = (uint64_t)n * (uint64_t)cyc * 100ULL;
200054c4:	02a705b3          	mul	a1,a4,a0
    return (int)((num + den / 2) / den);
200054c8:	4692                	lw	a3,4(sp)
200054ca:	4602                	lw	a2,0(sp)
    num = (uint64_t)n * (uint64_t)cyc * 100ULL;
200054cc:	02a73733          	mulhu	a4,a4,a0
200054d0:	0295b533          	mulhu	a0,a1,s1
200054d4:	02970733          	mul	a4,a4,s1
200054d8:	029585b3          	mul	a1,a1,s1
200054dc:	972a                	add	a4,a4,a0
    return (int)((num + den / 2) / den);
200054de:	971a                	add	a4,a4,t1
200054e0:	00558533          	add	a0,a1,t0
200054e4:	00b535b3          	sltu	a1,a0,a1
200054e8:	95ba                	add	a1,a1,a4
200054ea:	6aa010ef          	jal	20006b94 <__udivdi3>
200054ee:	85aa                	mv	a1,a0
    printf("Poly decompress %%: %d\n",
200054f0:	20001537          	lui	a0,0x20001
200054f4:	b1050513          	addi	a0,a0,-1264 # 20000b10 <pqcrystals_kyber512_ref_zetas+0x348>
200054f8:	60a010ef          	jal	20006b02 <printf>
           calc_percentage(n_poly_decompress, poly_decompress_cyc, total, n_tests));

    print_calls("Poly add calls: ", n_poly_add, n_tests);
200054fc:	8f41a583          	lw	a1,-1804(gp) # 200100f4 <n_poly_add>
20005500:	20001537          	lui	a0,0x20001
20005504:	8622                	mv	a2,s0
20005506:	b2850513          	addi	a0,a0,-1240 # 20000b28 <pqcrystals_kyber512_ref_zetas+0x360>
2000550a:	058010ef          	jal	20006562 <print_calls>
    print_cycles("Poly add cycles: ", poly_add_cyc, n_tests);
2000550e:	8e01a583          	lw	a1,-1824(gp) # 200100e0 <poly_add_cyc>
20005512:	20001537          	lui	a0,0x20001
20005516:	8622                	mv	a2,s0
20005518:	b3c50513          	addi	a0,a0,-1220 # 20000b3c <pqcrystals_kyber512_ref_zetas+0x374>
2000551c:	07e010ef          	jal	2000659a <print_cycles>
    num = (uint64_t)n * (uint64_t)cyc * 100ULL;
20005520:	8e01a503          	lw	a0,-1824(gp) # 200100e0 <poly_add_cyc>
20005524:	8f41a703          	lw	a4,-1804(gp) # 200100f4 <n_poly_add>
    return (int)((num + den / 2) / den);
20005528:	42a2                	lw	t0,8(sp)
2000552a:	4332                	lw	t1,12(sp)
    num = (uint64_t)n * (uint64_t)cyc * 100ULL;
2000552c:	02a705b3          	mul	a1,a4,a0
    return (int)((num + den / 2) / den);
20005530:	4602                	lw	a2,0(sp)
20005532:	4692                	lw	a3,4(sp)
    num = (uint64_t)n * (uint64_t)cyc * 100ULL;
20005534:	02a73733          	mulhu	a4,a4,a0
20005538:	0295b533          	mulhu	a0,a1,s1
2000553c:	02970733          	mul	a4,a4,s1
20005540:	029585b3          	mul	a1,a1,s1
20005544:	972a                	add	a4,a4,a0
    return (int)((num + den / 2) / den);
20005546:	971a                	add	a4,a4,t1
20005548:	00558533          	add	a0,a1,t0
2000554c:	00b535b3          	sltu	a1,a0,a1
20005550:	95ba                	add	a1,a1,a4
20005552:	642010ef          	jal	20006b94 <__udivdi3>
20005556:	85aa                	mv	a1,a0
    printf("Poly add %%: %d\n",
20005558:	20001537          	lui	a0,0x20001
2000555c:	b5050513          	addi	a0,a0,-1200 # 20000b50 <pqcrystals_kyber512_ref_zetas+0x388>
20005560:	5a2010ef          	jal	20006b02 <printf>
           calc_percentage(n_poly_add, poly_add_cyc, total, n_tests));

    print_calls("Poly sub calls: ", n_poly_sub, n_tests);
20005564:	8f01a583          	lw	a1,-1808(gp) # 200100f0 <n_poly_sub>
20005568:	200016b7          	lui	a3,0x20001
2000556c:	b6468513          	addi	a0,a3,-1180 # 20000b64 <pqcrystals_kyber512_ref_zetas+0x39c>
20005570:	8622                	mv	a2,s0
20005572:	7f1000ef          	jal	20006562 <print_calls>
    print_calls("Poly sub calls: ", n_poly_sub, n_tests);
20005576:	8f01a583          	lw	a1,-1808(gp) # 200100f0 <n_poly_sub>
2000557a:	200016b7          	lui	a3,0x20001
2000557e:	b6468513          	addi	a0,a3,-1180 # 20000b64 <pqcrystals_kyber512_ref_zetas+0x39c>
20005582:	8622                	mv	a2,s0
20005584:	7df000ef          	jal	20006562 <print_calls>
    print_cycles("Poly sub cycles: ", poly_sub_cyc, n_tests);
20005588:	8e41a583          	lw	a1,-1820(gp) # 200100e4 <poly_sub_cyc>
2000558c:	20001537          	lui	a0,0x20001
20005590:	8622                	mv	a2,s0
20005592:	b7850513          	addi	a0,a0,-1160 # 20000b78 <pqcrystals_kyber512_ref_zetas+0x3b0>
20005596:	004010ef          	jal	2000659a <print_cycles>
    num = (uint64_t)n * (uint64_t)cyc * 100ULL;
2000559a:	8e41a503          	lw	a0,-1820(gp) # 200100e4 <poly_sub_cyc>
2000559e:	8f01a703          	lw	a4,-1808(gp) # 200100f0 <n_poly_sub>
    return (int)((num + den / 2) / den);
200055a2:	42a2                	lw	t0,8(sp)
200055a4:	4332                	lw	t1,12(sp)
    num = (uint64_t)n * (uint64_t)cyc * 100ULL;
200055a6:	02a705b3          	mul	a1,a4,a0
    return (int)((num + den / 2) / den);
200055aa:	4692                	lw	a3,4(sp)
200055ac:	4602                	lw	a2,0(sp)
    num = (uint64_t)n * (uint64_t)cyc * 100ULL;
200055ae:	02a73733          	mulhu	a4,a4,a0
200055b2:	0295b533          	mulhu	a0,a1,s1
200055b6:	02970733          	mul	a4,a4,s1
200055ba:	029585b3          	mul	a1,a1,s1
200055be:	972a                	add	a4,a4,a0
    return (int)((num + den / 2) / den);
200055c0:	971a                	add	a4,a4,t1
200055c2:	00558533          	add	a0,a1,t0
200055c6:	00b535b3          	sltu	a1,a0,a1
200055ca:	95ba                	add	a1,a1,a4
200055cc:	5c8010ef          	jal	20006b94 <__udivdi3>
200055d0:	85aa                	mv	a1,a0
    printf("Poly sub %%: %d\n",
200055d2:	20001537          	lui	a0,0x20001
200055d6:	b8c50513          	addi	a0,a0,-1140 # 20000b8c <pqcrystals_kyber512_ref_zetas+0x3c4>
200055da:	528010ef          	jal	20006b02 <printf>
           calc_percentage(n_poly_sub, poly_sub_cyc, total, n_tests));

    /* ---- Base multiplication ---- */
    print_calls("Basemul calls: ", n_basemul, n_tests);
200055de:	8ec1a583          	lw	a1,-1812(gp) # 200100ec <n_basemul>
200055e2:	20001537          	lui	a0,0x20001
200055e6:	8622                	mv	a2,s0
200055e8:	ba050513          	addi	a0,a0,-1120 # 20000ba0 <pqcrystals_kyber512_ref_zetas+0x3d8>
200055ec:	777000ef          	jal	20006562 <print_calls>
    print_cycles("Basemul cycles: ", basemul_cyc, n_tests);
200055f0:	8e81a583          	lw	a1,-1816(gp) # 200100e8 <basemul_cyc>
200055f4:	20001537          	lui	a0,0x20001
200055f8:	8622                	mv	a2,s0
200055fa:	bb050513          	addi	a0,a0,-1104 # 20000bb0 <pqcrystals_kyber512_ref_zetas+0x3e8>
200055fe:	79d000ef          	jal	2000659a <print_cycles>
    num = (uint64_t)n * (uint64_t)cyc * 100ULL;
20005602:	8e81a503          	lw	a0,-1816(gp) # 200100e8 <basemul_cyc>
20005606:	8ec1a703          	lw	a4,-1812(gp) # 200100ec <n_basemul>
    return (int)((num + den / 2) / den);
2000560a:	42a2                	lw	t0,8(sp)
2000560c:	4332                	lw	t1,12(sp)
    num = (uint64_t)n * (uint64_t)cyc * 100ULL;
2000560e:	02a705b3          	mul	a1,a4,a0
    return (int)((num + den / 2) / den);
20005612:	4692                	lw	a3,4(sp)
20005614:	4602                	lw	a2,0(sp)
    num = (uint64_t)n * (uint64_t)cyc * 100ULL;
20005616:	02a73733          	mulhu	a4,a4,a0
2000561a:	0295b533          	mulhu	a0,a1,s1
2000561e:	02970733          	mul	a4,a4,s1
20005622:	029585b3          	mul	a1,a1,s1
20005626:	972a                	add	a4,a4,a0
    return (int)((num + den / 2) / den);
20005628:	971a                	add	a4,a4,t1
2000562a:	00558533          	add	a0,a1,t0
2000562e:	00b535b3          	sltu	a1,a0,a1
20005632:	95ba                	add	a1,a1,a4
20005634:	560010ef          	jal	20006b94 <__udivdi3>
20005638:	85aa                	mv	a1,a0
    printf("Basemul %%: %d\n",
2000563a:	20001537          	lui	a0,0x20001
2000563e:	bc450513          	addi	a0,a0,-1084 # 20000bc4 <pqcrystals_kyber512_ref_zetas+0x3fc>
20005642:	4c0010ef          	jal	20006b02 <printf>
           calc_percentage(n_basemul, basemul_cyc, total, n_tests));

    /* ---- CBD sampling ---- */
    print_calls("CBD eta1 calls: ", n_poly_cbd_eta1, n_tests);
20005646:	8d41a583          	lw	a1,-1836(gp) # 200100d4 <n_poly_cbd_eta1>
2000564a:	20001537          	lui	a0,0x20001
2000564e:	8622                	mv	a2,s0
20005650:	bd450513          	addi	a0,a0,-1068 # 20000bd4 <pqcrystals_kyber512_ref_zetas+0x40c>
20005654:	70f000ef          	jal	20006562 <print_calls>
    print_cycles("CBD eta1 cycles: ", poly_cbd_eta1_cyc, n_tests);
20005658:	8d01a583          	lw	a1,-1840(gp) # 200100d0 <poly_cbd_eta1_cyc>
2000565c:	20001537          	lui	a0,0x20001
20005660:	8622                	mv	a2,s0
20005662:	be850513          	addi	a0,a0,-1048 # 20000be8 <pqcrystals_kyber512_ref_zetas+0x420>
20005666:	735000ef          	jal	2000659a <print_cycles>
    num = (uint64_t)n * (uint64_t)cyc * 100ULL;
2000566a:	8d01a503          	lw	a0,-1840(gp) # 200100d0 <poly_cbd_eta1_cyc>
2000566e:	8d41a703          	lw	a4,-1836(gp) # 200100d4 <n_poly_cbd_eta1>
    return (int)((num + den / 2) / den);
20005672:	42a2                	lw	t0,8(sp)
20005674:	4332                	lw	t1,12(sp)
    num = (uint64_t)n * (uint64_t)cyc * 100ULL;
20005676:	02a705b3          	mul	a1,a4,a0
    return (int)((num + den / 2) / den);
2000567a:	4692                	lw	a3,4(sp)
2000567c:	4602                	lw	a2,0(sp)
    num = (uint64_t)n * (uint64_t)cyc * 100ULL;
2000567e:	02a73733          	mulhu	a4,a4,a0
20005682:	0295b533          	mulhu	a0,a1,s1
20005686:	02970733          	mul	a4,a4,s1
2000568a:	029585b3          	mul	a1,a1,s1
2000568e:	972a                	add	a4,a4,a0
    return (int)((num + den / 2) / den);
20005690:	971a                	add	a4,a4,t1
20005692:	00558533          	add	a0,a1,t0
20005696:	00b535b3          	sltu	a1,a0,a1
2000569a:	95ba                	add	a1,a1,a4
2000569c:	4f8010ef          	jal	20006b94 <__udivdi3>
200056a0:	85aa                	mv	a1,a0
    printf("CBD eta1 %%: %d\n",
200056a2:	20001537          	lui	a0,0x20001
200056a6:	bfc50513          	addi	a0,a0,-1028 # 20000bfc <pqcrystals_kyber512_ref_zetas+0x434>
200056aa:	458010ef          	jal	20006b02 <printf>
           calc_percentage(n_poly_cbd_eta1, poly_cbd_eta1_cyc, total, n_tests));

    print_calls("CBD eta2 calls: ", n_poly_cbd_eta2, n_tests);
200056ae:	8dc1a583          	lw	a1,-1828(gp) # 200100dc <n_poly_cbd_eta2>
200056b2:	20001537          	lui	a0,0x20001
200056b6:	8622                	mv	a2,s0
200056b8:	c1050513          	addi	a0,a0,-1008 # 20000c10 <pqcrystals_kyber512_ref_zetas+0x448>
200056bc:	6a7000ef          	jal	20006562 <print_calls>
    print_cycles("CBD eta2 cycles: ", poly_cbd_eta2_cyc, n_tests);
200056c0:	8d81a583          	lw	a1,-1832(gp) # 200100d8 <poly_cbd_eta2_cyc>
200056c4:	20001537          	lui	a0,0x20001
200056c8:	8622                	mv	a2,s0
200056ca:	c2450513          	addi	a0,a0,-988 # 20000c24 <pqcrystals_kyber512_ref_zetas+0x45c>
200056ce:	6cd000ef          	jal	2000659a <print_cycles>
    num = (uint64_t)n * (uint64_t)cyc * 100ULL;
200056d2:	8d81a503          	lw	a0,-1832(gp) # 200100d8 <poly_cbd_eta2_cyc>
200056d6:	8dc1a703          	lw	a4,-1828(gp) # 200100dc <n_poly_cbd_eta2>
    return (int)((num + den / 2) / den);
200056da:	42a2                	lw	t0,8(sp)
200056dc:	4332                	lw	t1,12(sp)
    num = (uint64_t)n * (uint64_t)cyc * 100ULL;
200056de:	02a705b3          	mul	a1,a4,a0
    return (int)((num + den / 2) / den);
200056e2:	4692                	lw	a3,4(sp)
200056e4:	4602                	lw	a2,0(sp)
    num = (uint64_t)n * (uint64_t)cyc * 100ULL;
200056e6:	02a73733          	mulhu	a4,a4,a0
200056ea:	0295b533          	mulhu	a0,a1,s1
200056ee:	02970733          	mul	a4,a4,s1
200056f2:	029585b3          	mul	a1,a1,s1
200056f6:	972a                	add	a4,a4,a0
    return (int)((num + den / 2) / den);
200056f8:	971a                	add	a4,a4,t1
200056fa:	00558533          	add	a0,a1,t0
200056fe:	00b535b3          	sltu	a1,a0,a1
20005702:	95ba                	add	a1,a1,a4
20005704:	490010ef          	jal	20006b94 <__udivdi3>
20005708:	85aa                	mv	a1,a0
    printf("CBD eta2 %%: %d\n",
2000570a:	20001537          	lui	a0,0x20001
2000570e:	c3850513          	addi	a0,a0,-968 # 20000c38 <pqcrystals_kyber512_ref_zetas+0x470>
20005712:	3f0010ef          	jal	20006b02 <printf>
           calc_percentage(n_poly_cbd_eta2, poly_cbd_eta2_cyc, total, n_tests));

    /* ---- Modular arithmetic ---- */
    print_calls("Barrett calls: ", n_barrett, n_tests);
20005716:	8cc1a583          	lw	a1,-1844(gp) # 200100cc <n_barrett>
2000571a:	20001537          	lui	a0,0x20001
2000571e:	8622                	mv	a2,s0
20005720:	c4c50513          	addi	a0,a0,-948 # 20000c4c <pqcrystals_kyber512_ref_zetas+0x484>
20005724:	63f000ef          	jal	20006562 <print_calls>
    print_cycles("Barrett cycles: ", barrett_cyc, n_tests);
20005728:	8c41a583          	lw	a1,-1852(gp) # 200100c4 <barrett_cyc>
2000572c:	20001537          	lui	a0,0x20001
20005730:	8622                	mv	a2,s0
20005732:	c5c50513          	addi	a0,a0,-932 # 20000c5c <pqcrystals_kyber512_ref_zetas+0x494>
20005736:	665000ef          	jal	2000659a <print_cycles>
    num = (uint64_t)n * (uint64_t)cyc * 100ULL;
2000573a:	8c41a503          	lw	a0,-1852(gp) # 200100c4 <barrett_cyc>
2000573e:	8cc1a703          	lw	a4,-1844(gp) # 200100cc <n_barrett>
    return (int)((num + den / 2) / den);
20005742:	42a2                	lw	t0,8(sp)
20005744:	4332                	lw	t1,12(sp)
    num = (uint64_t)n * (uint64_t)cyc * 100ULL;
20005746:	02a705b3          	mul	a1,a4,a0
    return (int)((num + den / 2) / den);
2000574a:	4692                	lw	a3,4(sp)
2000574c:	4602                	lw	a2,0(sp)
    num = (uint64_t)n * (uint64_t)cyc * 100ULL;
2000574e:	02a73733          	mulhu	a4,a4,a0
20005752:	0295b533          	mulhu	a0,a1,s1
20005756:	02970733          	mul	a4,a4,s1
2000575a:	029585b3          	mul	a1,a1,s1
2000575e:	972a                	add	a4,a4,a0
    return (int)((num + den / 2) / den);
20005760:	971a                	add	a4,a4,t1
20005762:	00558533          	add	a0,a1,t0
20005766:	00b535b3          	sltu	a1,a0,a1
2000576a:	95ba                	add	a1,a1,a4
2000576c:	428010ef          	jal	20006b94 <__udivdi3>
20005770:	85aa                	mv	a1,a0
    printf("Barrett %%: %d\n",
20005772:	20001537          	lui	a0,0x20001
20005776:	c7050513          	addi	a0,a0,-912 # 20000c70 <pqcrystals_kyber512_ref_zetas+0x4a8>
2000577a:	388010ef          	jal	20006b02 <printf>
           calc_percentage(n_barrett, barrett_cyc, total, n_tests));

    print_calls("Montgomery calls: ", n_montgomery, n_tests);
2000577e:	8c81a583          	lw	a1,-1848(gp) # 200100c8 <n_montgomery>
20005782:	20001537          	lui	a0,0x20001
20005786:	8622                	mv	a2,s0
20005788:	c8050513          	addi	a0,a0,-896 # 20000c80 <pqcrystals_kyber512_ref_zetas+0x4b8>
2000578c:	5d7000ef          	jal	20006562 <print_calls>
    print_cycles("Montgomery cycles: ", montgomery_cyc, n_tests);
20005790:	8c01a583          	lw	a1,-1856(gp) # 200100c0 <montgomery_cyc>
20005794:	20001537          	lui	a0,0x20001
20005798:	8622                	mv	a2,s0
2000579a:	c9450513          	addi	a0,a0,-876 # 20000c94 <pqcrystals_kyber512_ref_zetas+0x4cc>
2000579e:	5fd000ef          	jal	2000659a <print_cycles>
    num = (uint64_t)n * (uint64_t)cyc * 100ULL;
200057a2:	8c01a503          	lw	a0,-1856(gp) # 200100c0 <montgomery_cyc>
200057a6:	8c81a703          	lw	a4,-1848(gp) # 200100c8 <n_montgomery>
    return (int)((num + den / 2) / den);
200057aa:	42a2                	lw	t0,8(sp)
200057ac:	4332                	lw	t1,12(sp)
    num = (uint64_t)n * (uint64_t)cyc * 100ULL;
200057ae:	02a705b3          	mul	a1,a4,a0
    return (int)((num + den / 2) / den);
200057b2:	4692                	lw	a3,4(sp)
200057b4:	4602                	lw	a2,0(sp)
    num = (uint64_t)n * (uint64_t)cyc * 100ULL;
200057b6:	02a73733          	mulhu	a4,a4,a0
200057ba:	0295b533          	mulhu	a0,a1,s1
200057be:	02970733          	mul	a4,a4,s1
200057c2:	029585b3          	mul	a1,a1,s1
200057c6:	972a                	add	a4,a4,a0
    return (int)((num + den / 2) / den);
200057c8:	971a                	add	a4,a4,t1
200057ca:	00558533          	add	a0,a1,t0
200057ce:	00b535b3          	sltu	a1,a0,a1
200057d2:	95ba                	add	a1,a1,a4
200057d4:	3c0010ef          	jal	20006b94 <__udivdi3>
200057d8:	85aa                	mv	a1,a0
    printf("Montgomery %%: %d\n",
200057da:	20001537          	lui	a0,0x20001
200057de:	ca850513          	addi	a0,a0,-856 # 20000ca8 <pqcrystals_kyber512_ref_zetas+0x4e0>
200057e2:	320010ef          	jal	20006b02 <printf>
           calc_percentage(n_montgomery, montgomery_cyc, total, n_tests));

    /* ---- Polyvec ---- */
    print_calls("Polyvec compress calls: ", n_polyvec_compress, n_tests);
200057e6:	8bc1a583          	lw	a1,-1860(gp) # 200100bc <n_polyvec_compress>
200057ea:	20001537          	lui	a0,0x20001
200057ee:	8622                	mv	a2,s0
200057f0:	cbc50513          	addi	a0,a0,-836 # 20000cbc <pqcrystals_kyber512_ref_zetas+0x4f4>
200057f4:	56f000ef          	jal	20006562 <print_calls>
    print_cycles("Polyvec compress cycles: ", polyvec_compress_cyc, n_tests);
200057f8:	8b41a583          	lw	a1,-1868(gp) # 200100b4 <polyvec_compress_cyc>
200057fc:	20001537          	lui	a0,0x20001
20005800:	8622                	mv	a2,s0
20005802:	cd850513          	addi	a0,a0,-808 # 20000cd8 <pqcrystals_kyber512_ref_zetas+0x510>
20005806:	595000ef          	jal	2000659a <print_cycles>
    num = (uint64_t)n * (uint64_t)cyc * 100ULL;
2000580a:	8b41a503          	lw	a0,-1868(gp) # 200100b4 <polyvec_compress_cyc>
2000580e:	8bc1a703          	lw	a4,-1860(gp) # 200100bc <n_polyvec_compress>
    return (int)((num + den / 2) / den);
20005812:	42a2                	lw	t0,8(sp)
20005814:	4332                	lw	t1,12(sp)
    num = (uint64_t)n * (uint64_t)cyc * 100ULL;
20005816:	02a705b3          	mul	a1,a4,a0
    return (int)((num + den / 2) / den);
2000581a:	4692                	lw	a3,4(sp)
2000581c:	4602                	lw	a2,0(sp)
    num = (uint64_t)n * (uint64_t)cyc * 100ULL;
2000581e:	02a73733          	mulhu	a4,a4,a0
20005822:	0295b533          	mulhu	a0,a1,s1
20005826:	02970733          	mul	a4,a4,s1
2000582a:	029585b3          	mul	a1,a1,s1
2000582e:	972a                	add	a4,a4,a0
    return (int)((num + den / 2) / den);
20005830:	971a                	add	a4,a4,t1
20005832:	00558533          	add	a0,a1,t0
20005836:	00b535b3          	sltu	a1,a0,a1
2000583a:	95ba                	add	a1,a1,a4
2000583c:	358010ef          	jal	20006b94 <__udivdi3>
20005840:	85aa                	mv	a1,a0
    printf("Polyvec compress %%: %d\n",
20005842:	20001537          	lui	a0,0x20001
20005846:	cf450513          	addi	a0,a0,-780 # 20000cf4 <pqcrystals_kyber512_ref_zetas+0x52c>
2000584a:	2b8010ef          	jal	20006b02 <printf>
           calc_percentage(n_polyvec_compress, polyvec_compress_cyc, total, n_tests));

    print_calls("Polyvec decompress calls: ", n_polyvec_decompress, n_tests);
2000584e:	8b81a583          	lw	a1,-1864(gp) # 200100b8 <n_polyvec_decompress>
20005852:	20001537          	lui	a0,0x20001
20005856:	8622                	mv	a2,s0
20005858:	d1050513          	addi	a0,a0,-752 # 20000d10 <pqcrystals_kyber512_ref_zetas+0x548>
2000585c:	507000ef          	jal	20006562 <print_calls>
    print_cycles("Polyvec decompress cycles: ", polyvec_decompress_cyc, n_tests);
20005860:	8b01a583          	lw	a1,-1872(gp) # 200100b0 <polyvec_decompress_cyc>
20005864:	20001537          	lui	a0,0x20001
20005868:	8622                	mv	a2,s0
2000586a:	d2c50513          	addi	a0,a0,-724 # 20000d2c <pqcrystals_kyber512_ref_zetas+0x564>
2000586e:	52d000ef          	jal	2000659a <print_cycles>
    num = (uint64_t)n * (uint64_t)cyc * 100ULL;
20005872:	8b01a503          	lw	a0,-1872(gp) # 200100b0 <polyvec_decompress_cyc>
20005876:	8b81a703          	lw	a4,-1864(gp) # 200100b8 <n_polyvec_decompress>
    return (int)((num + den / 2) / den);
2000587a:	42a2                	lw	t0,8(sp)
2000587c:	4332                	lw	t1,12(sp)
    num = (uint64_t)n * (uint64_t)cyc * 100ULL;
2000587e:	02a705b3          	mul	a1,a4,a0
    return (int)((num + den / 2) / den);
20005882:	4602                	lw	a2,0(sp)
20005884:	4692                	lw	a3,4(sp)
    num = (uint64_t)n * (uint64_t)cyc * 100ULL;
20005886:	02a73733          	mulhu	a4,a4,a0
2000588a:	0295b533          	mulhu	a0,a1,s1
2000588e:	02970733          	mul	a4,a4,s1
20005892:	029585b3          	mul	a1,a1,s1
20005896:	972a                	add	a4,a4,a0
    return (int)((num + den / 2) / den);
20005898:	971a                	add	a4,a4,t1
2000589a:	00558533          	add	a0,a1,t0
2000589e:	00b535b3          	sltu	a1,a0,a1
200058a2:	95ba                	add	a1,a1,a4
200058a4:	2f0010ef          	jal	20006b94 <__udivdi3>
200058a8:	85aa                	mv	a1,a0
    printf("Polyvec decompress %%: %d\n",
200058aa:	20001537          	lui	a0,0x20001
200058ae:	d4850513          	addi	a0,a0,-696 # 20000d48 <pqcrystals_kyber512_ref_zetas+0x580>
200058b2:	250010ef          	jal	20006b02 <printf>
           calc_percentage(n_polyvec_decompress, polyvec_decompress_cyc, total, n_tests));


    print_calls("rkprf calls: ", n_rkprf, n_tests);
200058b6:	8801a583          	lw	a1,-1920(gp) # 20010080 <n_rkprf>
200058ba:	20001537          	lui	a0,0x20001
200058be:	8622                	mv	a2,s0
200058c0:	d6450513          	addi	a0,a0,-668 # 20000d64 <pqcrystals_kyber512_ref_zetas+0x59c>
200058c4:	49f000ef          	jal	20006562 <print_calls>
    print_cycles("rkprf cycles: ", rkprf_cyc, n_tests);
200058c8:	8841a583          	lw	a1,-1916(gp) # 20010084 <rkprf_cyc>
200058cc:	20001537          	lui	a0,0x20001
200058d0:	8622                	mv	a2,s0
200058d2:	d7450513          	addi	a0,a0,-652 # 20000d74 <pqcrystals_kyber512_ref_zetas+0x5ac>
200058d6:	4c5000ef          	jal	2000659a <print_cycles>
    num = (uint64_t)n * (uint64_t)cyc * 100ULL;
200058da:	8801a503          	lw	a0,-1920(gp) # 20010080 <n_rkprf>
200058de:	8841a703          	lw	a4,-1916(gp) # 20010084 <rkprf_cyc>
    return (int)((num + den / 2) / den);
200058e2:	42a2                	lw	t0,8(sp)
200058e4:	4332                	lw	t1,12(sp)
    num = (uint64_t)n * (uint64_t)cyc * 100ULL;
200058e6:	02a705b3          	mul	a1,a4,a0
    return (int)((num + den / 2) / den);
200058ea:	4692                	lw	a3,4(sp)
200058ec:	4602                	lw	a2,0(sp)
    num = (uint64_t)n * (uint64_t)cyc * 100ULL;
200058ee:	02a73733          	mulhu	a4,a4,a0
200058f2:	0295b533          	mulhu	a0,a1,s1
200058f6:	02970733          	mul	a4,a4,s1
200058fa:	029585b3          	mul	a1,a1,s1
200058fe:	972a                	add	a4,a4,a0
    return (int)((num + den / 2) / den);
20005900:	971a                	add	a4,a4,t1
20005902:	00558533          	add	a0,a1,t0
20005906:	00b535b3          	sltu	a1,a0,a1
2000590a:	95ba                	add	a1,a1,a4
2000590c:	288010ef          	jal	20006b94 <__udivdi3>
20005910:	85aa                	mv	a1,a0
    printf("rkprf %%: %d\n",
20005912:	20001537          	lui	a0,0x20001
20005916:	d8450513          	addi	a0,a0,-636 # 20000d84 <pqcrystals_kyber512_ref_zetas+0x5bc>
2000591a:	1e8010ef          	jal	20006b02 <printf>
           calc_percentage(n_rkprf, rkprf_cyc, total, n_tests));


    print_calls("rej_uniform calls: ", n_rej_uniform, n_tests);
2000591e:	87c1a583          	lw	a1,-1924(gp) # 2001007c <n_rej_uniform>
20005922:	20001537          	lui	a0,0x20001
20005926:	8622                	mv	a2,s0
20005928:	d9450513          	addi	a0,a0,-620 # 20000d94 <pqcrystals_kyber512_ref_zetas+0x5cc>
2000592c:	437000ef          	jal	20006562 <print_calls>
    print_cycles("rej_uniform cycles: ", rej_uniform_cyc, n_tests);
20005930:	8781a583          	lw	a1,-1928(gp) # 20010078 <rej_uniform_cyc>
20005934:	20001537          	lui	a0,0x20001
20005938:	8622                	mv	a2,s0
2000593a:	da850513          	addi	a0,a0,-600 # 20000da8 <pqcrystals_kyber512_ref_zetas+0x5e0>
2000593e:	45d000ef          	jal	2000659a <print_cycles>
    num = (uint64_t)n * (uint64_t)cyc * 100ULL;
20005942:	8781a583          	lw	a1,-1928(gp) # 20010078 <rej_uniform_cyc>
20005946:	87c1a503          	lw	a0,-1924(gp) # 2001007c <n_rej_uniform>
    return (int)((num + den / 2) / den);
2000594a:	42a2                	lw	t0,8(sp)
2000594c:	4332                	lw	t1,12(sp)
    num = (uint64_t)n * (uint64_t)cyc * 100ULL;
2000594e:	02a5b733          	mulhu	a4,a1,a0
    return (int)((num + den / 2) / den);
20005952:	4602                	lw	a2,0(sp)
20005954:	4692                	lw	a3,4(sp)
    num = (uint64_t)n * (uint64_t)cyc * 100ULL;
20005956:	02a585b3          	mul	a1,a1,a0
2000595a:	02970733          	mul	a4,a4,s1
2000595e:	029587b3          	mul	a5,a1,s1
20005962:	0295b533          	mulhu	a0,a1,s1
20005966:	00a705b3          	add	a1,a4,a0
    return (int)((num + den / 2) / den);
2000596a:	00578533          	add	a0,a5,t0
2000596e:	959a                	add	a1,a1,t1
20005970:	00f537b3          	sltu	a5,a0,a5
20005974:	95be                	add	a1,a1,a5
20005976:	21e010ef          	jal	20006b94 <__udivdi3>
2000597a:	85aa                	mv	a1,a0
2000597c:	aeed                	j	20005d76 <print_stuff+0xcc0>
    printf("SHAKE128 %%: %d\n",
2000597e:	20001537          	lui	a0,0x20001
20005982:	4581                	li	a1,0
20005984:	8f050513          	addi	a0,a0,-1808 # 200008f0 <pqcrystals_kyber512_ref_zetas+0x128>
20005988:	17a010ef          	jal	20006b02 <printf>
    print_calls("SHAKE256 calls: ", n_shake256, n_tests);
2000598c:	8ac1a583          	lw	a1,-1876(gp) # 200100ac <n_shake256>
20005990:	20001537          	lui	a0,0x20001
20005994:	8622                	mv	a2,s0
20005996:	90450513          	addi	a0,a0,-1788 # 20000904 <pqcrystals_kyber512_ref_zetas+0x13c>
2000599a:	3c9000ef          	jal	20006562 <print_calls>
    print_cycles("SHAKE256 cycles: ", shake256_cyc, n_tests);
2000599e:	8a41a583          	lw	a1,-1884(gp) # 200100a4 <shake256_cyc>
200059a2:	20001537          	lui	a0,0x20001
200059a6:	8622                	mv	a2,s0
200059a8:	91850513          	addi	a0,a0,-1768 # 20000918 <pqcrystals_kyber512_ref_zetas+0x150>
200059ac:	3ef000ef          	jal	2000659a <print_cycles>
    printf("SHAKE256 %%: %d\n",
200059b0:	20001537          	lui	a0,0x20001
200059b4:	4581                	li	a1,0
200059b6:	92c50513          	addi	a0,a0,-1748 # 2000092c <pqcrystals_kyber512_ref_zetas+0x164>
200059ba:	148010ef          	jal	20006b02 <printf>
    print_calls("sha3_256 calls: ", n_sha3_256, n_tests);
200059be:	8981a583          	lw	a1,-1896(gp) # 20010098 <n_sha3_256>
200059c2:	20001537          	lui	a0,0x20001
200059c6:	8622                	mv	a2,s0
200059c8:	94050513          	addi	a0,a0,-1728 # 20000940 <pqcrystals_kyber512_ref_zetas+0x178>
200059cc:	397000ef          	jal	20006562 <print_calls>
    print_cycles("sha3_256 cycles: ", sha3_256_cyc, n_tests);
200059d0:	89c1a583          	lw	a1,-1892(gp) # 2001009c <sha3_256_cyc>
200059d4:	20001537          	lui	a0,0x20001
200059d8:	8622                	mv	a2,s0
200059da:	95450513          	addi	a0,a0,-1708 # 20000954 <pqcrystals_kyber512_ref_zetas+0x18c>
200059de:	3bd000ef          	jal	2000659a <print_cycles>
    printf("sha3_256 %%: %d\n",
200059e2:	20001537          	lui	a0,0x20001
200059e6:	4581                	li	a1,0
200059e8:	96850513          	addi	a0,a0,-1688 # 20000968 <pqcrystals_kyber512_ref_zetas+0x1a0>
200059ec:	116010ef          	jal	20006b02 <printf>
    print_calls("sha3_512 calls: ", n_sha3_512, n_tests);
200059f0:	8941a583          	lw	a1,-1900(gp) # 20010094 <n_sha3_512>
200059f4:	20001537          	lui	a0,0x20001
200059f8:	8622                	mv	a2,s0
200059fa:	97c50513          	addi	a0,a0,-1668 # 2000097c <pqcrystals_kyber512_ref_zetas+0x1b4>
200059fe:	365000ef          	jal	20006562 <print_calls>
    print_cycles("sha3_512 cycles: ", sha3_512_cyc, n_tests);
20005a02:	8901a583          	lw	a1,-1904(gp) # 20010090 <sha3_512_cyc>
20005a06:	20001537          	lui	a0,0x20001
20005a0a:	8622                	mv	a2,s0
20005a0c:	99050513          	addi	a0,a0,-1648 # 20000990 <pqcrystals_kyber512_ref_zetas+0x1c8>
20005a10:	38b000ef          	jal	2000659a <print_cycles>
    printf("sha3_512 %%: %d\n",
20005a14:	20001537          	lui	a0,0x20001
20005a18:	4581                	li	a1,0
20005a1a:	9a450513          	addi	a0,a0,-1628 # 200009a4 <pqcrystals_kyber512_ref_zetas+0x1dc>
20005a1e:	0e4010ef          	jal	20006b02 <printf>
    print_calls("gen_matrix calls: ", n_gen_matrix, n_tests);
20005a22:	88c1a583          	lw	a1,-1908(gp) # 2001008c <n_gen_matrix>
20005a26:	20001537          	lui	a0,0x20001
20005a2a:	8622                	mv	a2,s0
20005a2c:	9b850513          	addi	a0,a0,-1608 # 200009b8 <pqcrystals_kyber512_ref_zetas+0x1f0>
20005a30:	333000ef          	jal	20006562 <print_calls>
    print_cycles("gen_matrix cycles: ", gen_matrix_cyc, n_tests);
20005a34:	8881a583          	lw	a1,-1912(gp) # 20010088 <gen_matrix_cyc>
20005a38:	20001537          	lui	a0,0x20001
20005a3c:	8622                	mv	a2,s0
20005a3e:	9cc50513          	addi	a0,a0,-1588 # 200009cc <pqcrystals_kyber512_ref_zetas+0x204>
20005a42:	359000ef          	jal	2000659a <print_cycles>
    printf("gen_matrix %%: %d\n",
20005a46:	20001537          	lui	a0,0x20001
20005a4a:	4581                	li	a1,0
20005a4c:	9e050513          	addi	a0,a0,-1568 # 200009e0 <pqcrystals_kyber512_ref_zetas+0x218>
20005a50:	0b2010ef          	jal	20006b02 <printf>
    print_calls("State Permute calls: ", n_statepermute, n_tests);
20005a54:	91c1a583          	lw	a1,-1764(gp) # 2001011c <n_statepermute>
20005a58:	20001537          	lui	a0,0x20001
20005a5c:	8622                	mv	a2,s0
20005a5e:	9f450513          	addi	a0,a0,-1548 # 200009f4 <pqcrystals_kyber512_ref_zetas+0x22c>
20005a62:	301000ef          	jal	20006562 <print_calls>
    print_cycles("State Permute cycles: ", statepermute_cyc, n_tests);
20005a66:	9101a583          	lw	a1,-1776(gp) # 20010110 <statepermute_cyc>
20005a6a:	20001537          	lui	a0,0x20001
20005a6e:	8622                	mv	a2,s0
20005a70:	a0c50513          	addi	a0,a0,-1524 # 20000a0c <pqcrystals_kyber512_ref_zetas+0x244>
20005a74:	327000ef          	jal	2000659a <print_cycles>
    printf("State Permute %%: %d\n",
20005a78:	20001537          	lui	a0,0x20001
20005a7c:	4581                	li	a1,0
20005a7e:	a2450513          	addi	a0,a0,-1500 # 20000a24 <pqcrystals_kyber512_ref_zetas+0x25c>
20005a82:	080010ef          	jal	20006b02 <printf>
    print_calls("NTT calls: ", n_ntt, n_tests);
20005a86:	9181a583          	lw	a1,-1768(gp) # 20010118 <n_ntt>
20005a8a:	20001537          	lui	a0,0x20001
20005a8e:	8622                	mv	a2,s0
20005a90:	a3c50513          	addi	a0,a0,-1476 # 20000a3c <pqcrystals_kyber512_ref_zetas+0x274>
20005a94:	2cf000ef          	jal	20006562 <print_calls>
    print_cycles("NTT cycles: ", ntt_cyc, n_tests);
20005a98:	90c1a583          	lw	a1,-1780(gp) # 2001010c <ntt_cyc>
20005a9c:	20001537          	lui	a0,0x20001
20005aa0:	8622                	mv	a2,s0
20005aa2:	a4850513          	addi	a0,a0,-1464 # 20000a48 <pqcrystals_kyber512_ref_zetas+0x280>
20005aa6:	2f5000ef          	jal	2000659a <print_cycles>
    printf("NTT %%: %d\n",
20005aaa:	20001537          	lui	a0,0x20001
20005aae:	4581                	li	a1,0
20005ab0:	a5850513          	addi	a0,a0,-1448 # 20000a58 <pqcrystals_kyber512_ref_zetas+0x290>
20005ab4:	04e010ef          	jal	20006b02 <printf>
    print_calls("INVNTT calls: ", n_invntt, n_tests);
20005ab8:	9141a583          	lw	a1,-1772(gp) # 20010114 <n_invntt>
20005abc:	20001537          	lui	a0,0x20001
20005ac0:	8622                	mv	a2,s0
20005ac2:	a6450513          	addi	a0,a0,-1436 # 20000a64 <pqcrystals_kyber512_ref_zetas+0x29c>
20005ac6:	29d000ef          	jal	20006562 <print_calls>
    print_cycles("INVNTT cycles: ", inv_ntt_cyc, n_tests);
20005aca:	9081a583          	lw	a1,-1784(gp) # 20010108 <inv_ntt_cyc>
20005ace:	20001537          	lui	a0,0x20001
20005ad2:	8622                	mv	a2,s0
20005ad4:	a7450513          	addi	a0,a0,-1420 # 20000a74 <pqcrystals_kyber512_ref_zetas+0x2ac>
20005ad8:	2c3000ef          	jal	2000659a <print_cycles>
    printf("INVNTT %%: %d\n",
20005adc:	20001537          	lui	a0,0x20001
20005ae0:	4581                	li	a1,0
20005ae2:	a8450513          	addi	a0,a0,-1404 # 20000a84 <pqcrystals_kyber512_ref_zetas+0x2bc>
20005ae6:	01c010ef          	jal	20006b02 <printf>
    print_calls("Poly compress calls: ", n_poly_compress, n_tests);
20005aea:	9041a583          	lw	a1,-1788(gp) # 20010104 <n_poly_compress>
20005aee:	20001537          	lui	a0,0x20001
20005af2:	8622                	mv	a2,s0
20005af4:	a9450513          	addi	a0,a0,-1388 # 20000a94 <pqcrystals_kyber512_ref_zetas+0x2cc>
20005af8:	26b000ef          	jal	20006562 <print_calls>
    print_cycles("Poly compress cycles: ", poly_compress_cyc, n_tests);
20005afc:	8fc1a583          	lw	a1,-1796(gp) # 200100fc <poly_compress_cyc>
20005b00:	20001537          	lui	a0,0x20001
20005b04:	8622                	mv	a2,s0
20005b06:	aac50513          	addi	a0,a0,-1364 # 20000aac <pqcrystals_kyber512_ref_zetas+0x2e4>
20005b0a:	291000ef          	jal	2000659a <print_cycles>
    printf("Poly compress %%: %d\n",
20005b0e:	20001537          	lui	a0,0x20001
20005b12:	4581                	li	a1,0
20005b14:	ac450513          	addi	a0,a0,-1340 # 20000ac4 <pqcrystals_kyber512_ref_zetas+0x2fc>
20005b18:	7eb000ef          	jal	20006b02 <printf>
    print_calls("Poly decompress calls: ", n_poly_decompress, n_tests);
20005b1c:	9001a583          	lw	a1,-1792(gp) # 20010100 <n_poly_decompress>
20005b20:	20001537          	lui	a0,0x20001
20005b24:	8622                	mv	a2,s0
20005b26:	adc50513          	addi	a0,a0,-1316 # 20000adc <pqcrystals_kyber512_ref_zetas+0x314>
20005b2a:	239000ef          	jal	20006562 <print_calls>
    print_cycles("Poly decompress cycles: ", poly_decompress_cyc, n_tests);
20005b2e:	8f81a583          	lw	a1,-1800(gp) # 200100f8 <poly_decompress_cyc>
20005b32:	20001537          	lui	a0,0x20001
20005b36:	8622                	mv	a2,s0
20005b38:	af450513          	addi	a0,a0,-1292 # 20000af4 <pqcrystals_kyber512_ref_zetas+0x32c>
20005b3c:	25f000ef          	jal	2000659a <print_cycles>
    printf("Poly decompress %%: %d\n",
20005b40:	20001537          	lui	a0,0x20001
20005b44:	4581                	li	a1,0
20005b46:	b1050513          	addi	a0,a0,-1264 # 20000b10 <pqcrystals_kyber512_ref_zetas+0x348>
20005b4a:	7b9000ef          	jal	20006b02 <printf>
    print_calls("Poly add calls: ", n_poly_add, n_tests);
20005b4e:	8f41a583          	lw	a1,-1804(gp) # 200100f4 <n_poly_add>
20005b52:	20001537          	lui	a0,0x20001
20005b56:	8622                	mv	a2,s0
20005b58:	b2850513          	addi	a0,a0,-1240 # 20000b28 <pqcrystals_kyber512_ref_zetas+0x360>
20005b5c:	207000ef          	jal	20006562 <print_calls>
    print_cycles("Poly add cycles: ", poly_add_cyc, n_tests);
20005b60:	8e01a583          	lw	a1,-1824(gp) # 200100e0 <poly_add_cyc>
20005b64:	20001537          	lui	a0,0x20001
20005b68:	8622                	mv	a2,s0
20005b6a:	b3c50513          	addi	a0,a0,-1220 # 20000b3c <pqcrystals_kyber512_ref_zetas+0x374>
20005b6e:	22d000ef          	jal	2000659a <print_cycles>
    printf("Poly add %%: %d\n",
20005b72:	20001537          	lui	a0,0x20001
20005b76:	4581                	li	a1,0
20005b78:	b5050513          	addi	a0,a0,-1200 # 20000b50 <pqcrystals_kyber512_ref_zetas+0x388>
20005b7c:	787000ef          	jal	20006b02 <printf>
    print_calls("Poly sub calls: ", n_poly_sub, n_tests);
20005b80:	8f01a583          	lw	a1,-1808(gp) # 200100f0 <n_poly_sub>
20005b84:	200014b7          	lui	s1,0x20001
20005b88:	8622                	mv	a2,s0
20005b8a:	b6448513          	addi	a0,s1,-1180 # 20000b64 <pqcrystals_kyber512_ref_zetas+0x39c>
20005b8e:	1d5000ef          	jal	20006562 <print_calls>
    print_calls("Poly sub calls: ", n_poly_sub, n_tests);
20005b92:	8f01a583          	lw	a1,-1808(gp) # 200100f0 <n_poly_sub>
20005b96:	8622                	mv	a2,s0
20005b98:	b6448513          	addi	a0,s1,-1180
20005b9c:	1c7000ef          	jal	20006562 <print_calls>
    print_cycles("Poly sub cycles: ", poly_sub_cyc, n_tests);
20005ba0:	8e41a583          	lw	a1,-1820(gp) # 200100e4 <poly_sub_cyc>
20005ba4:	20001537          	lui	a0,0x20001
20005ba8:	8622                	mv	a2,s0
20005baa:	b7850513          	addi	a0,a0,-1160 # 20000b78 <pqcrystals_kyber512_ref_zetas+0x3b0>
20005bae:	1ed000ef          	jal	2000659a <print_cycles>
    printf("Poly sub %%: %d\n",
20005bb2:	20001537          	lui	a0,0x20001
20005bb6:	4581                	li	a1,0
20005bb8:	b8c50513          	addi	a0,a0,-1140 # 20000b8c <pqcrystals_kyber512_ref_zetas+0x3c4>
20005bbc:	747000ef          	jal	20006b02 <printf>
    print_calls("Basemul calls: ", n_basemul, n_tests);
20005bc0:	8ec1a583          	lw	a1,-1812(gp) # 200100ec <n_basemul>
20005bc4:	20001537          	lui	a0,0x20001
20005bc8:	8622                	mv	a2,s0
20005bca:	ba050513          	addi	a0,a0,-1120 # 20000ba0 <pqcrystals_kyber512_ref_zetas+0x3d8>
20005bce:	195000ef          	jal	20006562 <print_calls>
    print_cycles("Basemul cycles: ", basemul_cyc, n_tests);
20005bd2:	8e81a583          	lw	a1,-1816(gp) # 200100e8 <basemul_cyc>
20005bd6:	20001537          	lui	a0,0x20001
20005bda:	8622                	mv	a2,s0
20005bdc:	bb050513          	addi	a0,a0,-1104 # 20000bb0 <pqcrystals_kyber512_ref_zetas+0x3e8>
20005be0:	1bb000ef          	jal	2000659a <print_cycles>
    printf("Basemul %%: %d\n",
20005be4:	20001537          	lui	a0,0x20001
20005be8:	4581                	li	a1,0
20005bea:	bc450513          	addi	a0,a0,-1084 # 20000bc4 <pqcrystals_kyber512_ref_zetas+0x3fc>
20005bee:	715000ef          	jal	20006b02 <printf>
    print_calls("CBD eta1 calls: ", n_poly_cbd_eta1, n_tests);
20005bf2:	8d41a583          	lw	a1,-1836(gp) # 200100d4 <n_poly_cbd_eta1>
20005bf6:	20001537          	lui	a0,0x20001
20005bfa:	8622                	mv	a2,s0
20005bfc:	bd450513          	addi	a0,a0,-1068 # 20000bd4 <pqcrystals_kyber512_ref_zetas+0x40c>
20005c00:	163000ef          	jal	20006562 <print_calls>
    print_cycles("CBD eta1 cycles: ", poly_cbd_eta1_cyc, n_tests);
20005c04:	8d01a583          	lw	a1,-1840(gp) # 200100d0 <poly_cbd_eta1_cyc>
20005c08:	20001537          	lui	a0,0x20001
20005c0c:	8622                	mv	a2,s0
20005c0e:	be850513          	addi	a0,a0,-1048 # 20000be8 <pqcrystals_kyber512_ref_zetas+0x420>
20005c12:	189000ef          	jal	2000659a <print_cycles>
    printf("CBD eta1 %%: %d\n",
20005c16:	20001537          	lui	a0,0x20001
20005c1a:	4581                	li	a1,0
20005c1c:	bfc50513          	addi	a0,a0,-1028 # 20000bfc <pqcrystals_kyber512_ref_zetas+0x434>
20005c20:	6e3000ef          	jal	20006b02 <printf>
    print_calls("CBD eta2 calls: ", n_poly_cbd_eta2, n_tests);
20005c24:	8dc1a583          	lw	a1,-1828(gp) # 200100dc <n_poly_cbd_eta2>
20005c28:	20001537          	lui	a0,0x20001
20005c2c:	8622                	mv	a2,s0
20005c2e:	c1050513          	addi	a0,a0,-1008 # 20000c10 <pqcrystals_kyber512_ref_zetas+0x448>
20005c32:	131000ef          	jal	20006562 <print_calls>
    print_cycles("CBD eta2 cycles: ", poly_cbd_eta2_cyc, n_tests);
20005c36:	8d81a583          	lw	a1,-1832(gp) # 200100d8 <poly_cbd_eta2_cyc>
20005c3a:	20001537          	lui	a0,0x20001
20005c3e:	8622                	mv	a2,s0
20005c40:	c2450513          	addi	a0,a0,-988 # 20000c24 <pqcrystals_kyber512_ref_zetas+0x45c>
20005c44:	157000ef          	jal	2000659a <print_cycles>
    printf("CBD eta2 %%: %d\n",
20005c48:	20001537          	lui	a0,0x20001
20005c4c:	4581                	li	a1,0
20005c4e:	c3850513          	addi	a0,a0,-968 # 20000c38 <pqcrystals_kyber512_ref_zetas+0x470>
20005c52:	6b1000ef          	jal	20006b02 <printf>
    print_calls("Barrett calls: ", n_barrett, n_tests);
20005c56:	8cc1a583          	lw	a1,-1844(gp) # 200100cc <n_barrett>
20005c5a:	20001537          	lui	a0,0x20001
20005c5e:	8622                	mv	a2,s0
20005c60:	c4c50513          	addi	a0,a0,-948 # 20000c4c <pqcrystals_kyber512_ref_zetas+0x484>
20005c64:	0ff000ef          	jal	20006562 <print_calls>
    print_cycles("Barrett cycles: ", barrett_cyc, n_tests);
20005c68:	8c41a583          	lw	a1,-1852(gp) # 200100c4 <barrett_cyc>
20005c6c:	20001537          	lui	a0,0x20001
20005c70:	8622                	mv	a2,s0
20005c72:	c5c50513          	addi	a0,a0,-932 # 20000c5c <pqcrystals_kyber512_ref_zetas+0x494>
20005c76:	125000ef          	jal	2000659a <print_cycles>
    printf("Barrett %%: %d\n",
20005c7a:	20001537          	lui	a0,0x20001
20005c7e:	4581                	li	a1,0
20005c80:	c7050513          	addi	a0,a0,-912 # 20000c70 <pqcrystals_kyber512_ref_zetas+0x4a8>
20005c84:	67f000ef          	jal	20006b02 <printf>
    print_calls("Montgomery calls: ", n_montgomery, n_tests);
20005c88:	8c81a583          	lw	a1,-1848(gp) # 200100c8 <n_montgomery>
20005c8c:	20001537          	lui	a0,0x20001
20005c90:	8622                	mv	a2,s0
20005c92:	c8050513          	addi	a0,a0,-896 # 20000c80 <pqcrystals_kyber512_ref_zetas+0x4b8>
20005c96:	0cd000ef          	jal	20006562 <print_calls>
    print_cycles("Montgomery cycles: ", montgomery_cyc, n_tests);
20005c9a:	8c01a583          	lw	a1,-1856(gp) # 200100c0 <montgomery_cyc>
20005c9e:	20001537          	lui	a0,0x20001
20005ca2:	8622                	mv	a2,s0
20005ca4:	c9450513          	addi	a0,a0,-876 # 20000c94 <pqcrystals_kyber512_ref_zetas+0x4cc>
20005ca8:	0f3000ef          	jal	2000659a <print_cycles>
    printf("Montgomery %%: %d\n",
20005cac:	20001537          	lui	a0,0x20001
20005cb0:	4581                	li	a1,0
20005cb2:	ca850513          	addi	a0,a0,-856 # 20000ca8 <pqcrystals_kyber512_ref_zetas+0x4e0>
20005cb6:	64d000ef          	jal	20006b02 <printf>
    print_calls("Polyvec compress calls: ", n_polyvec_compress, n_tests);
20005cba:	8bc1a583          	lw	a1,-1860(gp) # 200100bc <n_polyvec_compress>
20005cbe:	20001537          	lui	a0,0x20001
20005cc2:	8622                	mv	a2,s0
20005cc4:	cbc50513          	addi	a0,a0,-836 # 20000cbc <pqcrystals_kyber512_ref_zetas+0x4f4>
20005cc8:	09b000ef          	jal	20006562 <print_calls>
    print_cycles("Polyvec compress cycles: ", polyvec_compress_cyc, n_tests);
20005ccc:	8b41a583          	lw	a1,-1868(gp) # 200100b4 <polyvec_compress_cyc>
20005cd0:	20001537          	lui	a0,0x20001
20005cd4:	8622                	mv	a2,s0
20005cd6:	cd850513          	addi	a0,a0,-808 # 20000cd8 <pqcrystals_kyber512_ref_zetas+0x510>
20005cda:	0c1000ef          	jal	2000659a <print_cycles>
    printf("Polyvec compress %%: %d\n",
20005cde:	20001537          	lui	a0,0x20001
20005ce2:	4581                	li	a1,0
20005ce4:	cf450513          	addi	a0,a0,-780 # 20000cf4 <pqcrystals_kyber512_ref_zetas+0x52c>
20005ce8:	61b000ef          	jal	20006b02 <printf>
    print_calls("Polyvec decompress calls: ", n_polyvec_decompress, n_tests);
20005cec:	8b81a583          	lw	a1,-1864(gp) # 200100b8 <n_polyvec_decompress>
20005cf0:	20001537          	lui	a0,0x20001
20005cf4:	8622                	mv	a2,s0
20005cf6:	d1050513          	addi	a0,a0,-752 # 20000d10 <pqcrystals_kyber512_ref_zetas+0x548>
20005cfa:	069000ef          	jal	20006562 <print_calls>
    print_cycles("Polyvec decompress cycles: ", polyvec_decompress_cyc, n_tests);
20005cfe:	8b01a583          	lw	a1,-1872(gp) # 200100b0 <polyvec_decompress_cyc>
20005d02:	20001537          	lui	a0,0x20001
20005d06:	8622                	mv	a2,s0
20005d08:	d2c50513          	addi	a0,a0,-724 # 20000d2c <pqcrystals_kyber512_ref_zetas+0x564>
20005d0c:	08f000ef          	jal	2000659a <print_cycles>
    printf("Polyvec decompress %%: %d\n",
20005d10:	20001537          	lui	a0,0x20001
20005d14:	4581                	li	a1,0
20005d16:	d4850513          	addi	a0,a0,-696 # 20000d48 <pqcrystals_kyber512_ref_zetas+0x580>
20005d1a:	5e9000ef          	jal	20006b02 <printf>
    print_calls("rkprf calls: ", n_rkprf, n_tests);
20005d1e:	8801a583          	lw	a1,-1920(gp) # 20010080 <n_rkprf>
20005d22:	20001537          	lui	a0,0x20001
20005d26:	8622                	mv	a2,s0
20005d28:	d6450513          	addi	a0,a0,-668 # 20000d64 <pqcrystals_kyber512_ref_zetas+0x59c>
20005d2c:	037000ef          	jal	20006562 <print_calls>
    print_cycles("rkprf cycles: ", rkprf_cyc, n_tests);
20005d30:	8841a583          	lw	a1,-1916(gp) # 20010084 <rkprf_cyc>
20005d34:	20001537          	lui	a0,0x20001
20005d38:	8622                	mv	a2,s0
20005d3a:	d7450513          	addi	a0,a0,-652 # 20000d74 <pqcrystals_kyber512_ref_zetas+0x5ac>
20005d3e:	05d000ef          	jal	2000659a <print_cycles>
    printf("rkprf %%: %d\n",
20005d42:	20001537          	lui	a0,0x20001
20005d46:	4581                	li	a1,0
20005d48:	d8450513          	addi	a0,a0,-636 # 20000d84 <pqcrystals_kyber512_ref_zetas+0x5bc>
20005d4c:	5b7000ef          	jal	20006b02 <printf>
    print_calls("rej_uniform calls: ", n_rej_uniform, n_tests);
20005d50:	87c1a583          	lw	a1,-1924(gp) # 2001007c <n_rej_uniform>
20005d54:	20001537          	lui	a0,0x20001
20005d58:	8622                	mv	a2,s0
20005d5a:	d9450513          	addi	a0,a0,-620 # 20000d94 <pqcrystals_kyber512_ref_zetas+0x5cc>
20005d5e:	005000ef          	jal	20006562 <print_calls>
    print_cycles("rej_uniform cycles: ", rej_uniform_cyc, n_tests);
20005d62:	8781a583          	lw	a1,-1928(gp) # 20010078 <rej_uniform_cyc>
20005d66:	20001537          	lui	a0,0x20001
20005d6a:	8622                	mv	a2,s0
20005d6c:	da850513          	addi	a0,a0,-600 # 20000da8 <pqcrystals_kyber512_ref_zetas+0x5e0>
20005d70:	02b000ef          	jal	2000659a <print_cycles>
    if (total == 0 || n_tests == 0) return 0;
20005d74:	4581                	li	a1,0
    printf("rej_uniform %%: %d\n",
20005d76:	20001537          	lui	a0,0x20001
20005d7a:	dc050513          	addi	a0,a0,-576 # 20000dc0 <pqcrystals_kyber512_ref_zetas+0x5f8>
20005d7e:	585000ef          	jal	20006b02 <printf>
           calc_percentage(n_rej_uniform, rej_uniform_cyc, total, n_tests));
    
    reset_vals();
}
20005d82:	4452                	lw	s0,20(sp)
20005d84:	40e2                	lw	ra,24(sp)
20005d86:	44c2                	lw	s1,16(sp)
20005d88:	0171                	addi	sp,sp,28
    reset_vals();
20005d8a:	a92ff06f          	j	2000501c <reset_vals>

20005d8e <main>:


int main(void)
{
20005d8e:	8f010113          	addi	sp,sp,-1808
20005d92:	72fd                	lui	t0,0xfffff
20005d94:	70112623          	sw	ra,1804(sp)
20005d98:	70812423          	sw	s0,1800(sp)
20005d9c:	70912223          	sw	s1,1796(sp)
20005da0:	9116                	add	sp,sp,t0
    uint32_t reg = nrf_csr_read(VPRCSR_MCOUNTINHIBIT);
20005da2:	320027f3          	csrr	a5,mcountinhibit
    reg = (reg & ~VPRCSR_MCOUNTINHIBIT_CY_Msk) | (enable ?
20005da6:	9bf9                	andi	a5,a5,-2
    nrf_csr_write(VPRCSR_MCOUNTINHIBIT, reg);
20005da8:	32079073          	csrw	mcountinhibit,a5
  cpucycles_init();
 
  printf("Cpu Cycles Initalized and Cache Enabled\n");
20005dac:	20001537          	lui	a0,0x20001
20005db0:	dd450513          	addi	a0,a0,-556 # 20000dd4 <pqcrystals_kyber512_ref_zetas+0x60c>
20005db4:	54f000ef          	jal	20006b02 <printf>
  uint8_t coins32[KYBER_SYMBYTES];
  uint8_t coins64[2*KYBER_SYMBYTES];
  polyvec matrix[KYBER_K];
  poly ap;

  randombytes(coins32, KYBER_SYMBYTES);
20005db8:	1048                	addi	a0,sp,36
20005dba:	02000593          	li	a1,32
20005dbe:	9b8ff0ef          	jal	20004f76 <randombytes>
  randombytes(coins64, 2*KYBER_SYMBYTES);
20005dc2:	00c8                	addi	a0,sp,68
20005dc4:	04000593          	li	a1,64
20005dc8:	9aeff0ef          	jal	20004f76 <randombytes>
  for(i=0;i<NTESTS;i++) {
20005dcc:	200107b7          	lui	a5,0x20010
20005dd0:	02878493          	addi	s1,a5,40 # 20010028 <t>
20005dd4:	05048413          	addi	s0,s1,80
  randombytes(coins64, 2*KYBER_SYMBYTES);
20005dd8:	02878793          	addi	a5,a5,40
    return nrf_csr_read(VPRCSR_MCYCLE) | ((uint64_t)nrf_csr_read(VPRCSR_MCYCLEH) << 32);
20005ddc:	b00026f3          	csrr	a3,mcycle
20005de0:	b8002773          	csrr	a4,mcycleh
    t[i] = cpucycles();
    gen_matrix(matrix, seed, 0);
20005de4:	6505                	lui	a0,0x1
20005de6:	00410313          	addi	t1,sp,4
20005dea:	200105b7          	lui	a1,0x20010
20005dee:	f0050513          	addi	a0,a0,-256 # f00 <__rodata_size+0x4bc>
20005df2:	c394                	sw	a3,0(a5)
20005df4:	c3d8                	sw	a4,4(a5)
20005df6:	4601                	li	a2,0
20005df8:	00858593          	addi	a1,a1,8 # 20010008 <seed>
20005dfc:	951a                	add	a0,a0,t1
20005dfe:	c03e                	sw	a5,0(sp)
20005e00:	b79fd0ef          	jal	20003978 <pqcrystals_kyber512_ref_gen_matrix>
  for(i=0;i<NTESTS;i++) {
20005e04:	4782                	lw	a5,0(sp)
20005e06:	07a1                	addi	a5,a5,8
20005e08:	fc879ae3          	bne	a5,s0,20005ddc <main+0x4e>
  }
  print_results("gen_a: ", t, NTESTS);
20005e0c:	200107b7          	lui	a5,0x20010
20005e10:	20001537          	lui	a0,0x20001
20005e14:	02878593          	addi	a1,a5,40 # 20010028 <t>
20005e18:	e0050513          	addi	a0,a0,-512 # 20000e00 <pqcrystals_kyber512_ref_zetas+0x638>
20005e1c:	4629                	li	a2,10
20005e1e:	2b09                	jal	20006330 <print_results>
20005e20:	87a6                	mv	a5,s1
20005e22:	b00026f3          	csrr	a3,mcycle
20005e26:	b8002773          	csrr	a4,mcycleh

  for(i=0;i<NTESTS;i++) {
    t[i] = cpucycles();
    poly_getnoise_eta1(&ap, seed, 0);
20005e2a:	20010637          	lui	a2,0x20010
20005e2e:	00860593          	addi	a1,a2,8 # 20010008 <seed>
20005e32:	c394                	sw	a3,0(a5)
20005e34:	c3d8                	sw	a4,4(a5)
20005e36:	0148                	addi	a0,sp,132
20005e38:	4601                	li	a2,0
20005e3a:	c03e                	sw	a5,0(sp)
20005e3c:	917fe0ef          	jal	20004752 <pqcrystals_kyber512_ref_poly_getnoise_eta1>
  for(i=0;i<NTESTS;i++) {
20005e40:	4782                	lw	a5,0(sp)
20005e42:	07a1                	addi	a5,a5,8
20005e44:	fc879fe3          	bne	a5,s0,20005e22 <main+0x94>
  }
  print_results("poly_getnoise_eta1: ", t, NTESTS);
20005e48:	200107b7          	lui	a5,0x20010
20005e4c:	20001537          	lui	a0,0x20001
20005e50:	02878593          	addi	a1,a5,40 # 20010028 <t>
20005e54:	e0850513          	addi	a0,a0,-504 # 20000e08 <pqcrystals_kyber512_ref_zetas+0x640>
20005e58:	4629                	li	a2,10
20005e5a:	29d9                	jal	20006330 <print_results>
20005e5c:	87a6                	mv	a5,s1
20005e5e:	b00026f3          	csrr	a3,mcycle
20005e62:	b8002773          	csrr	a4,mcycleh

  for(i=0;i<NTESTS;i++) {
    t[i] = cpucycles();
    poly_getnoise_eta2(&ap, seed, 0);
20005e66:	20010637          	lui	a2,0x20010
20005e6a:	00860593          	addi	a1,a2,8 # 20010008 <seed>
20005e6e:	c394                	sw	a3,0(a5)
20005e70:	c3d8                	sw	a4,4(a5)
20005e72:	0148                	addi	a0,sp,132
20005e74:	4601                	li	a2,0
20005e76:	c03e                	sw	a5,0(sp)
20005e78:	905fe0ef          	jal	2000477c <pqcrystals_kyber512_ref_poly_getnoise_eta2>
  for(i=0;i<NTESTS;i++) {
20005e7c:	4782                	lw	a5,0(sp)
20005e7e:	07a1                	addi	a5,a5,8
20005e80:	fc879fe3          	bne	a5,s0,20005e5e <main+0xd0>
  }
  print_results("poly_getnoise_eta2: ", t, NTESTS);
20005e84:	200107b7          	lui	a5,0x20010
20005e88:	20001537          	lui	a0,0x20001
20005e8c:	02878593          	addi	a1,a5,40 # 20010028 <t>
20005e90:	e2050513          	addi	a0,a0,-480 # 20000e20 <pqcrystals_kyber512_ref_zetas+0x658>
20005e94:	4629                	li	a2,10
20005e96:	2969                	jal	20006330 <print_results>
20005e98:	87a6                	mv	a5,s1
20005e9a:	b00026f3          	csrr	a3,mcycle
20005e9e:	b8002773          	csrr	a4,mcycleh
20005ea2:	c394                	sw	a3,0(a5)
20005ea4:	c3d8                	sw	a4,4(a5)

  for(i=0;i<NTESTS;i++) {
    t[i] = cpucycles();
    poly_ntt(&ap);
20005ea6:	0148                	addi	a0,sp,132
20005ea8:	c03e                	sw	a5,0(sp)
20005eaa:	8fbfe0ef          	jal	200047a4 <pqcrystals_kyber512_ref_poly_ntt>
  for(i=0;i<NTESTS;i++) {
20005eae:	4782                	lw	a5,0(sp)
20005eb0:	07a1                	addi	a5,a5,8
20005eb2:	fe8794e3          	bne	a5,s0,20005e9a <main+0x10c>
  }
  print_results("NTT: ", t, NTESTS);
20005eb6:	200107b7          	lui	a5,0x20010
20005eba:	20001537          	lui	a0,0x20001
20005ebe:	02878593          	addi	a1,a5,40 # 20010028 <t>
20005ec2:	e3850513          	addi	a0,a0,-456 # 20000e38 <pqcrystals_kyber512_ref_zetas+0x670>
20005ec6:	4629                	li	a2,10
20005ec8:	21a5                	jal	20006330 <print_results>
20005eca:	87a6                	mv	a5,s1
20005ecc:	b00026f3          	csrr	a3,mcycle
20005ed0:	b8002773          	csrr	a4,mcycleh
20005ed4:	c394                	sw	a3,0(a5)
20005ed6:	c3d8                	sw	a4,4(a5)

  for(i=0;i<NTESTS;i++) {
    t[i] = cpucycles();
    poly_invntt_tomont(&ap);
20005ed8:	0148                	addi	a0,sp,132
20005eda:	c03e                	sw	a5,0(sp)
20005edc:	8f5fe0ef          	jal	200047d0 <pqcrystals_kyber512_ref_poly_invntt_tomont>
  for(i=0;i<NTESTS;i++) {
20005ee0:	4782                	lw	a5,0(sp)
20005ee2:	07a1                	addi	a5,a5,8
20005ee4:	fe8794e3          	bne	a5,s0,20005ecc <main+0x13e>
  }
  print_results("INVNTT: ", t, NTESTS);
20005ee8:	200107b7          	lui	a5,0x20010
20005eec:	20001537          	lui	a0,0x20001
20005ef0:	02878593          	addi	a1,a5,40 # 20010028 <t>
20005ef4:	e4050513          	addi	a0,a0,-448 # 20000e40 <pqcrystals_kyber512_ref_zetas+0x678>
20005ef8:	4629                	li	a2,10
20005efa:	291d                	jal	20006330 <print_results>
20005efc:	87a6                	mv	a5,s1
20005efe:	b00026f3          	csrr	a3,mcycle
20005f02:	b8002773          	csrr	a4,mcycleh

  for(i=0;i<NTESTS;i++) {
    t[i] = cpucycles();
    polyvec_basemul_acc_montgomery(&ap, &matrix[0], &matrix[1]);
20005f06:	6585                	lui	a1,0x1
20005f08:	00410313          	addi	t1,sp,4
20005f0c:	30058613          	addi	a2,a1,768 # 1300 <Stack_Size+0x300>
20005f10:	f0058593          	addi	a1,a1,-256
20005f14:	c394                	sw	a3,0(a5)
20005f16:	c3d8                	sw	a4,4(a5)
20005f18:	0148                	addi	a0,sp,132
20005f1a:	961a                	add	a2,a2,t1
20005f1c:	959a                	add	a1,a1,t1
20005f1e:	c03e                	sw	a5,0(sp)
20005f20:	ccdfe0ef          	jal	20004bec <pqcrystals_kyber512_ref_polyvec_basemul_acc_montgomery>
  for(i=0;i<NTESTS;i++) {
20005f24:	4782                	lw	a5,0(sp)
20005f26:	07a1                	addi	a5,a5,8
20005f28:	fc879be3          	bne	a5,s0,20005efe <main+0x170>
  }
  print_results("polyvec_basemul_acc_montgomery: ", t, NTESTS);
20005f2c:	200107b7          	lui	a5,0x20010
20005f30:	20001537          	lui	a0,0x20001
20005f34:	02878593          	addi	a1,a5,40 # 20010028 <t>
20005f38:	e4c50513          	addi	a0,a0,-436 # 20000e4c <pqcrystals_kyber512_ref_zetas+0x684>
20005f3c:	4629                	li	a2,10
20005f3e:	2ecd                	jal	20006330 <print_results>
20005f40:	87a6                	mv	a5,s1
20005f42:	b00026f3          	csrr	a3,mcycle
20005f46:	b8002773          	csrr	a4,mcycleh
20005f4a:	c394                	sw	a3,0(a5)
20005f4c:	c3d8                	sw	a4,4(a5)

  for(i=0;i<NTESTS;i++) {
    t[i] = cpucycles();
    poly_tomsg(ct,&ap);
20005f4e:	014c                	addi	a1,sp,132
20005f50:	0548                	addi	a0,sp,644
20005f52:	c03e                	sw	a5,0(sp)
20005f54:	f24fe0ef          	jal	20004678 <pqcrystals_kyber512_ref_poly_tomsg>
  for(i=0;i<NTESTS;i++) {
20005f58:	4782                	lw	a5,0(sp)
20005f5a:	07a1                	addi	a5,a5,8
20005f5c:	fe8793e3          	bne	a5,s0,20005f42 <main+0x1b4>
  }
  print_results("poly_tomsg: ", t, NTESTS);
20005f60:	200107b7          	lui	a5,0x20010
20005f64:	20001537          	lui	a0,0x20001
20005f68:	02878593          	addi	a1,a5,40 # 20010028 <t>
20005f6c:	e7050513          	addi	a0,a0,-400 # 20000e70 <pqcrystals_kyber512_ref_zetas+0x6a8>
20005f70:	4629                	li	a2,10
20005f72:	2e7d                	jal	20006330 <print_results>
20005f74:	87a6                	mv	a5,s1
20005f76:	b00026f3          	csrr	a3,mcycle
20005f7a:	b8002773          	csrr	a4,mcycleh
20005f7e:	c394                	sw	a3,0(a5)
20005f80:	c3d8                	sw	a4,4(a5)

  for(i=0;i<NTESTS;i++) {
    t[i] = cpucycles();
    poly_frommsg(&ap,ct);
20005f82:	054c                	addi	a1,sp,644
20005f84:	0148                	addi	a0,sp,132
20005f86:	c03e                	sw	a5,0(sp)
20005f88:	e92fe0ef          	jal	2000461a <pqcrystals_kyber512_ref_poly_frommsg>
  for(i=0;i<NTESTS;i++) {
20005f8c:	4782                	lw	a5,0(sp)
20005f8e:	07a1                	addi	a5,a5,8
20005f90:	fe8793e3          	bne	a5,s0,20005f76 <main+0x1e8>
  }
  print_results("poly_frommsg: ", t, NTESTS);
20005f94:	200107b7          	lui	a5,0x20010
20005f98:	20001537          	lui	a0,0x20001
20005f9c:	02878593          	addi	a1,a5,40 # 20010028 <t>
20005fa0:	e8050513          	addi	a0,a0,-384 # 20000e80 <pqcrystals_kyber512_ref_zetas+0x6b8>
20005fa4:	4629                	li	a2,10
20005fa6:	2669                	jal	20006330 <print_results>
20005fa8:	87a6                	mv	a5,s1
20005faa:	b00026f3          	csrr	a3,mcycle
20005fae:	b8002773          	csrr	a4,mcycleh
20005fb2:	c394                	sw	a3,0(a5)
20005fb4:	c3d8                	sw	a4,4(a5)

  for(i=0;i<NTESTS;i++) {
    t[i] = cpucycles();
    poly_compress(ct,&ap);
20005fb6:	014c                	addi	a1,sp,132
20005fb8:	0548                	addi	a0,sp,644
20005fba:	c03e                	sw	a5,0(sp)
20005fbc:	c32fe0ef          	jal	200043ee <pqcrystals_kyber512_ref_poly_compress>
  for(i=0;i<NTESTS;i++) {
20005fc0:	4782                	lw	a5,0(sp)
20005fc2:	07a1                	addi	a5,a5,8
20005fc4:	fe8793e3          	bne	a5,s0,20005faa <main+0x21c>
  }
  print_results("poly_compress: ", t, NTESTS);
20005fc8:	200107b7          	lui	a5,0x20010
20005fcc:	20001537          	lui	a0,0x20001
20005fd0:	02878593          	addi	a1,a5,40 # 20010028 <t>
20005fd4:	e9050513          	addi	a0,a0,-368 # 20000e90 <pqcrystals_kyber512_ref_zetas+0x6c8>
20005fd8:	4629                	li	a2,10
20005fda:	2e99                	jal	20006330 <print_results>
20005fdc:	87a6                	mv	a5,s1
20005fde:	b00026f3          	csrr	a3,mcycle
20005fe2:	b8002773          	csrr	a4,mcycleh
20005fe6:	c394                	sw	a3,0(a5)
20005fe8:	c3d8                	sw	a4,4(a5)

  for(i=0;i<NTESTS;i++) {
    t[i] = cpucycles();
    poly_decompress(&ap,ct);
20005fea:	054c                	addi	a1,sp,644
20005fec:	0148                	addi	a0,sp,132
20005fee:	c03e                	sw	a5,0(sp)
20005ff0:	d56fe0ef          	jal	20004546 <pqcrystals_kyber512_ref_poly_decompress>
  for(i=0;i<NTESTS;i++) {
20005ff4:	4782                	lw	a5,0(sp)
20005ff6:	07a1                	addi	a5,a5,8
20005ff8:	fe8793e3          	bne	a5,s0,20005fde <main+0x250>
  }
  print_results("poly_decompress: ", t, NTESTS);
20005ffc:	200107b7          	lui	a5,0x20010
20006000:	20001537          	lui	a0,0x20001
20006004:	02878593          	addi	a1,a5,40 # 20010028 <t>
20006008:	ea050513          	addi	a0,a0,-352 # 20000ea0 <pqcrystals_kyber512_ref_zetas+0x6d8>
2000600c:	4629                	li	a2,10
2000600e:	260d                	jal	20006330 <print_results>
20006010:	87a6                	mv	a5,s1
20006012:	b00026f3          	csrr	a3,mcycle
20006016:	b8002773          	csrr	a4,mcycleh

  for(i=0;i<NTESTS;i++) {
    t[i] = cpucycles();
    polyvec_compress(ct,&matrix[0]);
2000601a:	6605                	lui	a2,0x1
2000601c:	f0060593          	addi	a1,a2,-256 # f00 <__rodata_size+0x4bc>
20006020:	0050                	addi	a2,sp,4
20006022:	c394                	sw	a3,0(a5)
20006024:	c3d8                	sw	a4,4(a5)
20006026:	95b2                	add	a1,a1,a2
20006028:	0548                	addi	a0,sp,644
2000602a:	c03e                	sw	a5,0(sp)
2000602c:	921fe0ef          	jal	2000494c <pqcrystals_kyber512_ref_polyvec_compress>
  for(i=0;i<NTESTS;i++) {
20006030:	4782                	lw	a5,0(sp)
20006032:	07a1                	addi	a5,a5,8
20006034:	fc879fe3          	bne	a5,s0,20006012 <main+0x284>
  }
  print_results("polyvec_compress: ", t, NTESTS);
20006038:	200107b7          	lui	a5,0x20010
2000603c:	20001537          	lui	a0,0x20001
20006040:	02878593          	addi	a1,a5,40 # 20010028 <t>
20006044:	eb450513          	addi	a0,a0,-332 # 20000eb4 <pqcrystals_kyber512_ref_zetas+0x6ec>
20006048:	4629                	li	a2,10
2000604a:	24dd                	jal	20006330 <print_results>
2000604c:	87a6                	mv	a5,s1
2000604e:	b00026f3          	csrr	a3,mcycle
20006052:	b8002773          	csrr	a4,mcycleh

  for(i=0;i<NTESTS;i++) {
    t[i] = cpucycles();
    polyvec_decompress(&matrix[0],ct);
20006056:	6605                	lui	a2,0x1
20006058:	f0060513          	addi	a0,a2,-256 # f00 <__rodata_size+0x4bc>
2000605c:	0050                	addi	a2,sp,4
2000605e:	c394                	sw	a3,0(a5)
20006060:	c3d8                	sw	a4,4(a5)
20006062:	054c                	addi	a1,sp,644
20006064:	9532                	add	a0,a0,a2
20006066:	c03e                	sw	a5,0(sp)
20006068:	a1bfe0ef          	jal	20004a82 <pqcrystals_kyber512_ref_polyvec_decompress>
  for(i=0;i<NTESTS;i++) {
2000606c:	4782                	lw	a5,0(sp)
2000606e:	07a1                	addi	a5,a5,8
20006070:	fc879fe3          	bne	a5,s0,2000604e <main+0x2c0>
  }
  print_results("polyvec_decompress: ", t, NTESTS);
20006074:	200107b7          	lui	a5,0x20010
20006078:	20001537          	lui	a0,0x20001
2000607c:	02878593          	addi	a1,a5,40 # 20010028 <t>
20006080:	ec850513          	addi	a0,a0,-312 # 20000ec8 <pqcrystals_kyber512_ref_zetas+0x700>
20006084:	4629                	li	a2,10
20006086:	246d                	jal	20006330 <print_results>
20006088:	87a6                	mv	a5,s1
2000608a:	b00026f3          	csrr	a3,mcycle
2000608e:	b8002773          	csrr	a4,mcycleh

  for(i=0;i<NTESTS;i++) {
    t[i] = cpucycles();
    indcpa_keypair_derand(pk, sk, coins32);
20006092:	6585                	lui	a1,0x1
20006094:	8a458593          	addi	a1,a1,-1884 # 8a4 <__vectors_size+0x3a2>
20006098:	c394                	sw	a3,0(a5)
2000609a:	c3d8                	sw	a4,4(a5)
2000609c:	1050                	addi	a2,sp,36
2000609e:	958a                	add	a1,a1,sp
200060a0:	58410513          	addi	a0,sp,1412
200060a4:	c03e                	sw	a5,0(sp)
200060a6:	b35fd0ef          	jal	20003bda <pqcrystals_kyber512_ref_indcpa_keypair_derand>
  for(i=0;i<NTESTS;i++) {
200060aa:	4782                	lw	a5,0(sp)
200060ac:	07a1                	addi	a5,a5,8
200060ae:	fc879ee3          	bne	a5,s0,2000608a <main+0x2fc>
  }
  print_results("indcpa_keypair: ", t, NTESTS);
200060b2:	200107b7          	lui	a5,0x20010
200060b6:	20001537          	lui	a0,0x20001
200060ba:	02878593          	addi	a1,a5,40 # 20010028 <t>
200060be:	ee050513          	addi	a0,a0,-288 # 20000ee0 <pqcrystals_kyber512_ref_zetas+0x718>
200060c2:	4629                	li	a2,10
200060c4:	24b5                	jal	20006330 <print_results>
200060c6:	87a6                	mv	a5,s1
200060c8:	b0002373          	csrr	t1,mcycle
200060cc:	b8002773          	csrr	a4,mcycleh

  for(i=0;i<NTESTS;i++) {
    t[i] = cpucycles();
    indcpa_enc(ct, key, pk, seed);
200060d0:	200106b7          	lui	a3,0x20010
200060d4:	0067a023          	sw	t1,0(a5)
200060d8:	c3d8                	sw	a4,4(a5)
200060da:	58410613          	addi	a2,sp,1412
200060de:	004c                	addi	a1,sp,4
200060e0:	0548                	addi	a0,sp,644
200060e2:	00868693          	addi	a3,a3,8 # 20010008 <seed>
200060e6:	c03e                	sw	a5,0(sp)
200060e8:	c1bfd0ef          	jal	20003d02 <pqcrystals_kyber512_ref_indcpa_enc>
  for(i=0;i<NTESTS;i++) {
200060ec:	4782                	lw	a5,0(sp)
200060ee:	07a1                	addi	a5,a5,8
200060f0:	fc879ce3          	bne	a5,s0,200060c8 <main+0x33a>
  }
  print_results("indcpa_enc: ", t, NTESTS);
200060f4:	200107b7          	lui	a5,0x20010
200060f8:	20001537          	lui	a0,0x20001
200060fc:	02878593          	addi	a1,a5,40 # 20010028 <t>
20006100:	ef450513          	addi	a0,a0,-268 # 20000ef4 <pqcrystals_kyber512_ref_zetas+0x72c>
20006104:	4629                	li	a2,10
20006106:	242d                	jal	20006330 <print_results>
20006108:	87a6                	mv	a5,s1
2000610a:	b00026f3          	csrr	a3,mcycle
2000610e:	b8002773          	csrr	a4,mcycleh

  for(i=0;i<NTESTS;i++) {
    t[i] = cpucycles();
    indcpa_dec(key, ct, sk);
20006112:	6605                	lui	a2,0x1
20006114:	8a460613          	addi	a2,a2,-1884 # 8a4 <__vectors_size+0x3a2>
20006118:	c394                	sw	a3,0(a5)
2000611a:	c3d8                	sw	a4,4(a5)
2000611c:	960a                	add	a2,a2,sp
2000611e:	054c                	addi	a1,sp,644
20006120:	0048                	addi	a0,sp,4
20006122:	c03e                	sw	a5,0(sp)
20006124:	d3ffd0ef          	jal	20003e62 <pqcrystals_kyber512_ref_indcpa_dec>
  for(i=0;i<NTESTS;i++) {
20006128:	4782                	lw	a5,0(sp)
2000612a:	07a1                	addi	a5,a5,8
2000612c:	fc879fe3          	bne	a5,s0,2000610a <main+0x37c>
  }
  print_results("indcpa_dec: ", t, NTESTS);
20006130:	200107b7          	lui	a5,0x20010
20006134:	20001537          	lui	a0,0x20001
20006138:	4629                	li	a2,10
2000613a:	02878593          	addi	a1,a5,40 # 20010028 <t>
2000613e:	f0450513          	addi	a0,a0,-252 # 20000f04 <pqcrystals_kyber512_ref_zetas+0x73c>
20006142:	22fd                	jal	20006330 <print_results>
  nrf_csr_write(VPRCSR_MCYCLE, 0);
20006144:	b0005073          	csrwi	mcycle,0
  reset_vals();
20006148:	ed5fe0ef          	jal	2000501c <reset_vals>
2000614c:	87a6                	mv	a5,s1
2000614e:	b00026f3          	csrr	a3,mcycle
20006152:	b8002773          	csrr	a4,mcycleh

  for(i=0;i<NTESTS;i++) {
    t[i] = cpucycles();
    crypto_kem_keypair_derand(pk, sk, coins64);
20006156:	6585                	lui	a1,0x1
20006158:	8a458593          	addi	a1,a1,-1884 # 8a4 <__vectors_size+0x3a2>
2000615c:	c394                	sw	a3,0(a5)
2000615e:	c3d8                	sw	a4,4(a5)
20006160:	00d0                	addi	a2,sp,68
20006162:	958a                	add	a1,a1,sp
20006164:	58410513          	addi	a0,sp,1412
20006168:	c03e                	sw	a5,0(sp)
2000616a:	d89fd0ef          	jal	20003ef2 <pqcrystals_kyber512_ref_keypair_derand>
  for(i=0;i<NTESTS;i++) {
2000616e:	4782                	lw	a5,0(sp)
20006170:	07a1                	addi	a5,a5,8
20006172:	fc879ee3          	bne	a5,s0,2000614e <main+0x3c0>
  }
  result = print_results("kyber_keypair_derand: ", t, NTESTS);
20006176:	200107b7          	lui	a5,0x20010
2000617a:	20001537          	lui	a0,0x20001
2000617e:	02878593          	addi	a1,a5,40 # 20010028 <t>
20006182:	4629                	li	a2,10
20006184:	f1450513          	addi	a0,a0,-236 # 20000f14 <pqcrystals_kyber512_ref_zetas+0x74c>
20006188:	2265                	jal	20006330 <print_results>
  n_invntt = 0;
  print_cycles("State Permute Cycles: ", statepermute_cyc, NTESTS);
  print_cycles("NTT Cycles: ", ntt_cyc, NTESTS);
  print_cycles("INVNTT Cycles: ", inv_ntt_cyc, NTESTS);
  */
  print_stuff(result, NTESTS);
2000618a:	45a9                	li	a1,10
2000618c:	f2bfe0ef          	jal	200050b6 <print_stuff>

  nrf_csr_write(VPRCSR_MCYCLE, 0);
20006190:	b0005073          	csrwi	mcycle,0
20006194:	87a6                	mv	a5,s1
20006196:	b00026f3          	csrr	a3,mcycle
2000619a:	b8002773          	csrr	a4,mcycleh
  for(i=0;i<NTESTS;i++) {
    t[i] = cpucycles();
    crypto_kem_keypair(pk, sk);
2000619e:	6605                	lui	a2,0x1
200061a0:	8a460613          	addi	a2,a2,-1884 # 8a4 <__vectors_size+0x3a2>
200061a4:	c394                	sw	a3,0(a5)
200061a6:	c3d8                	sw	a4,4(a5)
200061a8:	002605b3          	add	a1,a2,sp
200061ac:	58410513          	addi	a0,sp,1412
200061b0:	c03e                	sw	a5,0(sp)
200061b2:	d8bfd0ef          	jal	20003f3c <pqcrystals_kyber512_ref_keypair>
  for(i=0;i<NTESTS;i++) {
200061b6:	4782                	lw	a5,0(sp)
200061b8:	07a1                	addi	a5,a5,8
200061ba:	fc879ee3          	bne	a5,s0,20006196 <main+0x408>
  }
  result = print_results("kyber_keypair: ", t, NTESTS);
200061be:	200107b7          	lui	a5,0x20010
200061c2:	20001537          	lui	a0,0x20001
200061c6:	02878593          	addi	a1,a5,40 # 20010028 <t>
200061ca:	4629                	li	a2,10
200061cc:	f2c50513          	addi	a0,a0,-212 # 20000f2c <pqcrystals_kyber512_ref_zetas+0x764>
200061d0:	2285                	jal	20006330 <print_results>
  print_calls("INVNTT calls: ", n_invntt, NTESTS);
  n_statepermute = 0; 
  n_ntt = 0;
  n_invntt = 0;
  */
  print_stuff(result, NTESTS);
200061d2:	45a9                	li	a1,10
200061d4:	ee3fe0ef          	jal	200050b6 <print_stuff>

  nrf_csr_write(VPRCSR_MCYCLE, 0);  /*
200061d8:	b0005073          	csrwi	mcycle,0
200061dc:	87a6                	mv	a5,s1
200061de:	b0002373          	csrr	t1,mcycle
200061e2:	b8002773          	csrr	a4,mcycleh
200061e6:	0067a023          	sw	t1,0(a5)
200061ea:	c3d8                	sw	a4,4(a5)
  print_cycles("NTT Cycles: ", ntt_cyc, NTESTS);
  print_cycles("INVNTT Cycles: ", inv_ntt_cyc, NTESTS);
  */
  for(i=0;i<NTESTS;i++) {
    t[i] = cpucycles();
    crypto_kem_enc_derand(ct, key, pk, coins32);
200061ec:	1054                	addi	a3,sp,36
200061ee:	58410613          	addi	a2,sp,1412
200061f2:	004c                	addi	a1,sp,4
200061f4:	0548                	addi	a0,sp,644
200061f6:	c03e                	sw	a5,0(sp)
200061f8:	d9dfd0ef          	jal	20003f94 <pqcrystals_kyber512_ref_enc_derand>
  for(i=0;i<NTESTS;i++) {
200061fc:	4782                	lw	a5,0(sp)
200061fe:	07a1                	addi	a5,a5,8
20006200:	fc879fe3          	bne	a5,s0,200061de <main+0x450>
  }
  result = print_results("kyber_encaps_derand: ", t, NTESTS);
20006204:	200107b7          	lui	a5,0x20010
20006208:	20001537          	lui	a0,0x20001
2000620c:	02878593          	addi	a1,a5,40 # 20010028 <t>
20006210:	4629                	li	a2,10
20006212:	f3c50513          	addi	a0,a0,-196 # 20000f3c <pqcrystals_kyber512_ref_zetas+0x774>
20006216:	2a29                	jal	20006330 <print_results>
  print_calls("INVNTT calls: ", n_invntt, NTESTS);
  n_statepermute = 0; 
  n_ntt = 0;
  n_invntt = 0;
  */
  print_stuff(result, NTESTS);
20006218:	45a9                	li	a1,10
2000621a:	e9dfe0ef          	jal	200050b6 <print_stuff>
  nrf_csr_write(VPRCSR_MCYCLE, 0);   
2000621e:	b0005073          	csrwi	mcycle,0
20006222:	87a6                	mv	a5,s1
20006224:	b00026f3          	csrr	a3,mcycle
20006228:	b8002773          	csrr	a4,mcycleh
2000622c:	c394                	sw	a3,0(a5)
2000622e:	c3d8                	sw	a4,4(a5)
  print_cycles("NTT Cycles: ", ntt_cyc, NTESTS);
  print_cycles("INVNTT Cycles: ", inv_ntt_cyc, NTESTS);
  */
  for(i=0;i<NTESTS;i++) {
    t[i] = cpucycles();
    crypto_kem_enc(ct, key, pk);
20006230:	58410613          	addi	a2,sp,1412
20006234:	004c                	addi	a1,sp,4
20006236:	0548                	addi	a0,sp,644
20006238:	c03e                	sw	a5,0(sp)
2000623a:	db3fd0ef          	jal	20003fec <pqcrystals_kyber512_ref_enc>
  for(i=0;i<NTESTS;i++) {
2000623e:	4782                	lw	a5,0(sp)
20006240:	07a1                	addi	a5,a5,8
20006242:	fe8791e3          	bne	a5,s0,20006224 <main+0x496>
  }
  result = print_results("kyber_encaps: ", t, NTESTS);
20006246:	200107b7          	lui	a5,0x20010
2000624a:	20001537          	lui	a0,0x20001
2000624e:	02878593          	addi	a1,a5,40 # 20010028 <t>
20006252:	4629                	li	a2,10
20006254:	f5450513          	addi	a0,a0,-172 # 20000f54 <pqcrystals_kyber512_ref_zetas+0x78c>
20006258:	28e1                	jal	20006330 <print_results>
  print_calls("INVNTT calls: ", n_invntt, NTESTS);
  n_statepermute = 0; 
  n_ntt = 0;
  n_invntt = 0;
  */
  print_stuff(result, NTESTS);
2000625a:	45a9                	li	a1,10
2000625c:	e5bfe0ef          	jal	200050b6 <print_stuff>
  nrf_csr_write(VPRCSR_MCYCLE, 0);
20006260:	b0005073          	csrwi	mcycle,0
20006264:	b0002773          	csrr	a4,mcycle
20006268:	b80027f3          	csrr	a5,mcycleh
  print_cycles("INVNTT Cycles: ", inv_ntt_cyc, NTESTS); 
  */  
  for(i=0;i<NTESTS;i++) {
    t[i] = cpucycles();
    //printf("%d\n", (int)t[i]);
    crypto_kem_dec(key, ct, sk);
2000626c:	6685                	lui	a3,0x1
2000626e:	8a468693          	addi	a3,a3,-1884 # 8a4 <__vectors_size+0x3a2>
20006272:	c098                	sw	a4,0(s1)
20006274:	c0dc                	sw	a5,4(s1)
20006276:	00268633          	add	a2,a3,sp
2000627a:	054c                	addi	a1,sp,644
2000627c:	0048                	addi	a0,sp,4
  for(i=0;i<NTESTS;i++) {
2000627e:	04a1                	addi	s1,s1,8
    crypto_kem_dec(key, ct, sk);
20006280:	dd1fd0ef          	jal	20004050 <pqcrystals_kyber512_ref_dec>
  for(i=0;i<NTESTS;i++) {
20006284:	fe8490e3          	bne	s1,s0,20006264 <main+0x4d6>
  }
  result = print_results("kyber_decaps: ", t, NTESTS);
20006288:	200107b7          	lui	a5,0x20010
2000628c:	20001537          	lui	a0,0x20001
20006290:	02878593          	addi	a1,a5,40 # 20010028 <t>
20006294:	4629                	li	a2,10
20006296:	f6450513          	addi	a0,a0,-156 # 20000f64 <pqcrystals_kyber512_ref_zetas+0x79c>
2000629a:	2859                	jal	20006330 <print_results>
  print_calls("INVNTT calls: ", n_invntt, NTESTS);
  n_statepermute = 0; 
  n_ntt = 0;
  n_invntt = 0;
  */
  print_stuff(result, NTESTS);
2000629c:	45a9                	li	a1,10
2000629e:	e19fe0ef          	jal	200050b6 <print_stuff>
  nrf_csr_write(VPRCSR_MCYCLE, 0);
200062a2:	b0005073          	csrwi	mcycle,0
  print_cycles("State Permute Cycles: ", statepermute_cyc, NTESTS);
  print_cycles("NTT Cycles: ", ntt_cyc, NTESTS);
  print_cycles("INVNTT Cycles: ", inv_ntt_cyc, NTESTS); 
  */  
  return 0;
}
200062a6:	6285                	lui	t0,0x1
200062a8:	9116                	add	sp,sp,t0
200062aa:	70c12083          	lw	ra,1804(sp)
200062ae:	70812403          	lw	s0,1800(sp)
200062b2:	70412483          	lw	s1,1796(sp)
200062b6:	4501                	li	a0,0
200062b8:	71010113          	addi	sp,sp,1808
200062bc:	8082                	ret

200062be <_start>:

void _start(void){
  main();
200062be:	ad1ff06f          	j	20005d8e <main>

200062c2 <cpucycles_overhead>:
#include <stdint.h>
#include "cpucycles.h"

uint64_t cpucycles_overhead(void) {
200062c2:	6661                	lui	a2,0x18
200062c4:	6a060613          	addi	a2,a2,1696 # 186a0 <TotalFlashUsed+0x10f2c>
	uint64_t t0, t1, overhead = 1LL;
200062c8:	4505                	li	a0,1
200062ca:	4581                	li	a1,0
200062cc:	b00026f3          	csrr	a3,mcycle
200062d0:	b8002373          	csrr	t1,mcycleh
200062d4:	b0002773          	csrr	a4,mcycle
200062d8:	b80027f3          	csrr	a5,mcycleh
  //printf("cpucycles_overhead()");
  for(i=0;i<100000;i++) {
    t0 = cpucycles();
    __asm__ volatile (""::: "memory");
    t1 = cpucycles();
    if(t1 - t0 < overhead)
200062dc:	40d706b3          	sub	a3,a4,a3
200062e0:	00d73733          	sltu	a4,a4,a3
200062e4:	406787b3          	sub	a5,a5,t1
200062e8:	8f99                	sub	a5,a5,a4
  for(i=0;i<100000;i++) {
200062ea:	167d                	addi	a2,a2,-1
    if(t1 - t0 < overhead)
200062ec:	00b7e863          	bltu	a5,a1,200062fc <cpucycles_overhead+0x3a>
200062f0:	00f58463          	beq	a1,a5,200062f8 <cpucycles_overhead+0x36>
  for(i=0;i<100000;i++) {
200062f4:	fe61                	bnez	a2,200062cc <cpucycles_overhead+0xa>
      overhead = t1 - t0;
  }

  return overhead;
}
200062f6:	8082                	ret
    if(t1 - t0 < overhead)
200062f8:	fea6fee3          	bgeu	a3,a0,200062f4 <cpucycles_overhead+0x32>
200062fc:	8536                	mv	a0,a3
200062fe:	85be                	mv	a1,a5
  for(i=0;i<100000;i++) {
20006300:	f671                	bnez	a2,200062cc <cpucycles_overhead+0xa>
20006302:	8082                	ret

20006304 <cmp_uint64>:
#include <stdio.h>
#include "cpucycles.h"
#include "speed_print.h"

static int cmp_uint64(const void *a, const void *b) {
  if(*(uint64_t *)a < *(uint64_t *)b) return -1;
20006304:	4158                	lw	a4,4(a0)
20006306:	41dc                	lw	a5,4(a1)
20006308:	4110                	lw	a2,0(a0)
2000630a:	4194                	lw	a3,0(a1)
2000630c:	00f76d63          	bltu	a4,a5,20006326 <cmp_uint64+0x22>
20006310:	00e78963          	beq	a5,a4,20006322 <cmp_uint64+0x1e>
  if(*(uint64_t *)a > *(uint64_t *)b) return 1;
20006314:	4505                	li	a0,1
20006316:	00e7e963          	bltu	a5,a4,20006328 <cmp_uint64+0x24>
2000631a:	00f70863          	beq	a4,a5,2000632a <cmp_uint64+0x26>
2000631e:	4501                	li	a0,0
20006320:	8082                	ret
  if(*(uint64_t *)a < *(uint64_t *)b) return -1;
20006322:	fed679e3          	bgeu	a2,a3,20006314 <cmp_uint64+0x10>
20006326:	557d                	li	a0,-1
  return 0;
}
20006328:	8082                	ret
  if(*(uint64_t *)a > *(uint64_t *)b) return 1;
2000632a:	fec6fae3          	bgeu	a3,a2,2000631e <cmp_uint64+0x1a>
}
2000632e:	8082                	ret

20006330 <print_results>:
    acc += t[i];

  return acc/tlen;
}

int print_results(const char *s, uint64_t *t, size_t tlen) {
20006330:	fdc10113          	addi	sp,sp,-36
20006334:	ce22                	sw	s0,28(sp)
    printf(stderr, "ERROR: Need a least two cycle counts!\n");
    return;
  }
  */

  if(overhead  == (uint64_t)-1)
20006336:	20010437          	lui	s0,0x20010
2000633a:	00442703          	lw	a4,4(s0) # 20010004 <overhead.0+0x4>
2000633e:	00042383          	lw	t2,0(s0)
int print_results(const char *s, uint64_t *t, size_t tlen) {
20006342:	cc26                	sw	s1,24(sp)
20006344:	d006                	sw	ra,32(sp)
  if(overhead  == (uint64_t)-1)
20006346:	57fd                	li	a5,-1
int print_results(const char *s, uint64_t *t, size_t tlen) {
20006348:	c82a                	sw	a0,16(sp)
2000634a:	c632                	sw	a2,12(sp)
  if(overhead  == (uint64_t)-1)
2000634c:	c03a                	sw	a4,0(sp)
int print_results(const char *s, uint64_t *t, size_t tlen) {
2000634e:	84ae                	mv	s1,a1
  if(overhead  == (uint64_t)-1)
20006350:	1ef38b63          	beq	t2,a5,20006546 <print_results+0x216>
    overhead = cpucycles_overhead();

  tlen--;
20006354:	46b2                	lw	a3,12(sp)
20006356:	fff68713          	addi	a4,a3,-1
2000635a:	c43a                	sw	a4,8(sp)
  for(i=0;i<tlen;++i)
2000635c:	16070763          	beqz	a4,200064ca <print_results+0x19a>
20006360:	4789                	li	a5,2
20006362:	1ee7fd63          	bgeu	a5,a4,2000655c <print_results+0x22c>
20006366:	ffc68793          	addi	a5,a3,-4
2000636a:	9bf9                	andi	a5,a5,-2
2000636c:	0004a303          	lw	t1,0(s1)
20006370:	0044a283          	lw	t0,4(s1)
20006374:	0789                	addi	a5,a5,2
20006376:	c23e                	sw	a5,4(sp)
20006378:	4401                	li	s0,0
2000637a:	87a6                	mv	a5,s1
2000637c:	ca26                	sw	s1,20(sp)
    t[i] = t[i+1] - t[i] - overhead;
2000637e:	4790                	lw	a2,8(a5)
20006380:	47c8                	lw	a0,12(a5)
20006382:	4682                	lw	a3,0(sp)
20006384:	40760733          	sub	a4,a2,t2
20006388:	00e635b3          	sltu	a1,a2,a4
2000638c:	40d506b3          	sub	a3,a0,a3
20006390:	8e8d                	sub	a3,a3,a1
20006392:	40670533          	sub	a0,a4,t1
20006396:	405686b3          	sub	a3,a3,t0
2000639a:	0107a303          	lw	t1,16(a5)
2000639e:	00a73733          	sltu	a4,a4,a0
200063a2:	0147a283          	lw	t0,20(a5)
200063a6:	8e99                	sub	a3,a3,a4
200063a8:	4702                	lw	a4,0(sp)
200063aa:	407305b3          	sub	a1,t1,t2
200063ae:	00b334b3          	sltu	s1,t1,a1
200063b2:	40e28733          	sub	a4,t0,a4
200063b6:	8f05                	sub	a4,a4,s1
200063b8:	47c4                	lw	s1,12(a5)
200063ba:	40c58633          	sub	a2,a1,a2
200063be:	00c5b5b3          	sltu	a1,a1,a2
200063c2:	8f05                	sub	a4,a4,s1
200063c4:	8f0d                	sub	a4,a4,a1
200063c6:	c7d8                	sw	a4,12(a5)
200063c8:	4712                	lw	a4,4(sp)
200063ca:	c388                	sw	a0,0(a5)
200063cc:	c3d4                	sw	a3,4(a5)
200063ce:	c790                	sw	a2,8(a5)
200063d0:	0409                	addi	s0,s0,2
  for(i=0;i<tlen;++i)
200063d2:	07c1                	addi	a5,a5,16
200063d4:	fae415e3          	bne	s0,a4,2000637e <print_results+0x4e>
200063d8:	44d2                	lw	s1,20(sp)
200063da:	87ba                	mv	a5,a4
    t[i] = t[i+1] - t[i] - overhead;
200063dc:	00178593          	addi	a1,a5,1
200063e0:	00359713          	slli	a4,a1,0x3
200063e4:	ff870613          	addi	a2,a4,-8
200063e8:	9626                	add	a2,a2,s1
200063ea:	9726                	add	a4,a4,s1
200063ec:	4308                	lw	a0,0(a4)
200063ee:	4214                	lw	a3,0(a2)
200063f0:	435c                	lw	a5,4(a4)
200063f2:	00462303          	lw	t1,4(a2)
200063f6:	40d506b3          	sub	a3,a0,a3
200063fa:	4402                	lw	s0,0(sp)
200063fc:	00d53533          	sltu	a0,a0,a3
20006400:	406787b3          	sub	a5,a5,t1
20006404:	8f89                	sub	a5,a5,a0
20006406:	40768533          	sub	a0,a3,t2
2000640a:	8f81                	sub	a5,a5,s0
2000640c:	00a6b6b3          	sltu	a3,a3,a0
20006410:	8f95                	sub	a5,a5,a3
20006412:	c25c                	sw	a5,4(a2)
  for(i=0;i<tlen;++i)
20006414:	47a2                	lw	a5,8(sp)
    t[i] = t[i+1] - t[i] - overhead;
20006416:	c208                	sw	a0,0(a2)
  for(i=0;i<tlen;++i)
20006418:	10f5e363          	bltu	a1,a5,2000651e <print_results+0x1ee>

  printf("%s\n", s);
2000641c:	45c2                	lw	a1,16(sp)
2000641e:	20001537          	lui	a0,0x20001
20006422:	f7450513          	addi	a0,a0,-140 # 20000f74 <pqcrystals_kyber512_ref_zetas+0x7ac>
20006426:	2df1                	jal	20006b02 <printf>
  qsort(l,llen,sizeof(uint64_t),cmp_uint64);
20006428:	4422                	lw	s0,8(sp)
2000642a:	200066b7          	lui	a3,0x20006
2000642e:	8526                	mv	a0,s1
20006430:	85a2                	mv	a1,s0
20006432:	30468693          	addi	a3,a3,772 # 20006304 <cmp_uint64>
20006436:	4621                	li	a2,8
20006438:	529000ef          	jal	20007160 <qsort>
  if(llen%2) return l[llen/2];
2000643c:	00147793          	andi	a5,s0,1
20006440:	c7c5                	beqz	a5,200064e8 <print_results+0x1b8>
  else return (l[llen/2-1]+l[llen/2])/2;
20006442:	00145793          	srli	a5,s0,0x1
  if(llen%2) return l[llen/2];
20006446:	078e                	slli	a5,a5,0x3
20006448:	97a6                	add	a5,a5,s1
  printf("median: %d cycles/ticks\n", (int)(median(t, tlen)));
2000644a:	438c                	lw	a1,0(a5)
2000644c:	20001537          	lui	a0,0x20001
20006450:	f7850513          	addi	a0,a0,-136 # 20000f78 <pqcrystals_kyber512_ref_zetas+0x7b0>
20006454:	257d                	jal	20006b02 <printf>
  for(i=0;i<tlen;i++)
20006456:	47b2                	lw	a5,12(sp)
20006458:	ff848713          	addi	a4,s1,-8
  for(i=0;i<tlen;++i)
2000645c:	86a6                	mv	a3,s1
2000645e:	078e                	slli	a5,a5,0x3
20006460:	973e                	add	a4,a4,a5
  uint64_t acc=0;
20006462:	4501                	li	a0,0
20006464:	4581                	li	a1,0
    acc += t[i];
20006466:	429c                	lw	a5,0(a3)
20006468:	0046a303          	lw	t1,4(a3)
  for(i=0;i<tlen;i++)
2000646c:	06a1                	addi	a3,a3,8
    acc += t[i];
2000646e:	97aa                	add	a5,a5,a0
20006470:	00a7b633          	sltu	a2,a5,a0
20006474:	959a                	add	a1,a1,t1
20006476:	853e                	mv	a0,a5
20006478:	95b2                	add	a1,a1,a2
  for(i=0;i<tlen;i++)
2000647a:	fee696e3          	bne	a3,a4,20006466 <print_results+0x136>
  return acc/tlen;
2000647e:	4622                	lw	a2,8(sp)
20006480:	4681                	li	a3,0
20006482:	c03a                	sw	a4,0(sp)
20006484:	2f01                	jal	20006b94 <__udivdi3>
20006486:	85aa                	mv	a1,a0
  printf("average: %d cycles/ticks\n", (int)(average(t, tlen)));
20006488:	20001537          	lui	a0,0x20001
2000648c:	f9450513          	addi	a0,a0,-108 # 20000f94 <pqcrystals_kyber512_ref_zetas+0x7cc>
20006490:	2d8d                	jal	20006b02 <printf>
  printf("\n");
20006492:	20001537          	lui	a0,0x20001
20006496:	fb050513          	addi	a0,a0,-80 # 20000fb0 <pqcrystals_kyber512_ref_zetas+0x7e8>
2000649a:	25a5                	jal	20006b02 <printf>
  uint64_t acc=0;
2000649c:	4702                	lw	a4,0(sp)
2000649e:	4501                	li	a0,0
200064a0:	4581                	li	a1,0
    acc += t[i];
200064a2:	409c                	lw	a5,0(s1)
200064a4:	40d0                	lw	a2,4(s1)
  for(i=0;i<tlen;i++)
200064a6:	04a1                	addi	s1,s1,8
    acc += t[i];
200064a8:	97aa                	add	a5,a5,a0
200064aa:	00a7b6b3          	sltu	a3,a5,a0
200064ae:	95b2                	add	a1,a1,a2
200064b0:	853e                	mv	a0,a5
200064b2:	95b6                	add	a1,a1,a3
  for(i=0;i<tlen;i++)
200064b4:	fee497e3          	bne	s1,a4,200064a2 <print_results+0x172>
  return acc/tlen;
200064b8:	4622                	lw	a2,8(sp)
200064ba:	4681                	li	a3,0
200064bc:	2de1                	jal	20006b94 <__udivdi3>
  return (int)(average(t, tlen));
}
200064be:	5082                	lw	ra,32(sp)
200064c0:	4472                	lw	s0,28(sp)
200064c2:	44e2                	lw	s1,24(sp)
200064c4:	02410113          	addi	sp,sp,36
200064c8:	8082                	ret
  printf("%s\n", s);
200064ca:	45c2                	lw	a1,16(sp)
200064cc:	20001537          	lui	a0,0x20001
200064d0:	f7450513          	addi	a0,a0,-140 # 20000f74 <pqcrystals_kyber512_ref_zetas+0x7ac>
200064d4:	253d                	jal	20006b02 <printf>
  qsort(l,llen,sizeof(uint64_t),cmp_uint64);
200064d6:	200066b7          	lui	a3,0x20006
200064da:	8526                	mv	a0,s1
200064dc:	30468693          	addi	a3,a3,772 # 20006304 <cmp_uint64>
200064e0:	4621                	li	a2,8
200064e2:	4581                	li	a1,0
200064e4:	47d000ef          	jal	20007160 <qsort>
  else return (l[llen/2-1]+l[llen/2])/2;
200064e8:	4422                	lw	s0,8(sp)
  printf("median: %d cycles/ticks\n", (int)(median(t, tlen)));
200064ea:	20001537          	lui	a0,0x20001
200064ee:	f7850513          	addi	a0,a0,-136 # 20000f78 <pqcrystals_kyber512_ref_zetas+0x7b0>
  else return (l[llen/2-1]+l[llen/2])/2;
200064f2:	00145793          	srli	a5,s0,0x1
200064f6:	078e                	slli	a5,a5,0x3
200064f8:	97a6                	add	a5,a5,s1
200064fa:	4398                	lw	a4,0(a5)
200064fc:	ff87a583          	lw	a1,-8(a5)
20006500:	43d4                	lw	a3,4(a5)
20006502:	ffc7a603          	lw	a2,-4(a5)
20006506:	95ba                	add	a1,a1,a4
20006508:	00e5b7b3          	sltu	a5,a1,a4
2000650c:	00c68733          	add	a4,a3,a2
20006510:	97ba                	add	a5,a5,a4
20006512:	8185                	srli	a1,a1,0x1
20006514:	07fe                	slli	a5,a5,0x1f
  printf("median: %d cycles/ticks\n", (int)(median(t, tlen)));
20006516:	8ddd                	or	a1,a1,a5
20006518:	23ed                	jal	20006b02 <printf>
  for(i=0;i<tlen;i++)
2000651a:	fc15                	bnez	s0,20006456 <print_results+0x126>
  return acc/tlen;
2000651c:	9002                	ebreak
    t[i] = t[i+1] - t[i] - overhead;
2000651e:	4710                	lw	a2,8(a4)
20006520:	475c                	lw	a5,12(a4)
20006522:	4314                	lw	a3,0(a4)
20006524:	407603b3          	sub	t2,a2,t2
20006528:	434c                	lw	a1,4(a4)
2000652a:	00763633          	sltu	a2,a2,t2
2000652e:	8f81                	sub	a5,a5,s0
20006530:	40d386b3          	sub	a3,t2,a3
20006534:	8f91                	sub	a5,a5,a2
20006536:	8f8d                	sub	a5,a5,a1
20006538:	00d3b3b3          	sltu	t2,t2,a3
2000653c:	407787b3          	sub	a5,a5,t2
20006540:	c35c                	sw	a5,4(a4)
20006542:	c314                	sw	a3,0(a4)
20006544:	bde1                	j	2000641c <print_results+0xec>
  if(overhead  == (uint64_t)-1)
20006546:	e07717e3          	bne	a4,t2,20006354 <print_results+0x24>
    overhead = cpucycles_overhead();
2000654a:	d79ff0ef          	jal	200062c2 <cpucycles_overhead>
2000654e:	c02e                	sw	a1,0(sp)
20006550:	83aa                	mv	t2,a0
20006552:	00b42223          	sw	a1,4(s0)
20006556:	00a42023          	sw	a0,0(s0)
2000655a:	bbed                	j	20006354 <print_results+0x24>
  for(i=0;i<tlen;++i)
2000655c:	c202                	sw	zero,4(sp)
2000655e:	4792                	lw	a5,4(sp)
20006560:	bdb5                	j	200063dc <print_results+0xac>

20006562 <print_calls>:

static uint32_t average_calls(int calls, size_t tlen) {
  return calls/tlen;
}

void print_calls(const char *s, int t, size_t tlen) {
20006562:	1151                	addi	sp,sp,-12
  printf("%s\n", s);
20006564:	20001737          	lui	a4,0x20001
void print_calls(const char *s, int t, size_t tlen) {
20006568:	c026                	sw	s1,0(sp)
2000656a:	84ae                	mv	s1,a1
  printf("%s\n", s);
2000656c:	85aa                	mv	a1,a0
2000656e:	f7470513          	addi	a0,a4,-140 # 20000f74 <pqcrystals_kyber512_ref_zetas+0x7ac>
void print_calls(const char *s, int t, size_t tlen) {
20006572:	c406                	sw	ra,8(sp)
20006574:	c222                	sw	s0,4(sp)
20006576:	8432                	mv	s0,a2
  printf("%s\n", s);
20006578:	2369                	jal	20006b02 <printf>
  printf("average: %d cycles/ticks\n", (int)(average_calls(t, tlen)));
2000657a:	0284d5b3          	divu	a1,s1,s0
2000657e:	20001537          	lui	a0,0x20001
20006582:	f9450513          	addi	a0,a0,-108 # 20000f94 <pqcrystals_kyber512_ref_zetas+0x7cc>
20006586:	2bb5                	jal	20006b02 <printf>
  printf("\n");
}
20006588:	4412                	lw	s0,4(sp)
2000658a:	40a2                	lw	ra,8(sp)
2000658c:	4482                	lw	s1,0(sp)
  printf("\n");
2000658e:	20001537          	lui	a0,0x20001
20006592:	fb050513          	addi	a0,a0,-80 # 20000fb0 <pqcrystals_kyber512_ref_zetas+0x7e8>
}
20006596:	0131                	addi	sp,sp,12
  printf("\n");
20006598:	a3ad                	j	20006b02 <printf>

2000659a <print_cycles>:

void print_cycles(const char *s, int t, size_t tlen) {
2000659a:	1161                	addi	sp,sp,-8
2000659c:	87aa                	mv	a5,a0
  printf("%s \n", s);
2000659e:	20001537          	lui	a0,0x20001
void print_cycles(const char *s, int t, size_t tlen) {
200065a2:	c022                	sw	s0,0(sp)
  printf("%s \n", s);
200065a4:	fb450513          	addi	a0,a0,-76 # 20000fb4 <pqcrystals_kyber512_ref_zetas+0x7ec>
void print_cycles(const char *s, int t, size_t tlen) {
200065a8:	842e                	mv	s0,a1
  printf("%s \n", s);
200065aa:	85be                	mv	a1,a5
void print_cycles(const char *s, int t, size_t tlen) {
200065ac:	c206                	sw	ra,4(sp)
  printf("%s \n", s);
200065ae:	2b91                	jal	20006b02 <printf>
  printf("average: %d cycles/ticks\n", t);
200065b0:	20001537          	lui	a0,0x20001
200065b4:	85a2                	mv	a1,s0
200065b6:	f9450513          	addi	a0,a0,-108 # 20000f94 <pqcrystals_kyber512_ref_zetas+0x7cc>
200065ba:	23a1                	jal	20006b02 <printf>
  printf("\n");
}
200065bc:	4402                	lw	s0,0(sp)
200065be:	4092                	lw	ra,4(sp)
  printf("\n");
200065c0:	20001537          	lui	a0,0x20001
200065c4:	fb050513          	addi	a0,a0,-80 # 20000fb0 <pqcrystals_kyber512_ref_zetas+0x7e8>
}
200065c8:	0121                	addi	sp,sp,8
  printf("\n");
200065ca:	ab25                	j	20006b02 <printf>

200065cc <printi.constprop.0>:
	}

	return pc;
}

static int printi(char **out, int i, int b, int sg, int width, int pad, int letbase)
200065cc:	fd410113          	addi	sp,sp,-44
200065d0:	d222                	sw	s0,36(sp)
200065d2:	c036                	sw	a3,0(sp)
200065d4:	d406                	sw	ra,40(sp)
200065d6:	c232                	sw	a2,4(sp)
200065d8:	843a                	mv	s0,a4
	if (!(pad & PAD_RIGHT)) {
200065da:	00177693          	andi	a3,a4,1
	char print_buf[PRINT_BUF_LEN];
	register char *s;
	register int t, neg = 0, pc = 0;
	register unsigned int u = i;

	if (i == 0) {
200065de:	10050f63          	beqz	a0,200066fc <printi.constprop.0+0x130>
200065e2:	d026                	sw	s1,32(sp)
		print_buf[0] = '0';
		print_buf[1] = '\0';
		return prints (out, print_buf, width, pad);
	}

	if (sg && b == 10 && i < 0) {
200065e4:	10061763          	bnez	a2,200066f2 <printi.constprop.0+0x126>
		neg = 1;
		u = -i;
	}

	s = print_buf + PRINT_BUF_LEN-1;
	*s = '\0';
200065e8:	00010fa3          	sb	zero,31(sp)

	while (u) {
		t = u % b;
		if( t >= 10 )
			t += letbase - '0' - 10;
200065ec:	fc678393          	addi	t2,a5,-58
	s = print_buf + PRINT_BUF_LEN-1;
200065f0:	01f10613          	addi	a2,sp,31
		if( t >= 10 )
200065f4:	44a5                	li	s1,9
	while (u) {
200065f6:	42bd                	li	t0,15
200065f8:	c436                	sw	a3,8(sp)
200065fa:	c622                	sw	s0,12(sp)
200065fc:	a039                	j	2000660a <printi.constprop.0+0x3e>
		*--s = t + '0';
200065fe:	fef60fa3          	sb	a5,-1(a2)
	while (u) {
20006602:	02a2fe63          	bgeu	t0,a0,2000663e <printi.constprop.0+0x72>
		*--s = t + '0';
20006606:	861a                	mv	a2,t1
		u /= b;
20006608:	8536                	mv	a0,a3
		t = u % b;
2000660a:	02b57733          	remu	a4,a0,a1
		*--s = t + '0';
2000660e:	fff60313          	addi	t1,a2,-1
		u /= b;
20006612:	00455693          	srli	a3,a0,0x4
			t += letbase - '0' - 10;
20006616:	00e387b3          	add	a5,t2,a4
		*--s = t + '0';
2000661a:	03078793          	addi	a5,a5,48
2000661e:	03070413          	addi	s0,a4,48
20006622:	0ff7f793          	zext.b	a5,a5
		if( t >= 10 )
20006626:	fce4ece3          	bltu	s1,a4,200065fe <printi.constprop.0+0x32>
		*--s = t + '0';
2000662a:	0ff47793          	zext.b	a5,s0
2000662e:	fef60fa3          	sb	a5,-1(a2)
		u /= b;
20006632:	02b556b3          	divu	a3,a0,a1
		*--s = t + '0';
20006636:	fff60313          	addi	t1,a2,-1
	while (u) {
2000663a:	fcb576e3          	bgeu	a0,a1,20006606 <printi.constprop.0+0x3a>
	}

	if (neg) {
2000663e:	4712                	lw	a4,4(sp)
20006640:	46a2                	lw	a3,8(sp)
20006642:	4432                	lw	s0,12(sp)
20006644:	c351                	beqz	a4,200066c8 <printi.constprop.0+0xfc>
		if( width && (pad & PAD_ZERO) ) {
20006646:	4482                	lw	s1,0(sp)
20006648:	c43e                	sw	a5,8(sp)
2000664a:	e0ad                	bnez	s1,200066ac <printi.constprop.0+0xe0>
			printchar (out, '-');
			++pc;
			--width;
		}
		else {
			*--s = '-';
2000664c:	02d00793          	li	a5,45
	register int pc = 0, padchar = ' ';
20006650:	02000713          	li	a4,32
			*--s = '-';
20006654:	fef30fa3          	sb	a5,-1(t1)
	register int pc = 0, padchar = ' ';
20006658:	4401                	li	s0,0
			*--s = '-';
2000665a:	ffe60313          	addi	t1,a2,-2
	register int t, neg = 0, pc = 0;
2000665e:	c202                	sw	zero,4(sp)
	register int pc = 0, padchar = ' ';
20006660:	c43a                	sw	a4,8(sp)
20006662:	c622                	sw	s0,12(sp)
20006664:	849a                	mv	s1,t1
20006666:	841a                	mv	s0,t1
20006668:	853e                	mv	a0,a5
    hal_uarte_char_write(c);
2000666a:	2965                	jal	20006b22 <hal_uarte_char_write>
	for ( ; *string ; ++string) {
2000666c:	8622                	mv	a2,s0
2000666e:	00144503          	lbu	a0,1(s0)
20006672:	0405                	addi	s0,s0,1
20006674:	f97d                	bnez	a0,2000666a <printi.constprop.0+0x9e>
20006676:	4432                	lw	s0,12(sp)
    hal_uarte_char_write(c);
20006678:	4782                	lw	a5,0(sp)
2000667a:	0405                	addi	s0,s0,1
2000667c:	8c05                	sub	s0,s0,s1
2000667e:	9622                	add	a2,a2,s0
20006680:	00814483          	lbu	s1,8(sp)
20006684:	843e                	mv	s0,a5
	for ( ; width > 0; --width) {
20006686:	00f05a63          	blez	a5,2000669a <printi.constprop.0+0xce>
2000668a:	c432                	sw	a2,8(sp)
    hal_uarte_char_write(c);
2000668c:	8526                	mv	a0,s1
	for ( ; width > 0; --width) {
2000668e:	147d                	addi	s0,s0,-1
    hal_uarte_char_write(c);
20006690:	2949                	jal	20006b22 <hal_uarte_char_write>
	for ( ; width > 0; --width) {
20006692:	fc6d                	bnez	s0,2000668c <printi.constprop.0+0xc0>
		}
	}

	return pc + prints (out, s, width, pad);
20006694:	4622                	lw	a2,8(sp)
20006696:	4782                	lw	a5,0(sp)
20006698:	963e                	add	a2,a2,a5
2000669a:	4792                	lw	a5,4(sp)
2000669c:	5482                	lw	s1,32(sp)
2000669e:	00f60533          	add	a0,a2,a5
}
200066a2:	50a2                	lw	ra,40(sp)
200066a4:	5412                	lw	s0,36(sp)
200066a6:	02c10113          	addi	sp,sp,44
200066aa:	8082                	ret
		if( width && (pad & PAD_ZERO) ) {
200066ac:	00247713          	andi	a4,s0,2
200066b0:	cf55                	beqz	a4,2000676c <printi.constprop.0+0x1a0>
    hal_uarte_char_write(c);
200066b2:	02d00513          	li	a0,45
200066b6:	c836                	sw	a3,16(sp)
200066b8:	c61a                	sw	t1,12(sp)
200066ba:	21a5                	jal	20006b22 <hal_uarte_char_write>
			--width;
200066bc:	fff48793          	addi	a5,s1,-1
200066c0:	c03e                	sw	a5,0(sp)
200066c2:	4332                	lw	t1,12(sp)
200066c4:	46c2                	lw	a3,16(sp)
200066c6:	47a2                	lw	a5,8(sp)
	if (width > 0) {
200066c8:	4702                	lw	a4,0(sp)
200066ca:	06e05363          	blez	a4,20006730 <printi.constprop.0+0x164>
		register int len = 0;
200066ce:	4701                	li	a4,0
		for (ptr = string; *ptr; ++ptr) ++len;
200066d0:	0705                	addi	a4,a4,1
200066d2:	00e30633          	add	a2,t1,a4
200066d6:	00064603          	lbu	a2,0(a2)
200066da:	fa7d                	bnez	a2,200066d0 <printi.constprop.0+0x104>
		if (len >= width) width = 0;
200066dc:	4582                	lw	a1,0(sp)
200066de:	06b74263          	blt	a4,a1,20006742 <printi.constprop.0+0x176>
		if (pad & PAD_ZERO) padchar = '0';
200066e2:	8809                	andi	s0,s0,2
200066e4:	c839                	beqz	s0,2000673a <printi.constprop.0+0x16e>
200066e6:	03000713          	li	a4,48
200066ea:	c43a                	sw	a4,8(sp)
	for ( ; *string ; ++string) {
200066ec:	4401                	li	s0,0
200066ee:	c002                	sw	zero,0(sp)
200066f0:	bf8d                	j	20006662 <printi.constprop.0+0x96>
	if (sg && b == 10 && i < 0) {
200066f2:	4729                	li	a4,10
200066f4:	02e58963          	beq	a1,a4,20006726 <printi.constprop.0+0x15a>
	register int t, neg = 0, pc = 0;
200066f8:	c202                	sw	zero,4(sp)
200066fa:	b5fd                	j	200065e8 <printi.constprop.0+0x1c>
	if (width > 0) {
200066fc:	4702                	lw	a4,0(sp)
		print_buf[0] = '0';
200066fe:	03000793          	li	a5,48
20006702:	00f11a23          	sh	a5,20(sp)
	if (width > 0) {
20006706:	00e05863          	blez	a4,20006716 <printi.constprop.0+0x14a>
2000670a:	85ba                	mv	a1,a4
		if (len >= width) width = 0;
2000670c:	4605                	li	a2,1
		if (pad & PAD_ZERO) padchar = '0';
2000670e:	00247713          	andi	a4,s0,2
		if (len >= width) width = 0;
20006712:	06c59c63          	bne	a1,a2,2000678a <printi.constprop.0+0x1be>
    hal_uarte_char_write(c);
20006716:	853e                	mv	a0,a5
20006718:	2129                	jal	20006b22 <hal_uarte_char_write>
}
2000671a:	50a2                	lw	ra,40(sp)
2000671c:	5412                	lw	s0,36(sp)
		return prints (out, print_buf, width, pad);
2000671e:	4505                	li	a0,1
}
20006720:	02c10113          	addi	sp,sp,44
20006724:	8082                	ret
	if (sg && b == 10 && i < 0) {
20006726:	fc0559e3          	bgez	a0,200066f8 <printi.constprop.0+0x12c>
		u = -i;
2000672a:	40a00533          	neg	a0,a0
2000672e:	bd6d                	j	200065e8 <printi.constprop.0+0x1c>
	register int pc = 0, padchar = ' ';
20006730:	02000713          	li	a4,32
20006734:	4401                	li	s0,0
20006736:	c43a                	sw	a4,8(sp)
20006738:	b72d                	j	20006662 <printi.constprop.0+0x96>
2000673a:	02000713          	li	a4,32
2000673e:	c43a                	sw	a4,8(sp)
20006740:	b775                	j	200066ec <printi.constprop.0+0x120>
		if (pad & PAD_ZERO) padchar = '0';
20006742:	00247613          	andi	a2,s0,2
		else width -= len;
20006746:	40e58433          	sub	s0,a1,a4
		if (pad & PAD_ZERO) padchar = '0';
2000674a:	ce05                	beqz	a2,20006782 <printi.constprop.0+0x1b6>
2000674c:	03000493          	li	s1,48
20006750:	c426                	sw	s1,8(sp)
	if (!(pad & PAD_RIGHT)) {
20006752:	e68d                	bnez	a3,2000677c <printi.constprop.0+0x1b0>
20006754:	c01a                	sw	t1,0(sp)
20006756:	c622                	sw	s0,12(sp)
20006758:	c83e                	sw	a5,16(sp)
    hal_uarte_char_write(c);
2000675a:	8526                	mv	a0,s1
		for ( ; width > 0; --width) {
2000675c:	147d                	addi	s0,s0,-1
    hal_uarte_char_write(c);
2000675e:	26d1                	jal	20006b22 <hal_uarte_char_write>
		for ( ; width > 0; --width) {
20006760:	fc6d                	bnez	s0,2000675a <printi.constprop.0+0x18e>
20006762:	4302                	lw	t1,0(sp)
20006764:	47c2                	lw	a5,16(sp)
20006766:	c022                	sw	s0,0(sp)
20006768:	4432                	lw	s0,12(sp)
2000676a:	bde5                	j	20006662 <printi.constprop.0+0x96>
			*--s = '-';
2000676c:	02d00793          	li	a5,45
20006770:	fef30fa3          	sb	a5,-1(t1)
	register int t, neg = 0, pc = 0;
20006774:	c202                	sw	zero,4(sp)
			*--s = '-';
20006776:	ffe60313          	addi	t1,a2,-2
2000677a:	b7b9                	j	200066c8 <printi.constprop.0+0xfc>
2000677c:	c022                	sw	s0,0(sp)
	register int pc = 0, padchar = ' ';
2000677e:	4401                	li	s0,0
	for ( ; *string ; ++string) {
20006780:	b5cd                	j	20006662 <printi.constprop.0+0x96>
		if (pad & PAD_ZERO) padchar = '0';
20006782:	02000493          	li	s1,32
	register int pc = 0, padchar = ' ';
20006786:	c426                	sw	s1,8(sp)
20006788:	b7e9                	j	20006752 <printi.constprop.0+0x186>
2000678a:	d026                	sw	s1,32(sp)
		else width -= len;
2000678c:	fff58493          	addi	s1,a1,-1
		if (pad & PAD_ZERO) padchar = '0';
20006790:	ef19                	bnez	a4,200067ae <printi.constprop.0+0x1e2>
	if (!(pad & PAD_RIGHT)) {
20006792:	c68d                	beqz	a3,200067bc <printi.constprop.0+0x1f0>
    hal_uarte_char_write(c);
20006794:	853e                	mv	a0,a5
20006796:	2671                	jal	20006b22 <hal_uarte_char_write>
	register int pc = 0, padchar = ' ';
20006798:	02000413          	li	s0,32
    hal_uarte_char_write(c);
2000679c:	0ff47413          	zext.b	s0,s0
200067a0:	8522                	mv	a0,s0
	for ( ; width > 0; --width) {
200067a2:	14fd                	addi	s1,s1,-1
    hal_uarte_char_write(c);
200067a4:	2ebd                	jal	20006b22 <hal_uarte_char_write>
	for ( ; width > 0; --width) {
200067a6:	fced                	bnez	s1,200067a0 <printi.constprop.0+0x1d4>
		return prints (out, print_buf, width, pad);
200067a8:	4502                	lw	a0,0(sp)
200067aa:	5482                	lw	s1,32(sp)
200067ac:	bddd                	j	200066a2 <printi.constprop.0+0xd6>
	if (!(pad & PAD_RIGHT)) {
200067ae:	c28d                	beqz	a3,200067d0 <printi.constprop.0+0x204>
    hal_uarte_char_write(c);
200067b0:	853e                	mv	a0,a5
200067b2:	2e85                	jal	20006b22 <hal_uarte_char_write>
		if (pad & PAD_ZERO) padchar = '0';
200067b4:	03000793          	li	a5,48
200067b8:	843e                	mv	s0,a5
200067ba:	b7cd                	j	2000679c <printi.constprop.0+0x1d0>
	if (!(pad & PAD_RIGHT)) {
200067bc:	02000413          	li	s0,32
    hal_uarte_char_write(c);
200067c0:	8522                	mv	a0,s0
		for ( ; width > 0; --width) {
200067c2:	14fd                	addi	s1,s1,-1
    hal_uarte_char_write(c);
200067c4:	2eb9                	jal	20006b22 <hal_uarte_char_write>
		for ( ; width > 0; --width) {
200067c6:	fced                	bnez	s1,200067c0 <printi.constprop.0+0x1f4>
    hal_uarte_char_write(c);
200067c8:	03000513          	li	a0,48
200067cc:	2e99                	jal	20006b22 <hal_uarte_char_write>
	for ( ; width > 0; --width) {
200067ce:	bfe9                	j	200067a8 <printi.constprop.0+0x1dc>
	if (!(pad & PAD_RIGHT)) {
200067d0:	843e                	mv	s0,a5
200067d2:	b7fd                	j	200067c0 <printi.constprop.0+0x1f4>

200067d4 <print.constprop.0>:

static int print(char **out, const char *format, va_list args )
200067d4:	fdc10113          	addi	sp,sp,-36
200067d8:	ce22                	sw	s0,28(sp)
200067da:	cc26                	sw	s1,24(sp)
200067dc:	d006                	sw	ra,32(sp)
200067de:	84aa                	mv	s1,a0
{
	register int width, pad;
	register int pc = 0;
	char scr[2];

	for (; *format != 0; ++format) {
200067e0:	00054503          	lbu	a0,0(a0)
static int print(char **out, const char *format, va_list args )
200067e4:	c42e                	sw	a1,8(sp)
	register int pc = 0;
200067e6:	4401                	li	s0,0
	for (; *format != 0; ++format) {
200067e8:	e911                	bnez	a0,200067fc <print.constprop.0+0x28>
200067ea:	a065                	j	20006892 <print.constprop.0+0xbe>
    hal_uarte_char_write(c);
200067ec:	2e1d                	jal	20006b22 <hal_uarte_char_write>
			}
		}
		else {
		out:
			printchar (out, *format);
			++pc;
200067ee:	0405                	addi	s0,s0,1
200067f0:	8326                	mv	t1,s1
	for (; *format != 0; ++format) {
200067f2:	00134503          	lbu	a0,1(t1)
200067f6:	00130493          	addi	s1,t1,1
200067fa:	cd41                	beqz	a0,20006892 <print.constprop.0+0xbe>
		if (*format == '%') {
200067fc:	02500713          	li	a4,37
20006800:	fee516e3          	bne	a0,a4,200067ec <print.constprop.0+0x18>
			if (*format == '\0') break;
20006804:	0014c503          	lbu	a0,1(s1)
20006808:	c549                	beqz	a0,20006892 <print.constprop.0+0xbe>
			++format;
2000680a:	00148313          	addi	t1,s1,1
			if (*format == '%') goto out;
2000680e:	08e50063          	beq	a0,a4,2000688e <print.constprop.0+0xba>
			if (*format == '-') {
20006812:	02d00693          	li	a3,45
			width = pad = 0;
20006816:	4701                	li	a4,0
			if (*format == '-') {
20006818:	00d51763          	bne	a0,a3,20006826 <print.constprop.0+0x52>
			while (*format == '0') {
2000681c:	0024c503          	lbu	a0,2(s1)
				++format;
20006820:	00248313          	addi	t1,s1,2
				pad = PAD_RIGHT;
20006824:	4705                	li	a4,1
			while (*format == '0') {
20006826:	03000793          	li	a5,48
2000682a:	18f51363          	bne	a0,a5,200069b0 <print.constprop.0+0x1dc>
2000682e:	87aa                	mv	a5,a0
20006830:	00134503          	lbu	a0,1(t1)
				++format;
20006834:	0305                	addi	t1,t1,1
				pad |= PAD_ZERO;
20006836:	00276713          	ori	a4,a4,2
			while (*format == '0') {
2000683a:	fef50be3          	beq	a0,a5,20006830 <print.constprop.0+0x5c>
2000683e:	4289                	li	t0,2
			for ( ; *format >= '0' && *format <= '9'; ++format) {
20006840:	fd050613          	addi	a2,a0,-48
20006844:	0ff67793          	zext.b	a5,a2
20006848:	45a5                	li	a1,9
			width = pad = 0;
2000684a:	4481                	li	s1,0
			for ( ; *format >= '0' && *format <= '9'; ++format) {
2000684c:	02f5e163          	bltu	a1,a5,2000686e <print.constprop.0+0x9a>
				width *= 10;
20006850:	00249793          	slli	a5,s1,0x2
			for ( ; *format >= '0' && *format <= '9'; ++format) {
20006854:	00134503          	lbu	a0,1(t1)
				width *= 10;
20006858:	97a6                	add	a5,a5,s1
2000685a:	0786                	slli	a5,a5,0x1
				width += *format - '0';
2000685c:	00f604b3          	add	s1,a2,a5
			for ( ; *format >= '0' && *format <= '9'; ++format) {
20006860:	fd050613          	addi	a2,a0,-48
20006864:	0ff67793          	zext.b	a5,a2
20006868:	0305                	addi	t1,t1,1
2000686a:	fef5f3e3          	bgeu	a1,a5,20006850 <print.constprop.0+0x7c>
			if( *format == 's' ) {
2000686e:	fa850513          	addi	a0,a0,-88
20006872:	0ff57513          	zext.b	a0,a0
20006876:	02000793          	li	a5,32
2000687a:	f6a7ece3          	bltu	a5,a0,200067f2 <print.constprop.0+0x1e>
2000687e:	200017b7          	lui	a5,0x20001
20006882:	fc478793          	addi	a5,a5,-60 # 20000fc4 <pqcrystals_kyber512_ref_zetas+0x7fc>
20006886:	050a                	slli	a0,a0,0x2
20006888:	953e                	add	a0,a0,a5
2000688a:	411c                	lw	a5,0(a0)
2000688c:	8782                	jr	a5
			++format;
2000688e:	849a                	mv	s1,t1
20006890:	bfb1                	j	200067ec <print.constprop.0+0x18>
		}
	}
	if (out) **out = '\0';
	va_end( args );
	return pc;
}
20006892:	5082                	lw	ra,32(sp)
20006894:	8522                	mv	a0,s0
20006896:	4472                	lw	s0,28(sp)
20006898:	44e2                	lw	s1,24(sp)
2000689a:	02410113          	addi	sp,sp,36
2000689e:	8082                	ret
				pc += printi (out, va_arg( args, int ), 16, 0, width, pad, 'a');
200068a0:	c01a                	sw	t1,0(sp)
200068a2:	4322                	lw	t1,8(sp)
200068a4:	86a6                	mv	a3,s1
200068a6:	06100793          	li	a5,97
200068aa:	00032503          	lw	a0,0(t1)
200068ae:	4601                	li	a2,0
200068b0:	45c1                	li	a1,16
200068b2:	00430493          	addi	s1,t1,4
200068b6:	c426                	sw	s1,8(sp)
200068b8:	d15ff0ef          	jal	200065cc <printi.constprop.0>
				continue;
200068bc:	4302                	lw	t1,0(sp)
				pc += printi (out, va_arg( args, int ), 16, 0, width, pad, 'a');
200068be:	942a                	add	s0,s0,a0
				continue;
200068c0:	bf0d                	j	200067f2 <print.constprop.0+0x1e>
				pc += printi (out, va_arg( args, int ), 10, 0, width, pad, 'a');
200068c2:	c01a                	sw	t1,0(sp)
200068c4:	4322                	lw	t1,8(sp)
200068c6:	86a6                	mv	a3,s1
200068c8:	06100793          	li	a5,97
200068cc:	00032503          	lw	a0,0(t1)
200068d0:	4601                	li	a2,0
200068d2:	45a9                	li	a1,10
200068d4:	bff9                	j	200068b2 <print.constprop.0+0xde>
				register char *s = (char *)va_arg( args, int );
200068d6:	46a2                	lw	a3,8(sp)
200068d8:	429c                	lw	a5,0(a3)
200068da:	0691                	addi	a3,a3,4
200068dc:	c436                	sw	a3,8(sp)
				pc += prints (out, s?s:"(null)", width, pad);
200068de:	cbf9                	beqz	a5,200069b4 <print.constprop.0+0x1e0>
				register char *s = (char *)va_arg( args, int );
200068e0:	c63e                	sw	a5,12(sp)
	for ( ; *string ; ++string) {
200068e2:	0007c503          	lbu	a0,0(a5)
	if (!(pad & PAD_RIGHT)) {
200068e6:	8b05                	andi	a4,a4,1
	if (width > 0) {
200068e8:	1c905763          	blez	s1,20006ab6 <print.constprop.0+0x2e2>
		for (ptr = string; *ptr; ++ptr) ++len;
200068ec:	18050e63          	beqz	a0,20006a88 <print.constprop.0+0x2b4>
		register int len = 0;
200068f0:	4781                	li	a5,0
		for (ptr = string; *ptr; ++ptr) ++len;
200068f2:	46b2                	lw	a3,12(sp)
200068f4:	0785                	addi	a5,a5,1
200068f6:	00f68633          	add	a2,a3,a5
200068fa:	00064603          	lbu	a2,0(a2)
200068fe:	fa75                	bnez	a2,200068f2 <print.constprop.0+0x11e>
		if (len >= width) width = 0;
20006900:	1097c963          	blt	a5,s1,20006a12 <print.constprop.0+0x23e>
		if (pad & PAD_ZERO) padchar = '0';
20006904:	14029663          	bnez	t0,20006a50 <print.constprop.0+0x27c>
	register int pc = 0, padchar = ' ';
20006908:	02000793          	li	a5,32
2000690c:	ca3e                	sw	a5,20(sp)
	for ( ; *string ; ++string) {
2000690e:	c802                	sw	zero,16(sp)
20006910:	4481                	li	s1,0
20006912:	47b2                	lw	a5,12(sp)
20006914:	c23e                	sw	a5,4(sp)
20006916:	c01a                	sw	t1,0(sp)
    hal_uarte_char_write(c);
20006918:	2429                	jal	20006b22 <hal_uarte_char_write>
	for ( ; *string ; ++string) {
2000691a:	4792                	lw	a5,4(sp)
2000691c:	4302                	lw	t1,0(sp)
2000691e:	873e                	mv	a4,a5
20006920:	0017c503          	lbu	a0,1(a5)
20006924:	0785                	addi	a5,a5,1
20006926:	f57d                	bnez	a0,20006914 <print.constprop.0+0x140>
20006928:	47c2                	lw	a5,16(sp)
2000692a:	46b2                	lw	a3,12(sp)
2000692c:	8f95                	sub	a5,a5,a3
2000692e:	0785                	addi	a5,a5,1
20006930:	97ba                	add	a5,a5,a4
20006932:	c83e                	sw	a5,16(sp)
	for ( ; width > 0; --width) {
20006934:	16905e63          	blez	s1,20006ab0 <print.constprop.0+0x2dc>
    hal_uarte_char_write(c);
20006938:	01414783          	lbu	a5,20(sp)
2000693c:	c63e                	sw	a5,12(sp)
2000693e:	87a6                	mv	a5,s1
20006940:	4532                	lw	a0,12(sp)
20006942:	c23e                	sw	a5,4(sp)
20006944:	c01a                	sw	t1,0(sp)
20006946:	2af1                	jal	20006b22 <hal_uarte_char_write>
	for ( ; width > 0; --width) {
20006948:	4792                	lw	a5,4(sp)
2000694a:	4302                	lw	t1,0(sp)
2000694c:	17fd                	addi	a5,a5,-1
2000694e:	fbed                	bnez	a5,20006940 <print.constprop.0+0x16c>
20006950:	47c2                	lw	a5,16(sp)
20006952:	00f486b3          	add	a3,s1,a5
				pc += prints (out, scr, width, pad);
20006956:	9436                	add	s0,s0,a3
				continue;
20006958:	bd69                	j	200067f2 <print.constprop.0+0x1e>
				pc += printi (out, va_arg( args, int ), 10, 1, width, pad, 'a');
2000695a:	c01a                	sw	t1,0(sp)
2000695c:	4322                	lw	t1,8(sp)
2000695e:	86a6                	mv	a3,s1
20006960:	06100793          	li	a5,97
20006964:	00032503          	lw	a0,0(t1)
20006968:	4605                	li	a2,1
2000696a:	45a9                	li	a1,10
2000696c:	b799                	j	200068b2 <print.constprop.0+0xde>
				scr[0] = (char)va_arg( args, int );
2000696e:	4622                	lw	a2,8(sp)
	if (!(pad & PAD_RIGHT)) {
20006970:	8b05                	andi	a4,a4,1
20006972:	c83a                	sw	a4,16(sp)
				scr[0] = (char)va_arg( args, int );
20006974:	00064683          	lbu	a3,0(a2)
20006978:	00460793          	addi	a5,a2,4
2000697c:	c43e                	sw	a5,8(sp)
2000697e:	ca36                	sw	a3,20(sp)
	if (width > 0) {
20006980:	04905563          	blez	s1,200069ca <print.constprop.0+0x1f6>
20006984:	8536                	mv	a0,a3
		for (ptr = string; *ptr; ++ptr) ++len;
20006986:	0e068a63          	beqz	a3,20006a7a <print.constprop.0+0x2a6>
		if (len >= width) width = 0;
2000698a:	4785                	li	a5,1
2000698c:	04f49863          	bne	s1,a5,200069dc <print.constprop.0+0x208>
	if (!(pad & PAD_RIGHT)) {
20006990:	e761                	bnez	a4,20006a58 <print.constprop.0+0x284>
    hal_uarte_char_write(c);
20006992:	4552                	lw	a0,20(sp)
20006994:	c01a                	sw	t1,0(sp)
	if (!(pad & PAD_RIGHT)) {
20006996:	4485                	li	s1,1
    hal_uarte_char_write(c);
20006998:	2269                	jal	20006b22 <hal_uarte_char_write>
2000699a:	4302                	lw	t1,0(sp)
				pc += prints (out, scr, width, pad);
2000699c:	9426                	add	s0,s0,s1
2000699e:	bd91                	j	200067f2 <print.constprop.0+0x1e>
				pc += printi (out, va_arg( args, int ), 16, 0, width, pad, 'A');
200069a0:	c01a                	sw	t1,0(sp)
200069a2:	4322                	lw	t1,8(sp)
200069a4:	86a6                	mv	a3,s1
200069a6:	04100793          	li	a5,65
200069aa:	00032503          	lw	a0,0(t1)
200069ae:	b701                	j	200068ae <print.constprop.0+0xda>
			while (*format == '0') {
200069b0:	4281                	li	t0,0
200069b2:	b579                	j	20006840 <print.constprop.0+0x6c>
				pc += prints (out, s?s:"(null)", width, pad);
200069b4:	200017b7          	lui	a5,0x20001
	if (width > 0) {
200069b8:	08905263          	blez	s1,20006a3c <print.constprop.0+0x268>
				pc += prints (out, s?s:"(null)", width, pad);
200069bc:	fbc78793          	addi	a5,a5,-68 # 20000fbc <pqcrystals_kyber512_ref_zetas+0x7f4>
	if (!(pad & PAD_RIGHT)) {
200069c0:	8b05                	andi	a4,a4,1
				pc += prints (out, s?s:"(null)", width, pad);
200069c2:	c63e                	sw	a5,12(sp)
	if (!(pad & PAD_RIGHT)) {
200069c4:	02800513          	li	a0,40
200069c8:	b725                	j	200068f0 <print.constprop.0+0x11c>
200069ca:	e32d                	bnez	a4,20006a2c <print.constprop.0+0x258>
	for ( ; *string ; ++string) {
200069cc:	e20683e3          	beqz	a3,200067f2 <print.constprop.0+0x1e>
    hal_uarte_char_write(c);
200069d0:	8536                	mv	a0,a3
200069d2:	c01a                	sw	t1,0(sp)
200069d4:	22b9                	jal	20006b22 <hal_uarte_char_write>
	for ( ; width > 0; --width) {
200069d6:	4302                	lw	t1,0(sp)
	if (!(pad & PAD_RIGHT)) {
200069d8:	4485                	li	s1,1
200069da:	b7c9                	j	2000699c <print.constprop.0+0x1c8>
200069dc:	14fd                	addi	s1,s1,-1
		if (pad & PAD_ZERO) padchar = '0';
200069de:	08028763          	beqz	t0,20006a6c <print.constprop.0+0x298>
	if (!(pad & PAD_RIGHT)) {
200069e2:	10070163          	beqz	a4,20006ae4 <print.constprop.0+0x310>
200069e6:	c01a                	sw	t1,0(sp)
    hal_uarte_char_write(c);
200069e8:	2a2d                	jal	20006b22 <hal_uarte_char_write>
	for ( ; width > 0; --width) {
200069ea:	4302                	lw	t1,0(sp)
		if (pad & PAD_ZERO) padchar = '0';
200069ec:	03000793          	li	a5,48
    hal_uarte_char_write(c);
200069f0:	0ff7f793          	zext.b	a5,a5
200069f4:	c63e                	sw	a5,12(sp)
200069f6:	87a6                	mv	a5,s1
200069f8:	4532                	lw	a0,12(sp)
200069fa:	c23e                	sw	a5,4(sp)
200069fc:	c01a                	sw	t1,0(sp)
200069fe:	2215                	jal	20006b22 <hal_uarte_char_write>
	for ( ; width > 0; --width) {
20006a00:	4792                	lw	a5,4(sp)
20006a02:	4302                	lw	t1,0(sp)
20006a04:	17fd                	addi	a5,a5,-1
20006a06:	fbed                	bnez	a5,200069f8 <print.constprop.0+0x224>
20006a08:	47c2                	lw	a5,16(sp)
20006a0a:	00f486b3          	add	a3,s1,a5
				pc += prints (out, scr, width, pad);
20006a0e:	9436                	add	s0,s0,a3
				continue;
20006a10:	b3cd                	j	200067f2 <print.constprop.0+0x1e>
		else width -= len;
20006a12:	40f487b3          	sub	a5,s1,a5
20006a16:	c83e                	sw	a5,16(sp)
		if (pad & PAD_ZERO) padchar = '0';
20006a18:	04028563          	beqz	t0,20006a62 <print.constprop.0+0x28e>
20006a1c:	03000793          	li	a5,48
20006a20:	c23e                	sw	a5,4(sp)
20006a22:	ca3e                	sw	a5,20(sp)
	if (!(pad & PAD_RIGHT)) {
20006a24:	cb35                	beqz	a4,20006a98 <print.constprop.0+0x2c4>
20006a26:	44c2                	lw	s1,16(sp)
20006a28:	c802                	sw	zero,16(sp)
20006a2a:	b5e5                	j	20006912 <print.constprop.0+0x13e>
	for ( ; *string ; ++string) {
20006a2c:	dc0683e3          	beqz	a3,200067f2 <print.constprop.0+0x1e>
    hal_uarte_char_write(c);
20006a30:	8536                	mv	a0,a3
20006a32:	c01a                	sw	t1,0(sp)
20006a34:	20fd                	jal	20006b22 <hal_uarte_char_write>
	for ( ; width > 0; --width) {
20006a36:	4302                	lw	t1,0(sp)
	if (!(pad & PAD_RIGHT)) {
20006a38:	4485                	li	s1,1
20006a3a:	b78d                	j	2000699c <print.constprop.0+0x1c8>
				pc += prints (out, s?s:"(null)", width, pad);
20006a3c:	fbc78793          	addi	a5,a5,-68
20006a40:	c63e                	sw	a5,12(sp)
	if (width > 0) {
20006a42:	02800513          	li	a0,40
20006a46:	02000793          	li	a5,32
20006a4a:	c802                	sw	zero,16(sp)
20006a4c:	ca3e                	sw	a5,20(sp)
20006a4e:	b5d1                	j	20006912 <print.constprop.0+0x13e>
		if (pad & PAD_ZERO) padchar = '0';
20006a50:	03000793          	li	a5,48
20006a54:	ca3e                	sw	a5,20(sp)
20006a56:	bd65                	j	2000690e <print.constprop.0+0x13a>
20006a58:	c01a                	sw	t1,0(sp)
    hal_uarte_char_write(c);
20006a5a:	20e1                	jal	20006b22 <hal_uarte_char_write>
	for ( ; width > 0; --width) {
20006a5c:	4302                	lw	t1,0(sp)
	if (!(pad & PAD_RIGHT)) {
20006a5e:	4485                	li	s1,1
20006a60:	bf35                	j	2000699c <print.constprop.0+0x1c8>
		if (pad & PAD_ZERO) padchar = '0';
20006a62:	02000793          	li	a5,32
20006a66:	c23e                	sw	a5,4(sp)
	register int pc = 0, padchar = ' ';
20006a68:	ca3e                	sw	a5,20(sp)
20006a6a:	bf6d                	j	20006a24 <print.constprop.0+0x250>
	if (!(pad & PAD_RIGHT)) {
20006a6c:	c739                	beqz	a4,20006aba <print.constprop.0+0x2e6>
20006a6e:	c01a                	sw	t1,0(sp)
    hal_uarte_char_write(c);
20006a70:	284d                	jal	20006b22 <hal_uarte_char_write>
	for ( ; width > 0; --width) {
20006a72:	4302                	lw	t1,0(sp)
	register int pc = 0, padchar = ' ';
20006a74:	02000793          	li	a5,32
20006a78:	bfa5                	j	200069f0 <print.constprop.0+0x21c>
		if (pad & PAD_ZERO) padchar = '0';
20006a7a:	06028963          	beqz	t0,20006aec <print.constprop.0+0x318>
	if (!(pad & PAD_RIGHT)) {
20006a7e:	c33d                	beqz	a4,20006ae4 <print.constprop.0+0x310>
		if (pad & PAD_ZERO) padchar = '0';
20006a80:	03000793          	li	a5,48
	register int pc = 0, padchar = ' ';
20006a84:	c802                	sw	zero,16(sp)
20006a86:	b7ad                	j	200069f0 <print.constprop.0+0x21c>
		if (pad & PAD_ZERO) padchar = '0';
20006a88:	06028763          	beqz	t0,20006af6 <print.constprop.0+0x322>
	if (!(pad & PAD_RIGHT)) {
20006a8c:	03000793          	li	a5,48
20006a90:	e735                	bnez	a4,20006afc <print.constprop.0+0x328>
20006a92:	c23e                	sw	a5,4(sp)
20006a94:	c826                	sw	s1,16(sp)
	register int pc = 0, padchar = ' ';
20006a96:	ca3e                	sw	a5,20(sp)
		if (pad & PAD_ZERO) padchar = '0';
20006a98:	44c2                	lw	s1,16(sp)
    hal_uarte_char_write(c);
20006a9a:	4512                	lw	a0,4(sp)
20006a9c:	c01a                	sw	t1,0(sp)
		for ( ; width > 0; --width) {
20006a9e:	14fd                	addi	s1,s1,-1
    hal_uarte_char_write(c);
20006aa0:	2049                	jal	20006b22 <hal_uarte_char_write>
		for ( ; width > 0; --width) {
20006aa2:	4302                	lw	t1,0(sp)
20006aa4:	f8fd                	bnez	s1,20006a9a <print.constprop.0+0x2c6>
	for ( ; *string ; ++string) {
20006aa6:	47b2                	lw	a5,12(sp)
20006aa8:	0007c503          	lbu	a0,0(a5)
20006aac:	e60513e3          	bnez	a0,20006912 <print.constprop.0+0x13e>
				pc += prints (out, s?s:"(null)", width, pad);
20006ab0:	47c2                	lw	a5,16(sp)
20006ab2:	943e                	add	s0,s0,a5
20006ab4:	bb3d                	j	200067f2 <print.constprop.0+0x1e>
	for ( ; *string ; ++string) {
20006ab6:	f941                	bnez	a0,20006a46 <print.constprop.0+0x272>
20006ab8:	bb2d                	j	200067f2 <print.constprop.0+0x1e>
	if (!(pad & PAD_RIGHT)) {
20006aba:	02000793          	li	a5,32
20006abe:	c63e                	sw	a5,12(sp)
20006ac0:	87a6                	mv	a5,s1
    hal_uarte_char_write(c);
20006ac2:	4532                	lw	a0,12(sp)
20006ac4:	c23e                	sw	a5,4(sp)
20006ac6:	c01a                	sw	t1,0(sp)
20006ac8:	28a9                	jal	20006b22 <hal_uarte_char_write>
		for ( ; width > 0; --width) {
20006aca:	4792                	lw	a5,4(sp)
20006acc:	4302                	lw	t1,0(sp)
20006ace:	17fd                	addi	a5,a5,-1
20006ad0:	fbed                	bnez	a5,20006ac2 <print.constprop.0+0x2ee>
	for ( ; *string ; ++string) {
20006ad2:	4552                	lw	a0,20(sp)
20006ad4:	ec0504e3          	beqz	a0,2000699c <print.constprop.0+0x1c8>
20006ad8:	c01a                	sw	t1,0(sp)
		++pc;
20006ada:	0485                	addi	s1,s1,1
    hal_uarte_char_write(c);
20006adc:	2099                	jal	20006b22 <hal_uarte_char_write>
20006ade:	4302                	lw	t1,0(sp)
				pc += prints (out, scr, width, pad);
20006ae0:	9426                	add	s0,s0,s1
20006ae2:	bb01                	j	200067f2 <print.constprop.0+0x1e>
	if (!(pad & PAD_RIGHT)) {
20006ae4:	03000793          	li	a5,48
20006ae8:	c63e                	sw	a5,12(sp)
20006aea:	bfd9                	j	20006ac0 <print.constprop.0+0x2ec>
20006aec:	d779                	beqz	a4,20006aba <print.constprop.0+0x2e6>
	register int pc = 0, padchar = ' ';
20006aee:	02000793          	li	a5,32
20006af2:	c802                	sw	zero,16(sp)
20006af4:	bdf5                	j	200069f0 <print.constprop.0+0x21c>
	if (!(pad & PAD_RIGHT)) {
20006af6:	02000793          	li	a5,32
20006afa:	df41                	beqz	a4,20006a92 <print.constprop.0+0x2be>
	register int pc = 0, padchar = ' ';
20006afc:	ca3e                	sw	a5,20(sp)
	for ( ; width > 0; --width) {
20006afe:	c802                	sw	zero,16(sp)
20006b00:	bd25                	j	20006938 <print.constprop.0+0x164>

20006b02 <printf>:



int printf(const char *format, ...)
{
20006b02:	1111                	addi	sp,sp,-28
        va_list args;

        va_start( args, format );
20006b04:	00810313          	addi	t1,sp,8
{
20006b08:	c42e                	sw	a1,8(sp)
        return print( 0, format, args );
20006b0a:	859a                	mv	a1,t1
{
20006b0c:	c206                	sw	ra,4(sp)
20006b0e:	c632                	sw	a2,12(sp)
20006b10:	c836                	sw	a3,16(sp)
20006b12:	ca3a                	sw	a4,20(sp)
20006b14:	cc3e                	sw	a5,24(sp)
        va_start( args, format );
20006b16:	c01a                	sw	t1,0(sp)
        return print( 0, format, args );
20006b18:	cbdff0ef          	jal	200067d4 <print.constprop.0>
}
20006b1c:	4092                	lw	ra,4(sp)
20006b1e:	0171                	addi	sp,sp,28
20006b20:	8082                	ret

20006b22 <hal_uarte_char_write>:
  
  m_initialized = true;
}

uint32_t hal_uarte_char_write(uint8_t ch) {
    if (!m_initialized) {
20006b22:	9211c703          	lbu	a4,-1759(gp) # 20010121 <m_initialized>
20006b26:	e315                	bnez	a4,20006b4a <hal_uarte_char_write+0x28>
  uarte_instance->BAUDRATE = UARTE_BAUDRATE_BAUDRATE_Baud115200;
20006b28:	50104737          	lui	a4,0x50104
20006b2c:	01d606b7          	lui	a3,0x1d60
20006b30:	52d72223          	sw	a3,1316(a4) # 50104524 <__StackTop+0x300e4524>
  uarte_instance->PSEL.TXD = 6;
20006b34:	4699                	li	a3,6
20006b36:	60d72223          	sw	a3,1540(a4)
  uarte_instance->CONFIG = (uint32_t)hwfc | (uint32_t)parity;
20006b3a:	4685                	li	a3,1
20006b3c:	56d72623          	sw	a3,1388(a4)
  uarte_instance->ENABLE = (UARTE_ENABLE_ENABLE_Enabled << UARTE_ENABLE_ENABLE_Pos);
20006b40:	4621                	li	a2,8
20006b42:	50c72023          	sw	a2,1280(a4)
  m_initialized = true;
20006b46:	92d180a3          	sb	a3,-1759(gp) # 20010121 <m_initialized>
        hal_uarte_init();
    }

    NRF_UARTE_Type * uarte_instance = (NRF_UARTE_Type *)CONFIG_HW_UARTE_INSTANCE;
    uarte_instance->ERRORSRC = 0;
20006b4a:	50104737          	lui	a4,0x50104
20006b4e:	48072023          	sw	zero,1152(a4) # 50104480 <__StackTop+0x300e4480>

    static volatile uint8_t m_tx_buf[TX_BUF_SIZE];
    (void)m_tx_buf;


    m_tx_buf[0] = ch;
20006b52:	92a18023          	sb	a0,-1760(gp) # 20010120 <m_tx_buf.0>

    uarte_instance->DMA.TX.PTR = (uint32_t)((uint8_t *)m_tx_buf);
20006b56:	92018793          	addi	a5,gp,-1760 # 20010120 <m_tx_buf.0>
20006b5a:	72f72e23          	sw	a5,1852(a4)
    uarte_instance->DMA.TX.MAXCNT = (uint32_t)sizeof(m_tx_buf);
20006b5e:	4785                	li	a5,1
20006b60:	74f72023          	sw	a5,1856(a4)
    uarte_instance->TASKS_DMA.TX.START = 1;
20006b64:	cb3c                	sw	a5,80(a4)


     while((0 == uarte_instance->EVENTS_TXDRDY)) ;
20006b66:	10c72783          	lw	a5,268(a4)
20006b6a:	dff5                	beqz	a5,20006b66 <hal_uarte_char_write+0x44>

    uarte_instance->EVENTS_TXDRDY  = 0;
20006b6c:	10072623          	sw	zero,268(a4)
    uarte_instance->TASKS_DMA.TX.STOP  = 1;
20006b70:	4785                	li	a5,1
20006b72:	cb7c                	sw	a5,84(a4)

    return uarte_instance->ERRORSRC;
20006b74:	48072503          	lw	a0,1152(a4)
}
20006b78:	8082                	ret

20006b7a <UserSoftware_Handler>:
/* Dummy Exception Handlers (infinite loops which can be modified) */

    .weak   UserSoftware_Handler
    .type   UserSoftware_Handler, %function
UserSoftware_Handler:
    j       .
20006b7a:	a001                	j	20006b7a <UserSoftware_Handler>

20006b7c <SuperVisorSoftware_Handler>:


    .weak   SuperVisorSoftware_Handler
    .type   SuperVisorSoftware_Handler, %function
SuperVisorSoftware_Handler:
    j       .
20006b7c:	a001                	j	20006b7c <SuperVisorSoftware_Handler>

20006b7e <MachineSoftware_Handler>:


    .weak   MachineSoftware_Handler
    .type   MachineSoftware_Handler, %function
MachineSoftware_Handler:
    j       .
20006b7e:	a001                	j	20006b7e <MachineSoftware_Handler>

20006b80 <UserTimer_Handler>:


    .weak   UserTimer_Handler
    .type   UserTimer_Handler, %function
UserTimer_Handler:
    j       .
20006b80:	a001                	j	20006b80 <UserTimer_Handler>

20006b82 <SuperVisorTimer_Handler>:


    .weak   SuperVisorTimer_Handler
    .type   SuperVisorTimer_Handler, %function
SuperVisorTimer_Handler:
    j       .
20006b82:	a001                	j	20006b82 <SuperVisorTimer_Handler>

20006b84 <MachineTimer_Handler>:


    .weak   MachineTimer_Handler
    .type   MachineTimer_Handler, %function
MachineTimer_Handler:
    j       .
20006b84:	a001                	j	20006b84 <MachineTimer_Handler>

20006b86 <UserExternal_Handler>:


    .weak   UserExternal_Handler
    .type   UserExternal_Handler, %function
UserExternal_Handler:
    j       .
20006b86:	a001                	j	20006b86 <UserExternal_Handler>

20006b88 <SuperVisorExternal_Handler>:


    .weak   SuperVisorExternal_Handler
    .type   SuperVisorExternal_Handler, %function
SuperVisorExternal_Handler:
    j       .
20006b88:	a001                	j	20006b88 <SuperVisorExternal_Handler>

20006b8a <MachineExternal_Handler>:


    .weak   MachineExternal_Handler
    .type   MachineExternal_Handler, %function
MachineExternal_Handler:
    j       .
20006b8a:	a001                	j	20006b8a <MachineExternal_Handler>

20006b8c <CLICSoftware_Handler>:


    .weak   CLICSoftware_Handler
    .type   CLICSoftware_Handler, %function
CLICSoftware_Handler:
    j       .
20006b8c:	a001                	j	20006b8c <CLICSoftware_Handler>

20006b8e <Default_Handler>:
/* IRQ Handlers */

    .globl  Default_Handler
    .type   Default_Handler, %function
Default_Handler:
    j       .
20006b8e:	a001                	j	20006b8e <Default_Handler>

20006b90 <SystemInit>:
                }
            #endif
        #endif

    #endif
}
20006b90:	8082                	ret
	...

20006b94 <__udivdi3>:
20006b94:	ff810113          	addi	sp,sp,-8
20006b98:	0e069c63          	bnez	a3,20006c90 <__udivdi3+0xfc>
20006b9c:	00812223          	sw	s0,4(sp)
20006ba0:	00060313          	mv	t1,a2
20006ba4:	00050793          	mv	a5,a0
20006ba8:	14c5f663          	bgeu	a1,a2,20006cf4 <__udivdi3+0x160>
20006bac:	00010737          	lui	a4,0x10
20006bb0:	00058293          	mv	t0,a1
20006bb4:	20e66863          	bltu	a2,a4,20006dc4 <__udivdi3+0x230>
20006bb8:	01000737          	lui	a4,0x1000
20006bbc:	01800693          	li	a3,24
20006bc0:	00e67463          	bgeu	a2,a4,20006bc8 <__udivdi3+0x34>
20006bc4:	01000693          	li	a3,16
20006bc8:	20001737          	lui	a4,0x20001
20006bcc:	00d653b3          	srl	t2,a2,a3
20006bd0:	04870713          	addi	a4,a4,72 # 20001048 <__clz_tab>
20006bd4:	00770733          	add	a4,a4,t2
20006bd8:	00074703          	lbu	a4,0(a4)
20006bdc:	02000393          	li	t2,32
20006be0:	00d70733          	add	a4,a4,a3
20006be4:	40e38433          	sub	s0,t2,a4
20006be8:	00e38c63          	beq	t2,a4,20006c00 <__udivdi3+0x6c>
20006bec:	008596b3          	sll	a3,a1,s0
20006bf0:	00e55733          	srl	a4,a0,a4
20006bf4:	00d762b3          	or	t0,a4,a3
20006bf8:	00861333          	sll	t1,a2,s0
20006bfc:	008517b3          	sll	a5,a0,s0
20006c00:	01035593          	srli	a1,t1,0x10
20006c04:	02b2d533          	divu	a0,t0,a1
20006c08:	01031613          	slli	a2,t1,0x10
20006c0c:	01065613          	srli	a2,a2,0x10
20006c10:	0107d713          	srli	a4,a5,0x10
20006c14:	02b2f6b3          	remu	a3,t0,a1
20006c18:	02a602b3          	mul	t0,a2,a0
20006c1c:	01069693          	slli	a3,a3,0x10
20006c20:	00d76733          	or	a4,a4,a3
20006c24:	00577c63          	bgeu	a4,t0,20006c3c <__udivdi3+0xa8>
20006c28:	00e30733          	add	a4,t1,a4
20006c2c:	fff50693          	addi	a3,a0,-1
20006c30:	00676463          	bltu	a4,t1,20006c38 <__udivdi3+0xa4>
20006c34:	40576463          	bltu	a4,t0,2000703c <__udivdi3+0x4a8>
20006c38:	00068513          	mv	a0,a3
20006c3c:	40570733          	sub	a4,a4,t0
20006c40:	02b756b3          	divu	a3,a4,a1
20006c44:	01079793          	slli	a5,a5,0x10
20006c48:	0107d793          	srli	a5,a5,0x10
20006c4c:	02b77733          	remu	a4,a4,a1
20006c50:	02d60633          	mul	a2,a2,a3
20006c54:	01071713          	slli	a4,a4,0x10
20006c58:	00e7e7b3          	or	a5,a5,a4
20006c5c:	00c7fe63          	bgeu	a5,a2,20006c78 <__udivdi3+0xe4>
20006c60:	00f307b3          	add	a5,t1,a5
20006c64:	fff68713          	addi	a4,a3,-1 # 1d5ffff <TotalFlashUsed+0x1d5888b>
20006c68:	0067e663          	bltu	a5,t1,20006c74 <__udivdi3+0xe0>
20006c6c:	ffe68693          	addi	a3,a3,-2
20006c70:	00c7e463          	bltu	a5,a2,20006c78 <__udivdi3+0xe4>
20006c74:	00070693          	mv	a3,a4
20006c78:	00412403          	lw	s0,4(sp)
20006c7c:	01051513          	slli	a0,a0,0x10
20006c80:	00d56533          	or	a0,a0,a3
20006c84:	00000593          	li	a1,0
20006c88:	00810113          	addi	sp,sp,8
20006c8c:	00008067          	ret
20006c90:	00d5fa63          	bgeu	a1,a3,20006ca4 <__udivdi3+0x110>
20006c94:	00000593          	li	a1,0
20006c98:	00000513          	li	a0,0
20006c9c:	00810113          	addi	sp,sp,8
20006ca0:	00008067          	ret
20006ca4:	000107b7          	lui	a5,0x10
20006ca8:	1ef6ec63          	bltu	a3,a5,20006ea0 <__udivdi3+0x30c>
20006cac:	010007b7          	lui	a5,0x1000
20006cb0:	01800313          	li	t1,24
20006cb4:	00f6f463          	bgeu	a3,a5,20006cbc <__udivdi3+0x128>
20006cb8:	01000313          	li	t1,16
20006cbc:	200017b7          	lui	a5,0x20001
20006cc0:	0066d733          	srl	a4,a3,t1
20006cc4:	04878793          	addi	a5,a5,72 # 20001048 <__clz_tab>
20006cc8:	00e787b3          	add	a5,a5,a4
20006ccc:	0007c703          	lbu	a4,0(a5)
20006cd0:	02000793          	li	a5,32
20006cd4:	00670733          	add	a4,a4,t1
20006cd8:	40e78333          	sub	t1,a5,a4
20006cdc:	1ce79a63          	bne	a5,a4,20006eb0 <__udivdi3+0x31c>
20006ce0:	32b6e263          	bltu	a3,a1,20007004 <__udivdi3+0x470>
20006ce4:	00c53533          	sltu	a0,a0,a2
20006ce8:	00153513          	seqz	a0,a0
20006cec:	00000593          	li	a1,0
20006cf0:	fadff06f          	j	20006c9c <__udivdi3+0x108>
20006cf4:	0e060063          	beqz	a2,20006dd4 <__udivdi3+0x240>
20006cf8:	00010737          	lui	a4,0x10
20006cfc:	2ee67a63          	bgeu	a2,a4,20006ff0 <__udivdi3+0x45c>
20006d00:	10063693          	sltiu	a3,a2,256
20006d04:	0016b693          	seqz	a3,a3
20006d08:	00369693          	slli	a3,a3,0x3
20006d0c:	00d652b3          	srl	t0,a2,a3
20006d10:	20001737          	lui	a4,0x20001
20006d14:	04870713          	addi	a4,a4,72 # 20001048 <__clz_tab>
20006d18:	00570733          	add	a4,a4,t0
20006d1c:	00074283          	lbu	t0,0(a4)
20006d20:	02000713          	li	a4,32
20006d24:	00d282b3          	add	t0,t0,a3
20006d28:	40570433          	sub	s0,a4,t0
20006d2c:	0c571863          	bne	a4,t0,20006dfc <__udivdi3+0x268>
20006d30:	40c582b3          	sub	t0,a1,a2
20006d34:	01065693          	srli	a3,a2,0x10
20006d38:	01061613          	slli	a2,a2,0x10
20006d3c:	01065613          	srli	a2,a2,0x10
20006d40:	00100593          	li	a1,1
20006d44:	02d2d533          	divu	a0,t0,a3
20006d48:	0107d713          	srli	a4,a5,0x10
20006d4c:	02d2f2b3          	remu	t0,t0,a3
20006d50:	02c503b3          	mul	t2,a0,a2
20006d54:	01029293          	slli	t0,t0,0x10
20006d58:	00576733          	or	a4,a4,t0
20006d5c:	00777c63          	bgeu	a4,t2,20006d74 <__udivdi3+0x1e0>
20006d60:	00e30733          	add	a4,t1,a4
20006d64:	fff50293          	addi	t0,a0,-1
20006d68:	00676463          	bltu	a4,t1,20006d70 <__udivdi3+0x1dc>
20006d6c:	2c776263          	bltu	a4,t2,20007030 <__udivdi3+0x49c>
20006d70:	00028513          	mv	a0,t0
20006d74:	40770733          	sub	a4,a4,t2
20006d78:	02d752b3          	divu	t0,a4,a3
20006d7c:	01079793          	slli	a5,a5,0x10
20006d80:	0107d793          	srli	a5,a5,0x10
20006d84:	02d77733          	remu	a4,a4,a3
20006d88:	02c28633          	mul	a2,t0,a2
20006d8c:	01071713          	slli	a4,a4,0x10
20006d90:	00e7e7b3          	or	a5,a5,a4
20006d94:	00c7fe63          	bgeu	a5,a2,20006db0 <__udivdi3+0x21c>
20006d98:	00f307b3          	add	a5,t1,a5
20006d9c:	fff28713          	addi	a4,t0,-1 # fff <__rodata_size+0x5bb>
20006da0:	0067e663          	bltu	a5,t1,20006dac <__udivdi3+0x218>
20006da4:	ffe28293          	addi	t0,t0,-2
20006da8:	00c7e463          	bltu	a5,a2,20006db0 <__udivdi3+0x21c>
20006dac:	00070293          	mv	t0,a4
20006db0:	00412403          	lw	s0,4(sp)
20006db4:	01051513          	slli	a0,a0,0x10
20006db8:	00556533          	or	a0,a0,t0
20006dbc:	00810113          	addi	sp,sp,8
20006dc0:	00008067          	ret
20006dc4:	10063693          	sltiu	a3,a2,256
20006dc8:	0016b693          	seqz	a3,a3
20006dcc:	00369693          	slli	a3,a3,0x3
20006dd0:	df9ff06f          	j	20006bc8 <__udivdi3+0x34>
20006dd4:	20001737          	lui	a4,0x20001
20006dd8:	00000293          	li	t0,0
20006ddc:	04870713          	addi	a4,a4,72 # 20001048 <__clz_tab>
20006de0:	00570733          	add	a4,a4,t0
20006de4:	00074283          	lbu	t0,0(a4)
20006de8:	00000693          	li	a3,0
20006dec:	02000713          	li	a4,32
20006df0:	00d282b3          	add	t0,t0,a3
20006df4:	40570433          	sub	s0,a4,t0
20006df8:	f2570ce3          	beq	a4,t0,20006d30 <__udivdi3+0x19c>
20006dfc:	00861333          	sll	t1,a2,s0
20006e00:	0055d3b3          	srl	t2,a1,t0
20006e04:	01035693          	srli	a3,t1,0x10
20006e08:	02d3d733          	divu	a4,t2,a3
20006e0c:	01031613          	slli	a2,t1,0x10
20006e10:	01065613          	srli	a2,a2,0x10
20006e14:	005552b3          	srl	t0,a0,t0
20006e18:	008517b3          	sll	a5,a0,s0
20006e1c:	008595b3          	sll	a1,a1,s0
20006e20:	00b2e2b3          	or	t0,t0,a1
20006e24:	0102d593          	srli	a1,t0,0x10
20006e28:	02d3f3b3          	remu	t2,t2,a3
20006e2c:	02e60533          	mul	a0,a2,a4
20006e30:	01039393          	slli	t2,t2,0x10
20006e34:	0075e5b3          	or	a1,a1,t2
20006e38:	00a5fe63          	bgeu	a1,a0,20006e54 <__udivdi3+0x2c0>
20006e3c:	00b305b3          	add	a1,t1,a1
20006e40:	fff70393          	addi	t2,a4,-1
20006e44:	1c65ee63          	bltu	a1,t1,20007020 <__udivdi3+0x48c>
20006e48:	1ca5fc63          	bgeu	a1,a0,20007020 <__udivdi3+0x48c>
20006e4c:	ffe70713          	addi	a4,a4,-2
20006e50:	006585b3          	add	a1,a1,t1
20006e54:	40a585b3          	sub	a1,a1,a0
20006e58:	02d5d533          	divu	a0,a1,a3
20006e5c:	01029293          	slli	t0,t0,0x10
20006e60:	0102d293          	srli	t0,t0,0x10
20006e64:	02d5f5b3          	remu	a1,a1,a3
20006e68:	02a603b3          	mul	t2,a2,a0
20006e6c:	01059593          	slli	a1,a1,0x10
20006e70:	00b2e2b3          	or	t0,t0,a1
20006e74:	0072fe63          	bgeu	t0,t2,20006e90 <__udivdi3+0x2fc>
20006e78:	005302b3          	add	t0,t1,t0
20006e7c:	fff50593          	addi	a1,a0,-1
20006e80:	1862e863          	bltu	t0,t1,20007010 <__udivdi3+0x47c>
20006e84:	1872f663          	bgeu	t0,t2,20007010 <__udivdi3+0x47c>
20006e88:	ffe50513          	addi	a0,a0,-2
20006e8c:	006282b3          	add	t0,t0,t1
20006e90:	01071593          	slli	a1,a4,0x10
20006e94:	00a5e5b3          	or	a1,a1,a0
20006e98:	407282b3          	sub	t0,t0,t2
20006e9c:	ea9ff06f          	j	20006d44 <__udivdi3+0x1b0>
20006ea0:	1006b793          	sltiu	a5,a3,256
20006ea4:	0017b793          	seqz	a5,a5
20006ea8:	00379313          	slli	t1,a5,0x3
20006eac:	e11ff06f          	j	20006cbc <__udivdi3+0x128>
20006eb0:	00e657b3          	srl	a5,a2,a4
20006eb4:	006696b3          	sll	a3,a3,t1
20006eb8:	00d7e6b3          	or	a3,a5,a3
20006ebc:	0106d393          	srli	t2,a3,0x10
20006ec0:	00812223          	sw	s0,4(sp)
20006ec4:	00e5d433          	srl	s0,a1,a4
20006ec8:	027457b3          	divu	a5,s0,t2
20006ecc:	01069293          	slli	t0,a3,0x10
20006ed0:	0102d293          	srli	t0,t0,0x10
20006ed4:	00912023          	sw	s1,0(sp)
20006ed8:	00e55733          	srl	a4,a0,a4
20006edc:	006595b3          	sll	a1,a1,t1
20006ee0:	00b765b3          	or	a1,a4,a1
20006ee4:	0105d713          	srli	a4,a1,0x10
20006ee8:	00661633          	sll	a2,a2,t1
20006eec:	02747433          	remu	s0,s0,t2
20006ef0:	02f284b3          	mul	s1,t0,a5
20006ef4:	01041413          	slli	s0,s0,0x10
20006ef8:	00876733          	or	a4,a4,s0
20006efc:	00977e63          	bgeu	a4,s1,20006f18 <__udivdi3+0x384>
20006f00:	00e68733          	add	a4,a3,a4
20006f04:	fff78413          	addi	s0,a5,-1
20006f08:	12d76063          	bltu	a4,a3,20007028 <__udivdi3+0x494>
20006f0c:	10977e63          	bgeu	a4,s1,20007028 <__udivdi3+0x494>
20006f10:	ffe78793          	addi	a5,a5,-2
20006f14:	00d70733          	add	a4,a4,a3
20006f18:	40970733          	sub	a4,a4,s1
20006f1c:	02775433          	divu	s0,a4,t2
20006f20:	01059593          	slli	a1,a1,0x10
20006f24:	0105d593          	srli	a1,a1,0x10
20006f28:	02777733          	remu	a4,a4,t2
20006f2c:	028282b3          	mul	t0,t0,s0
20006f30:	01071713          	slli	a4,a4,0x10
20006f34:	00e5e733          	or	a4,a1,a4
20006f38:	00577e63          	bgeu	a4,t0,20006f54 <__udivdi3+0x3c0>
20006f3c:	00e68733          	add	a4,a3,a4
20006f40:	fff40593          	addi	a1,s0,-1
20006f44:	0cd76a63          	bltu	a4,a3,20007018 <__udivdi3+0x484>
20006f48:	0c577863          	bgeu	a4,t0,20007018 <__udivdi3+0x484>
20006f4c:	ffe40413          	addi	s0,s0,-2
20006f50:	00d70733          	add	a4,a4,a3
20006f54:	01079793          	slli	a5,a5,0x10
20006f58:	01041693          	slli	a3,s0,0x10
20006f5c:	01061393          	slli	t2,a2,0x10
20006f60:	0087e7b3          	or	a5,a5,s0
20006f64:	0106d693          	srli	a3,a3,0x10
20006f68:	0103d393          	srli	t2,t2,0x10
20006f6c:	0107d593          	srli	a1,a5,0x10
20006f70:	01065613          	srli	a2,a2,0x10
20006f74:	02758433          	mul	s0,a1,t2
20006f78:	40570733          	sub	a4,a4,t0
20006f7c:	027683b3          	mul	t2,a3,t2
20006f80:	02c686b3          	mul	a3,a3,a2
20006f84:	0103d293          	srli	t0,t2,0x10
20006f88:	008686b3          	add	a3,a3,s0
20006f8c:	00d286b3          	add	a3,t0,a3
20006f90:	02c585b3          	mul	a1,a1,a2
20006f94:	0086f663          	bgeu	a3,s0,20006fa0 <__udivdi3+0x40c>
20006f98:	00010637          	lui	a2,0x10
20006f9c:	00c585b3          	add	a1,a1,a2
20006fa0:	0106d613          	srli	a2,a3,0x10
20006fa4:	00b60633          	add	a2,a2,a1
20006fa8:	02c76a63          	bltu	a4,a2,20006fdc <__udivdi3+0x448>
20006fac:	00c70c63          	beq	a4,a2,20006fc4 <__udivdi3+0x430>
20006fb0:	00412403          	lw	s0,4(sp)
20006fb4:	00012483          	lw	s1,0(sp)
20006fb8:	00078513          	mv	a0,a5
20006fbc:	00000593          	li	a1,0
20006fc0:	cddff06f          	j	20006c9c <__udivdi3+0x108>
20006fc4:	01039393          	slli	t2,t2,0x10
20006fc8:	0103d393          	srli	t2,t2,0x10
20006fcc:	01069693          	slli	a3,a3,0x10
20006fd0:	00651533          	sll	a0,a0,t1
20006fd4:	007686b3          	add	a3,a3,t2
20006fd8:	fcd57ce3          	bgeu	a0,a3,20006fb0 <__udivdi3+0x41c>
20006fdc:	00412403          	lw	s0,4(sp)
20006fe0:	00012483          	lw	s1,0(sp)
20006fe4:	fff78513          	addi	a0,a5,-1
20006fe8:	00000593          	li	a1,0
20006fec:	cb1ff06f          	j	20006c9c <__udivdi3+0x108>
20006ff0:	01000737          	lui	a4,0x1000
20006ff4:	04e67a63          	bgeu	a2,a4,20007048 <__udivdi3+0x4b4>
20006ff8:	01065293          	srli	t0,a2,0x10
20006ffc:	01000693          	li	a3,16
20007000:	d11ff06f          	j	20006d10 <__udivdi3+0x17c>
20007004:	00000593          	li	a1,0
20007008:	00100513          	li	a0,1
2000700c:	c91ff06f          	j	20006c9c <__udivdi3+0x108>
20007010:	00058513          	mv	a0,a1
20007014:	e7dff06f          	j	20006e90 <__udivdi3+0x2fc>
20007018:	00058413          	mv	s0,a1
2000701c:	f39ff06f          	j	20006f54 <__udivdi3+0x3c0>
20007020:	00038713          	mv	a4,t2
20007024:	e31ff06f          	j	20006e54 <__udivdi3+0x2c0>
20007028:	00040793          	mv	a5,s0
2000702c:	eedff06f          	j	20006f18 <__udivdi3+0x384>
20007030:	ffe50513          	addi	a0,a0,-2
20007034:	00670733          	add	a4,a4,t1
20007038:	d3dff06f          	j	20006d74 <__udivdi3+0x1e0>
2000703c:	ffe50513          	addi	a0,a0,-2
20007040:	00670733          	add	a4,a4,t1
20007044:	bf9ff06f          	j	20006c3c <__udivdi3+0xa8>
20007048:	01865293          	srli	t0,a2,0x18
2000704c:	01800693          	li	a3,24
20007050:	cc1ff06f          	j	20006d10 <__udivdi3+0x17c>

20007054 <memcpy>:
20007054:	00050313          	mv	t1,a0
20007058:	00060e63          	beqz	a2,20007074 <memcpy+0x20>
2000705c:	00058383          	lb	t2,0(a1)
20007060:	00730023          	sb	t2,0(t1)
20007064:	fff60613          	addi	a2,a2,-1 # ffff <TotalFlashUsed+0x888b>
20007068:	00130313          	addi	t1,t1,1
2000706c:	00158593          	addi	a1,a1,1
20007070:	fe0616e3          	bnez	a2,2000705c <memcpy+0x8>
20007074:	00008067          	ret

20007078 <swapfunc>:
20007078:	00200713          	li	a4,2
2000707c:	00050793          	mv	a5,a0
20007080:	00c50333          	add	t1,a0,a2
20007084:	02e68663          	beq	a3,a4,200070b0 <swapfunc+0x38>
20007088:	00265613          	srli	a2,a2,0x2
2000708c:	0005a703          	lw	a4,0(a1)
20007090:	00052783          	lw	a5,0(a0)
20007094:	00458593          	addi	a1,a1,4
20007098:	fff60613          	addi	a2,a2,-1
2000709c:	00e52023          	sw	a4,0(a0)
200070a0:	fef5ae23          	sw	a5,-4(a1)
200070a4:	00450513          	addi	a0,a0,4
200070a8:	fec042e3          	bgtz	a2,2000708c <swapfunc+0x14>
200070ac:	00008067          	ret
200070b0:	0005c683          	lbu	a3,0(a1)
200070b4:	0007c703          	lbu	a4,0(a5)
200070b8:	00158593          	addi	a1,a1,1
200070bc:	00178793          	addi	a5,a5,1
200070c0:	fed78fa3          	sb	a3,-1(a5)
200070c4:	fee58fa3          	sb	a4,-1(a1)
200070c8:	40f30733          	sub	a4,t1,a5
200070cc:	fee042e3          	bgtz	a4,200070b0 <swapfunc+0x38>
200070d0:	00008067          	ret

200070d4 <med3.constprop.0>:
200070d4:	fec10113          	addi	sp,sp,-20
200070d8:	00812623          	sw	s0,12(sp)
200070dc:	00912423          	sw	s1,8(sp)
200070e0:	00b12223          	sw	a1,4(sp)
200070e4:	00112823          	sw	ra,16(sp)
200070e8:	00050413          	mv	s0,a0
200070ec:	00c12023          	sw	a2,0(sp)
200070f0:	00068493          	mv	s1,a3
200070f4:	000680e7          	jalr	a3
200070f8:	00012583          	lw	a1,0(sp)
200070fc:	04055263          	bgez	a0,20007140 <med3.constprop.0+0x6c>
20007100:	00412503          	lw	a0,4(sp)
20007104:	000480e7          	jalr	s1
20007108:	02055063          	bgez	a0,20007128 <med3.constprop.0+0x54>
2000710c:	00412403          	lw	s0,4(sp)
20007110:	01012083          	lw	ra,16(sp)
20007114:	00040513          	mv	a0,s0
20007118:	00c12403          	lw	s0,12(sp)
2000711c:	00812483          	lw	s1,8(sp)
20007120:	01410113          	addi	sp,sp,20
20007124:	00008067          	ret
20007128:	00012583          	lw	a1,0(sp)
2000712c:	00040513          	mv	a0,s0
20007130:	000480e7          	jalr	s1
20007134:	fc055ee3          	bgez	a0,20007110 <med3.constprop.0+0x3c>
20007138:	00012403          	lw	s0,0(sp)
2000713c:	fd5ff06f          	j	20007110 <med3.constprop.0+0x3c>
20007140:	00412503          	lw	a0,4(sp)
20007144:	000480e7          	jalr	s1
20007148:	fca042e3          	bgtz	a0,2000710c <med3.constprop.0+0x38>
2000714c:	00012583          	lw	a1,0(sp)
20007150:	00040513          	mv	a0,s0
20007154:	000480e7          	jalr	s1
20007158:	fe0550e3          	bgez	a0,20007138 <med3.constprop.0+0x64>
2000715c:	fb5ff06f          	j	20007110 <med3.constprop.0+0x3c>

20007160 <qsort>:
20007160:	f8c10113          	addi	sp,sp,-116
20007164:	00c567b3          	or	a5,a0,a2
20007168:	00200713          	li	a4,2
2000716c:	06812623          	sw	s0,108(sp)
20007170:	06912423          	sw	s1,104(sp)
20007174:	06112823          	sw	ra,112(sp)
20007178:	00d12423          	sw	a3,8(sp)
2000717c:	0037f793          	andi	a5,a5,3
20007180:	00e12223          	sw	a4,4(sp)
20007184:	00050493          	mv	s1,a0
20007188:	00060413          	mv	s0,a2
2000718c:	00079863          	bnez	a5,2000719c <qsort+0x3c>
20007190:	ffc60793          	addi	a5,a2,-4
20007194:	00f037b3          	snez	a5,a5
20007198:	00f12223          	sw	a5,4(sp)
2000719c:	00012623          	sw	zero,12(sp)
200071a0:	028587b3          	mul	a5,a1,s0
200071a4:	00848733          	add	a4,s1,s0
200071a8:	00e12823          	sw	a4,16(sp)
200071ac:	00f48733          	add	a4,s1,a5
200071b0:	00e12e23          	sw	a4,28(sp)
200071b4:	00600713          	li	a4,6
200071b8:	0ab76663          	bltu	a4,a1,20007264 <qsort+0x104>
200071bc:	01012783          	lw	a5,16(sp)
200071c0:	01c12703          	lw	a4,28(sp)
200071c4:	04e7e063          	bltu	a5,a4,20007204 <qsort+0xa4>
200071c8:	00c12783          	lw	a5,12(sp)
200071cc:	4a079463          	bnez	a5,20007674 <qsort+0x514>
200071d0:	07012083          	lw	ra,112(sp)
200071d4:	06c12403          	lw	s0,108(sp)
200071d8:	06812483          	lw	s1,104(sp)
200071dc:	07410113          	addi	sp,sp,116
200071e0:	00008067          	ret
200071e4:	00412683          	lw	a3,4(sp)
200071e8:	00070593          	mv	a1,a4
200071ec:	00040613          	mv	a2,s0
200071f0:	00078513          	mv	a0,a5
200071f4:	00e12023          	sw	a4,0(sp)
200071f8:	e81ff0ef          	jal	20007078 <swapfunc>
200071fc:	00012703          	lw	a4,0(sp)
20007200:	04c0006f          	j	2000724c <qsort+0xec>
20007204:	01012783          	lw	a5,16(sp)
20007208:	0480006f          	j	20007250 <qsort+0xf0>
2000720c:	40878733          	sub	a4,a5,s0
20007210:	00078593          	mv	a1,a5
20007214:	00f12a23          	sw	a5,20(sp)
20007218:	00812783          	lw	a5,8(sp)
2000721c:	00070513          	mv	a0,a4
20007220:	00e12023          	sw	a4,0(sp)
20007224:	000780e7          	jalr	a5
20007228:	00012703          	lw	a4,0(sp)
2000722c:	01412783          	lw	a5,20(sp)
20007230:	02a05263          	blez	a0,20007254 <qsort+0xf4>
20007234:	00412683          	lw	a3,4(sp)
20007238:	fa0696e3          	bnez	a3,200071e4 <qsort+0x84>
2000723c:	00072603          	lw	a2,0(a4) # 1000000 <TotalFlashUsed+0xff888c>
20007240:	0007a683          	lw	a3,0(a5)
20007244:	00c7a023          	sw	a2,0(a5)
20007248:	00d72023          	sw	a3,0(a4)
2000724c:	00070793          	mv	a5,a4
20007250:	faf4eee3          	bltu	s1,a5,2000720c <qsort+0xac>
20007254:	01012783          	lw	a5,16(sp)
20007258:	008787b3          	add	a5,a5,s0
2000725c:	00f12823          	sw	a5,16(sp)
20007260:	f5dff06f          	j	200071bc <qsort+0x5c>
20007264:	0015d713          	srli	a4,a1,0x1
20007268:	02870733          	mul	a4,a4,s0
2000726c:	408787b3          	sub	a5,a5,s0
20007270:	00f487b3          	add	a5,s1,a5
20007274:	00f12023          	sw	a5,0(sp)
20007278:	00700793          	li	a5,7
2000727c:	00e48733          	add	a4,s1,a4
20007280:	08f58c63          	beq	a1,a5,20007318 <qsort+0x1b8>
20007284:	02800793          	li	a5,40
20007288:	12b7f263          	bgeu	a5,a1,200073ac <qsort+0x24c>
2000728c:	0035d593          	srli	a1,a1,0x3
20007290:	028587b3          	mul	a5,a1,s0
20007294:	00812683          	lw	a3,8(sp)
20007298:	00048513          	mv	a0,s1
2000729c:	00e12c23          	sw	a4,24(sp)
200072a0:	00f485b3          	add	a1,s1,a5
200072a4:	00f58633          	add	a2,a1,a5
200072a8:	00f12a23          	sw	a5,20(sp)
200072ac:	e29ff0ef          	jal	200070d4 <med3.constprop.0>
200072b0:	01812703          	lw	a4,24(sp)
200072b4:	01412783          	lw	a5,20(sp)
200072b8:	00812683          	lw	a3,8(sp)
200072bc:	00070593          	mv	a1,a4
200072c0:	00f70633          	add	a2,a4,a5
200072c4:	02a12023          	sw	a0,32(sp)
200072c8:	40f70533          	sub	a0,a4,a5
200072cc:	00f12c23          	sw	a5,24(sp)
200072d0:	e05ff0ef          	jal	200070d4 <med3.constprop.0>
200072d4:	01812783          	lw	a5,24(sp)
200072d8:	00012703          	lw	a4,0(sp)
200072dc:	00a12a23          	sw	a0,20(sp)
200072e0:	00812683          	lw	a3,8(sp)
200072e4:	00179513          	slli	a0,a5,0x1
200072e8:	40a70533          	sub	a0,a4,a0
200072ec:	00070613          	mv	a2,a4
200072f0:	00f505b3          	add	a1,a0,a5
200072f4:	de1ff0ef          	jal	200070d4 <med3.constprop.0>
200072f8:	01412703          	lw	a4,20(sp)
200072fc:	02012303          	lw	t1,32(sp)
20007300:	00050613          	mv	a2,a0
20007304:	00812683          	lw	a3,8(sp)
20007308:	00070593          	mv	a1,a4
2000730c:	00030513          	mv	a0,t1
20007310:	dc5ff0ef          	jal	200070d4 <med3.constprop.0>
20007314:	00050713          	mv	a4,a0
20007318:	00412783          	lw	a5,4(sp)
2000731c:	08079e63          	bnez	a5,200073b8 <qsort+0x258>
20007320:	00072683          	lw	a3,0(a4)
20007324:	0004a783          	lw	a5,0(s1)
20007328:	00d4a023          	sw	a3,0(s1)
2000732c:	00f72023          	sw	a5,0(a4)
20007330:	00012783          	lw	a5,0(sp)
20007334:	00848733          	add	a4,s1,s0
20007338:	00e12a23          	sw	a4,20(sp)
2000733c:	00f12c23          	sw	a5,24(sp)
20007340:	00000793          	li	a5,0
20007344:	00012683          	lw	a3,0(sp)
20007348:	0ee6ec63          	bltu	a3,a4,20007440 <qsort+0x2e0>
2000734c:	02f12223          	sw	a5,36(sp)
20007350:	00812783          	lw	a5,8(sp)
20007354:	00070513          	mv	a0,a4
20007358:	00048593          	mv	a1,s1
2000735c:	02e12023          	sw	a4,32(sp)
20007360:	000780e7          	jalr	a5
20007364:	02012703          	lw	a4,32(sp)
20007368:	02412783          	lw	a5,36(sp)
2000736c:	0ca04663          	bgtz	a0,20007438 <qsort+0x2d8>
20007370:	02051a63          	bnez	a0,200073a4 <qsort+0x244>
20007374:	00412783          	lw	a5,4(sp)
20007378:	04079c63          	bnez	a5,200073d0 <qsort+0x270>
2000737c:	01412783          	lw	a5,20(sp)
20007380:	00072683          	lw	a3,0(a4)
20007384:	01412603          	lw	a2,20(sp)
20007388:	0007a783          	lw	a5,0(a5)
2000738c:	00d62023          	sw	a3,0(a2)
20007390:	00f72023          	sw	a5,0(a4)
20007394:	01412783          	lw	a5,20(sp)
20007398:	008787b3          	add	a5,a5,s0
2000739c:	00f12a23          	sw	a5,20(sp)
200073a0:	00100793          	li	a5,1
200073a4:	00870733          	add	a4,a4,s0
200073a8:	f9dff06f          	j	20007344 <qsort+0x1e4>
200073ac:	00012603          	lw	a2,0(sp)
200073b0:	00048313          	mv	t1,s1
200073b4:	f51ff06f          	j	20007304 <qsort+0x1a4>
200073b8:	00412683          	lw	a3,4(sp)
200073bc:	00040613          	mv	a2,s0
200073c0:	00070593          	mv	a1,a4
200073c4:	00048513          	mv	a0,s1
200073c8:	cb1ff0ef          	jal	20007078 <swapfunc>
200073cc:	f65ff06f          	j	20007330 <qsort+0x1d0>
200073d0:	00412683          	lw	a3,4(sp)
200073d4:	01412503          	lw	a0,20(sp)
200073d8:	00070593          	mv	a1,a4
200073dc:	00040613          	mv	a2,s0
200073e0:	02e12023          	sw	a4,32(sp)
200073e4:	c95ff0ef          	jal	20007078 <swapfunc>
200073e8:	02012703          	lw	a4,32(sp)
200073ec:	fa9ff06f          	j	20007394 <qsort+0x234>
200073f0:	02051e63          	bnez	a0,2000742c <qsort+0x2cc>
200073f4:	00412783          	lw	a5,4(sp)
200073f8:	06079063          	bnez	a5,20007458 <qsort+0x2f8>
200073fc:	01812683          	lw	a3,24(sp)
20007400:	00012783          	lw	a5,0(sp)
20007404:	00012603          	lw	a2,0(sp)
20007408:	0006a683          	lw	a3,0(a3)
2000740c:	0007a783          	lw	a5,0(a5)
20007410:	00d62023          	sw	a3,0(a2)
20007414:	01812683          	lw	a3,24(sp)
20007418:	00f6a023          	sw	a5,0(a3)
2000741c:	01812783          	lw	a5,24(sp)
20007420:	408787b3          	sub	a5,a5,s0
20007424:	00f12c23          	sw	a5,24(sp)
20007428:	00100793          	li	a5,1
2000742c:	00012683          	lw	a3,0(sp)
20007430:	408686b3          	sub	a3,a3,s0
20007434:	00d12023          	sw	a3,0(sp)
20007438:	00012683          	lw	a3,0(sp)
2000743c:	02e6fe63          	bgeu	a3,a4,20007478 <qsort+0x318>
20007440:	12079263          	bnez	a5,20007564 <qsort+0x404>
20007444:	01012783          	lw	a5,16(sp)
20007448:	01c12703          	lw	a4,28(sp)
2000744c:	d6e7fee3          	bgeu	a5,a4,200071c8 <qsort+0x68>
20007450:	01012783          	lw	a5,16(sp)
20007454:	0fc0006f          	j	20007550 <qsort+0x3f0>
20007458:	00412683          	lw	a3,4(sp)
2000745c:	01812583          	lw	a1,24(sp)
20007460:	00012503          	lw	a0,0(sp)
20007464:	00040613          	mv	a2,s0
20007468:	02e12023          	sw	a4,32(sp)
2000746c:	c0dff0ef          	jal	20007078 <swapfunc>
20007470:	02012703          	lw	a4,32(sp)
20007474:	fa9ff06f          	j	2000741c <qsort+0x2bc>
20007478:	02f12223          	sw	a5,36(sp)
2000747c:	00012503          	lw	a0,0(sp)
20007480:	00812783          	lw	a5,8(sp)
20007484:	00048593          	mv	a1,s1
20007488:	02e12023          	sw	a4,32(sp)
2000748c:	000780e7          	jalr	a5
20007490:	02012703          	lw	a4,32(sp)
20007494:	02412783          	lw	a5,36(sp)
20007498:	f4055ce3          	bgez	a0,200073f0 <qsort+0x290>
2000749c:	00412783          	lw	a5,4(sp)
200074a0:	02079663          	bnez	a5,200074cc <qsort+0x36c>
200074a4:	00012683          	lw	a3,0(sp)
200074a8:	00072783          	lw	a5,0(a4)
200074ac:	0006a683          	lw	a3,0(a3)
200074b0:	00d72023          	sw	a3,0(a4)
200074b4:	00012683          	lw	a3,0(sp)
200074b8:	00f6a023          	sw	a5,0(a3)
200074bc:	00012783          	lw	a5,0(sp)
200074c0:	408787b3          	sub	a5,a5,s0
200074c4:	00f12023          	sw	a5,0(sp)
200074c8:	ed9ff06f          	j	200073a0 <qsort+0x240>
200074cc:	00412683          	lw	a3,4(sp)
200074d0:	00012583          	lw	a1,0(sp)
200074d4:	00070513          	mv	a0,a4
200074d8:	00040613          	mv	a2,s0
200074dc:	02e12023          	sw	a4,32(sp)
200074e0:	b99ff0ef          	jal	20007078 <swapfunc>
200074e4:	02012703          	lw	a4,32(sp)
200074e8:	fd5ff06f          	j	200074bc <qsort+0x35c>
200074ec:	00412683          	lw	a3,4(sp)
200074f0:	00070593          	mv	a1,a4
200074f4:	00040613          	mv	a2,s0
200074f8:	00078513          	mv	a0,a5
200074fc:	00e12023          	sw	a4,0(sp)
20007500:	b79ff0ef          	jal	20007078 <swapfunc>
20007504:	00012703          	lw	a4,0(sp)
20007508:	0440006f          	j	2000754c <qsort+0x3ec>
2000750c:	40878733          	sub	a4,a5,s0
20007510:	00078593          	mv	a1,a5
20007514:	00f12a23          	sw	a5,20(sp)
20007518:	00812783          	lw	a5,8(sp)
2000751c:	00070513          	mv	a0,a4
20007520:	00e12023          	sw	a4,0(sp)
20007524:	000780e7          	jalr	a5
20007528:	00012703          	lw	a4,0(sp)
2000752c:	01412783          	lw	a5,20(sp)
20007530:	02a05263          	blez	a0,20007554 <qsort+0x3f4>
20007534:	00412683          	lw	a3,4(sp)
20007538:	fa069ae3          	bnez	a3,200074ec <qsort+0x38c>
2000753c:	00072603          	lw	a2,0(a4)
20007540:	0007a683          	lw	a3,0(a5)
20007544:	00c7a023          	sw	a2,0(a5)
20007548:	00d72023          	sw	a3,0(a4)
2000754c:	00070793          	mv	a5,a4
20007550:	faf4eee3          	bltu	s1,a5,2000750c <qsort+0x3ac>
20007554:	01012783          	lw	a5,16(sp)
20007558:	008787b3          	add	a5,a5,s0
2000755c:	00f12823          	sw	a5,16(sp)
20007560:	ee5ff06f          	j	20007444 <qsort+0x2e4>
20007564:	01412783          	lw	a5,20(sp)
20007568:	01412683          	lw	a3,20(sp)
2000756c:	40f707b3          	sub	a5,a4,a5
20007570:	40968633          	sub	a2,a3,s1
20007574:	00c7d463          	bge	a5,a2,2000757c <qsort+0x41c>
20007578:	00078613          	mv	a2,a5
2000757c:	02060263          	beqz	a2,200075a0 <qsort+0x440>
20007580:	00412683          	lw	a3,4(sp)
20007584:	40c705b3          	sub	a1,a4,a2
20007588:	00048513          	mv	a0,s1
2000758c:	00f12a23          	sw	a5,20(sp)
20007590:	00e12823          	sw	a4,16(sp)
20007594:	ae5ff0ef          	jal	20007078 <swapfunc>
20007598:	01412783          	lw	a5,20(sp)
2000759c:	01012703          	lw	a4,16(sp)
200075a0:	01812683          	lw	a3,24(sp)
200075a4:	00012603          	lw	a2,0(sp)
200075a8:	40c68333          	sub	t1,a3,a2
200075ac:	01c12683          	lw	a3,28(sp)
200075b0:	01812603          	lw	a2,24(sp)
200075b4:	40c68633          	sub	a2,a3,a2
200075b8:	40860633          	sub	a2,a2,s0
200075bc:	00c37463          	bgeu	t1,a2,200075c4 <qsort+0x464>
200075c0:	00030613          	mv	a2,t1
200075c4:	02060463          	beqz	a2,200075ec <qsort+0x48c>
200075c8:	00f12023          	sw	a5,0(sp)
200075cc:	01c12783          	lw	a5,28(sp)
200075d0:	00412683          	lw	a3,4(sp)
200075d4:	00070513          	mv	a0,a4
200075d8:	40c785b3          	sub	a1,a5,a2
200075dc:	00612823          	sw	t1,16(sp)
200075e0:	a99ff0ef          	jal	20007078 <swapfunc>
200075e4:	01012303          	lw	t1,16(sp)
200075e8:	00012783          	lw	a5,0(sp)
200075ec:	01c12703          	lw	a4,28(sp)
200075f0:	40670733          	sub	a4,a4,t1
200075f4:	0067ee63          	bltu	a5,t1,20007610 <qsort+0x4b0>
200075f8:	00030693          	mv	a3,t1
200075fc:	00078313          	mv	t1,a5
20007600:	00068793          	mv	a5,a3
20007604:	00070693          	mv	a3,a4
20007608:	00048713          	mv	a4,s1
2000760c:	00068493          	mv	s1,a3
20007610:	08f47a63          	bgeu	s0,a5,200076a4 <qsort+0x544>
20007614:	0287d5b3          	divu	a1,a5,s0
20007618:	00c12783          	lw	a5,12(sp)
2000761c:	00700693          	li	a3,7
20007620:	02f6e863          	bltu	a3,a5,20007650 <qsort+0x4f0>
20007624:	00379793          	slli	a5,a5,0x3
20007628:	04078693          	addi	a3,a5,64
2000762c:	00c12783          	lw	a5,12(sp)
20007630:	02810613          	addi	a2,sp,40
20007634:	00c686b3          	add	a3,a3,a2
20007638:	00178793          	addi	a5,a5,1
2000763c:	fce6a023          	sw	a4,-64(a3)
20007640:	00f12623          	sw	a5,12(sp)
20007644:	02835333          	divu	t1,t1,s0
20007648:	fc66a223          	sw	t1,-60(a3)
2000764c:	b55ff06f          	j	200071a0 <qsort+0x40>
20007650:	00812683          	lw	a3,8(sp)
20007654:	00040613          	mv	a2,s0
20007658:	00048513          	mv	a0,s1
2000765c:	00e12823          	sw	a4,16(sp)
20007660:	00612023          	sw	t1,0(sp)
20007664:	afdff0ef          	jal	20007160 <qsort>
20007668:	00012303          	lw	t1,0(sp)
2000766c:	01012703          	lw	a4,16(sp)
20007670:	02646c63          	bltu	s0,t1,200076a8 <qsort+0x548>
20007674:	00c12783          	lw	a5,12(sp)
20007678:	02810693          	addi	a3,sp,40
2000767c:	fff78793          	addi	a5,a5,-1
20007680:	00f12623          	sw	a5,12(sp)
20007684:	00379793          	slli	a5,a5,0x3
20007688:	04078713          	addi	a4,a5,64
2000768c:	04078793          	addi	a5,a5,64
20007690:	00d70733          	add	a4,a4,a3
20007694:	00d787b3          	add	a5,a5,a3
20007698:	fc072483          	lw	s1,-64(a4)
2000769c:	fc47a583          	lw	a1,-60(a5)
200076a0:	b01ff06f          	j	200071a0 <qsort+0x40>
200076a4:	b26472e3          	bgeu	s0,t1,200071c8 <qsort+0x68>
200076a8:	028355b3          	divu	a1,t1,s0
200076ac:	00070493          	mv	s1,a4
200076b0:	af1ff06f          	j	200071a0 <qsort+0x40>

200076b4 <__fini_array_end>:
200076b4:	0010                	.insn	2, 0x0010
200076b6:	0000                	.insn	2, 0x
200076b8:	0000                	.insn	2, 0x
200076ba:	0000                	.insn	2, 0x
200076bc:	00527a03          	.insn	4, 0x00527a03
200076c0:	7c01                	.insn	2, 0x7c01
200076c2:	0101                	.insn	2, 0x0101
200076c4:	00020d1b          	.insn	4, 0x00020d1b
200076c8:	0058                	.insn	2, 0x0058
200076ca:	0000                	.insn	2, 0x
200076cc:	0018                	.insn	2, 0x0018
200076ce:	0000                	.insn	2, 0x
200076d0:	f4c4                	.insn	2, 0xf4c4
200076d2:	ffff                	.insn	2, 0xffff
200076d4:	04c0                	.insn	2, 0x04c0
200076d6:	0000                	.insn	2, 0x
200076d8:	4400                	.insn	2, 0x4400
200076da:	080e                	.insn	2, 0x080e
200076dc:	8850                	.insn	2, 0x8850
200076de:	0201                	.insn	2, 0x0201
200076e0:	c8d4                	.insn	2, 0xc8d4
200076e2:	0e50                	.insn	2, 0x0e50
200076e4:	4400                	.insn	2, 0x4400
200076e6:	080e                	.insn	2, 0x080e
200076e8:	0a50                	.insn	2, 0x0a50
200076ea:	000e                	.insn	2, 0x000e
200076ec:	0b44                	.insn	2, 0x0b44
200076ee:	5002                	.insn	2, 0x5002
200076f0:	0188                	.insn	2, 0x0188
200076f2:	c002                	.insn	2, 0xc002
200076f4:	c80a                	.insn	2, 0xc80a
200076f6:	0e4c                	.insn	2, 0x0e4c
200076f8:	4400                	.insn	2, 0x4400
200076fa:	c8dc020b          	.insn	4, 0xc8dc020b
200076fe:	8864                	.insn	2, 0x8864
20007700:	5401                	.insn	2, 0x5401
20007702:	0289                	.insn	2, 0x0289
20007704:	dc02                	.insn	2, 0xdc02
20007706:	c80a                	.insn	2, 0xc80a
20007708:	c944                	.insn	2, 0xc944
2000770a:	0b4c                	.insn	2, 0x0b4c
2000770c:	c85c                	.insn	2, 0xc85c
2000770e:	c944                	.insn	2, 0xc944
20007710:	884c                	.insn	2, 0x884c
20007712:	5401                	.insn	2, 0x5401
20007714:	4cc8                	.insn	2, 0x4cc8
20007716:	0188                	.insn	2, 0x0188
20007718:	8948                	.insn	2, 0x8948
2000771a:	4802                	.insn	2, 0x4802
2000771c:	48c9                	.insn	2, 0x48c9
2000771e:	0289                	.insn	2, 0x0289
20007720:	c948                	.insn	2, 0xc948
	...
